time,price,dex,dexRaw
00:00:00,7483.23,6.6978993,6.6978995e+09
00:00:05,7483.23,7.717392,7.717392e+09
00:00:30,7483.23,6.6886735,6.6886733e+09
00:00:35,7483.23,7.717392,7.717392e+09
00:01:00,7483.23,6.6886735,6.6886733e+09
00:01:05,7483.23,7.7274284,7.7274286e+09
00:01:30,7483.23,6.732873,6.7328727e+09
00:01:35,7483.23,7.7274284,7.7274286e+09
00:02:00,7483.23,6.732873,6.7328727e+09
00:02:05,7483.23,7.751566,7.751566e+09
00:02:30,7483.23,6.6878295,6.6878295e+09
00:02:35,7483.23,7.751566,7.751566e+09
00:03:00,7483.23,6.6878295,6.6878295e+09
00:03:05,7483.23,7.721506,7.7215063e+09
00:03:30,7483.23,6.684798,6.6847974e+09
00:03:35,7483.23,7.721506,7.7215063e+09
00:04:00,7483.23,6.684798,6.6847974e+09
00:04:05,7483.23,7.734723,7.734723e+09
00:04:30,7483.23,6.728509,6.728509e+09
00:04:35,7483.23,7.734723,7.734723e+09
00:05:00,7483.23,6.728509,6.728509e+09
00:05:05,7483.23,7.7489653,7.748965e+09
00:05:30,7483.23,6.7225637,6.722564e+09
00:05:35,7483.23,7.7489653,7.748965e+09
00:06:00,7483.23,6.7225637,6.722564e+09
00:06:05,7483.23,7.759417,7.759417e+09
00:06:30,7483.23,6.7237763,6.7237765e+09
00:06:35,7483.23,7.759417,7.759417e+09
00:07:00,7483.23,6.7237763,6.7237765e+09
00:07:05,7483.23,7.7426977,7.742698e+09
00:07:30,7483.23,6.722449,6.7224484e+09
00:07:35,7483.23,7.7426977,7.742698e+09
00:08:00,7483.23,6.722449,6.7224484e+09
00:08:05,7483.23,7.7482405,7.7482404e+09
00:08:30,7483.23,6.7388144,6.7388145e+09
00:08:35,7483.23,7.7482405,7.7482404e+09
00:09:00,7483.23,6.7388144,6.7388145e+09
00:09:05,7483.23,7.7602186,7.7602186e+09
00:09:30,7483.23,6.7280693,6.7280696e+09
00:09:35,7483.23,7.7602186,7.7602186e+09
00:10:00,7483.23,6.7280693,6.7280696e+09
00:10:05,7483.23,7.7721133,7.7721134e+09
00:10:30,7483.23,6.759277,6.759277e+09
00:10:35,7483.23,7.7721133,7.7721134e+09
00:11:00,7483.23,6.759277,6.759277e+09
00:11:05,7483.23,7.781671,7.7816714e+09
00:11:30,7483.23,6.822182,6.8221824e+09
00:11:35,7483.23,7.781671,7.7816714e+09
00:12:00,7483.23,6.822182,6.8221824e+09
00:12:05,7483.23,7.8725624,7.872562e+09
00:12:30,7483.23,6.870529,6.870529e+09
00:12:35,7483.23,7.8725624,7.872562e+09
00:13:00,7483.23,6.870529,6.870529e+09
00:13:05,7483.23,7.8539634,7.853964e+09
00:13:30,7483.23,6.8539987,6.8539986e+09
00:13:35,7483.23,7.8539634,7.853964e+09
00:14:00,7483.23,6.8539987,6.8539986e+09
00:14:05,7483.23,7.868105,7.8681047e+09
00:14:30,7483.23,6.871092,6.8710917e+09
00:14:35,7483.23,7.868105,7.8681047e+09
00:15:00,7483.23,6.871092,6.8710917e+09
00:15:05,7483.23,7.904565,7.9045647e+09
00:15:30,7483.23,6.9444795,6.9444797e+09
00:15:35,7483.23,7.904565,7.9045647e+09
00:16:00,7483.23,6.9444795,6.9444797e+09
00:16:05,7483.23,7.963135,7.963135e+09
00:16:30,7483.23,6.9229307,6.9229307e+09
00:16:35,7483.23,7.963135,7.963135e+09
00:17:00,7483.23,6.9229307,6.9229307e+09
00:17:05,7483.23,7.9948955,7.9948954e+09
00:17:30,7483.23,6.934447,6.934447e+09
00:17:35,7483.23,7.9948955,7.9948954e+09
00:18:00,7483.23,6.934447,6.934447e+09
00:18:05,7483.23,7.959025,7.9590246e+09
00:18:30,7483.23,6.9895525,6.989552e+09
00:18:35,7483.23,7.959025,7.9590246e+09
00:19:00,7483.23,6.9895525,6.989552e+09
00:19:05,7483.23,8.003672,8.0036716e+09
00:19:30,7483.23,6.9882464,6.9882465e+09
00:19:35,7483.23,8.003672,8.0036716e+09
00:20:00,7483.23,6.9882464,6.9882465e+09
00:20:05,7483.23,7.993292,7.993292e+09
00:20:30,7483.23,7.0286536,7.0286536e+09
00:20:35,7483.23,7.993292,7.993292e+09
00:21:00,7483.23,7.0286536,7.0286536e+09
00:21:05,7483.23,8.053542,8.0535424e+09
00:21:30,7483.23,7.0425615,7.0425615e+09
00:21:35,7483.23,8.053542,8.0535424e+09
00:22:00,7483.23,7.0425615,7.0425615e+09
00:22:05,7483.23,7.9939113,7.9939113e+09
00:22:30,7483.23,6.988225,6.988225e+09
00:22:35,7483.23,7.9939113,7.9939113e+09
00:23:00,7483.23,6.988225,6.988225e+09
00:23:05,7483.23,8.019226,8.019226e+09
00:23:30,7483.23,7.0088234,7.0088233e+09
00:23:35,7483.23,8.019226,8.019226e+09
00:24:00,7483.23,7.0088234,7.0088233e+09
00:24:05,7483.23,8.018936,8.0189363e+09
00:24:30,7483.23,6.94902,6.94902e+09
00:24:35,7483.23,8.018936,8.0189363e+09
00:25:00,7483.23,6.94902,6.94902e+09
00:25:05,7483.23,7.9522996,7.9522995e+09
00:25:30,7483.23,6.9261045,6.9261046e+09
00:25:35,7483.23,7.9522996,7.9522995e+09
00:26:00,7483.23,6.9261045,6.9261046e+09
00:26:05,7483.23,7.929621,7.9296215e+09
00:26:30,7483.23,6.9108524,6.9108526e+09
00:26:35,7483.23,7.929621,7.9296215e+09
00:27:00,7483.23,6.9108524,6.9108526e+09
00:27:05,7483.23,7.9013915,7.9013914e+09
00:27:30,7483.23,6.9433227,6.9433226e+09
00:27:35,7483.23,7.9013915,7.9013914e+09
00:28:00,7483.23,6.9433227,6.9433226e+09
00:28:05,7483.23,7.938275,7.938275e+09
00:28:30,7483.23,6.898215,6.898215e+09
00:28:35,7483.23,7.938275,7.938275e+09
00:29:00,7483.23,6.898215,6.898215e+09
00:29:05,7483.23,7.8997273,7.8997274e+09
00:29:30,7483.23,6.904268,6.904268e+09
00:29:35,7483.23,7.8997273,7.8997274e+09
00:30:00,7483.23,6.904268,6.904268e+09
00:30:05,7483.23,7.909491,7.909491e+09
00:30:30,7483.23,6.965941,6.9659407e+09
00:30:35,7483.23,7.909491,7.909491e+09
00:31:00,7483.23,6.965941,6.9659407e+09
00:31:05,7483.23,7.982872,7.982872e+09
00:31:30,7483.23,6.9884477,6.9884477e+09
00:31:35,7483.23,7.982872,7.982872e+09
00:32:00,7483.23,6.9884477,6.9884477e+09
00:32:05,7483.23,8.052057,8.052057e+09
00:32:30,7483.23,7.068038,7.0680376e+09
00:32:35,7483.23,8.052057,8.052057e+09
00:33:00,7483.23,7.068038,7.0680376e+09
00:33:05,7483.23,8.054921,8.054921e+09
00:33:30,7483.23,7.0697746,7.0697743e+09
00:33:35,7483.23,8.054921,8.054921e+09
00:34:00,7483.23,7.0697746,7.0697743e+09
00:34:05,7483.23,8.0646925,8.0646927e+09
00:34:30,7483.23,7.126746,7.126746e+09
00:34:35,7483.23,8.0646925,8.0646927e+09
00:35:00,7483.23,7.126746,7.126746e+09
00:35:05,7483.23,8.150016,8.1500155e+09
00:35:30,7483.23,7.132336,7.132336e+09
00:35:35,7483.23,8.150016,8.1500155e+09
00:36:00,7483.23,7.132336,7.132336e+09
00:36:05,7483.23,8.144783,8.144783e+09
00:36:30,7483.23,7.132336,7.132336e+09
00:36:35,7483.23,8.144783,8.144783e+09
00:37:00,7483.23,7.1594715,7.1594716e+09
00:37:05,7483.23,8.177162,8.177163e+09
00:37:30,7483.23,7.1594715,7.1594716e+09
00:37:35,7483.23,8.177162,8.177163e+09
00:38:00,7483.23,7.197079,7.197079e+09
00:38:05,7483.23,8.174931,8.174931e+09
00:38:30,7483.23,7.197079,7.197079e+09
00:38:35,7483.23,8.174931,8.174931e+09
00:39:00,7483.23,7.171743,7.1717427e+09
00:39:05,7483.23,8.254553,8.254553e+09
00:39:30,7483.23,7.171743,7.1717427e+09
00:39:35,7483.23,8.254553,8.254553e+09
00:40:00,7483.23,7.234219,7.234219e+09
00:40:05,7483.23,8.264191,8.2641905e+09
00:40:30,7483.23,7.234219,7.234219e+09
00:40:35,7483.23,8.264191,8.2641905e+09
00:41:00,7483.23,7.334343,7.334343e+09
00:41:05,7483.23,8.230553,8.2305526e+09
00:41:30,7483.23,7.334343,7.334343e+09
00:41:35,7483.23,8.230553,8.2305526e+09
00:42:00,7483.23,7.2354755,7.2354755e+09
00:42:05,7483.23,8.352284,8.3522847e+09
00:42:30,7483.23,7.2354755,7.2354755e+09
00:42:35,7483.23,8.352284,8.3522847e+09
00:43:00,7483.23,7.3626156,7.362616e+09
00:43:05,7483.23,8.340246,8.3402465e+09
00:43:30,7483.23,7.3626156,7.362616e+09
00:43:35,7483.23,8.340246,8.3402465e+09
00:44:00,7483.23,7.2903132,7.290313e+09
00:44:05,7483.23,8.307682,8.307682e+09
00:44:30,7483.23,7.2903132,7.290313e+09
00:44:35,7483.23,8.307682,8.307682e+09
00:45:00,7483.23,7.3570476,7.3570473e+09
00:45:05,7483.23,8.353868,8.3538673e+09
00:45:30,7483.23,7.3570476,7.3570473e+09
00:45:35,7483.23,8.353868,8.3538673e+09
00:46:00,7483.23,7.408813,7.4088125e+09
00:46:05,7483.23,8.383633,8.383633e+09
00:46:30,7483.23,7.408813,7.4088125e+09
00:46:35,7483.23,8.383633,8.383633e+09
00:47:00,7483.23,7.2786584,7.2786586e+09
00:47:05,7483.23,8.215999,8.215999e+09
00:47:30,7483.23,7.2786584,7.2786586e+09
00:47:35,7483.23,8.215999,8.215999e+09
00:48:00,7483.23,7.2636375,7.2636375e+09
00:48:05,7483.23,8.267878,8.2678774e+09
00:48:30,7483.23,7.2636375,7.2636375e+09
00:48:35,7483.23,8.267878,8.2678774e+09
00:49:00,7483.23,7.406501,7.406501e+09
00:49:05,7483.23,8.374996,8.374996e+09
00:49:30,7483.23,7.406501,7.406501e+09
00:49:35,7483.23,8.374996,8.374996e+09
00:50:00,7483.23,7.448996,7.448996e+09
00:50:05,7483.23,8.417111,8.4171116e+09
00:50:30,7483.23,7.448996,7.448996e+09
00:50:35,7483.23,8.417111,8.4171116e+09
00:51:00,7483.23,7.3390756,7.3390756e+09
00:51:05,7483.23,8.328755,8.328755e+09
00:51:30,7483.23,7.3390756,7.3390756e+09
00:51:35,7483.23,8.328755,8.328755e+09
00:52:00,7483.23,7.2531495,7.2531497e+09
00:52:05,7483.23,8.198637,8.1986365e+09
00:52:30,7483.23,7.2531495,7.2531497e+09
00:52:35,7483.23,8.198637,8.1986365e+09
00:53:00,7483.23,7.2095265,7.2095263e+09
00:53:05,7483.23,8.197816,8.197816e+09
00:53:30,7483.23,7.2095265,7.2095263e+09
00:53:35,7483.23,8.197816,8.197816e+09
00:54:00,7483.23,7.229818,7.229818e+09
00:54:05,7483.23,8.191559,8.1915587e+09
00:54:30,7483.23,7.229818,7.229818e+09
00:54:35,7483.23,8.191559,8.1915587e+09
00:55:00,7483.23,7.196429,7.196429e+09
00:55:05,7483.23,8.163639,8.1636393e+09
00:55:30,7483.23,7.196429,7.196429e+09
00:55:35,7483.23,8.163639,8.1636393e+09
00:56:00,7483.23,7.121925,7.121925e+09
00:56:05,7483.23,8.057502,8.057502e+09
00:56:30,7483.23,7.121925,7.121925e+09
00:56:35,7483.23,8.057502,8.057502e+09
00:57:00,7483.23,7.067797,7.067797e+09
00:57:05,7483.23,8.093105,8.0931057e+09
00:57:30,7483.23,7.067797,7.067797e+09
00:57:35,7483.23,8.093105,8.0931057e+09
00:58:00,7483.23,7.054509,7.0545096e+09
00:58:05,7483.23,8.054709,8.054709e+09
00:58:30,7483.23,7.054509,7.0545096e+09
00:58:35,7483.23,8.054709,8.054709e+09
00:59:00,7483.23,7.0331216,7.0331213e+09
00:59:05,7483.23,8.041471,8.041471e+09
00:59:30,7483.23,7.0331216,7.0331213e+09
00:59:35,7483.23,8.041471,8.041471e+09
01:00:00,7483.23,7.036127,7.036127e+09
01:00:05,7483.23,8.063043,8.0630426e+09
01:00:30,7483.23,7.036127,7.036127e+09
01:00:35,7483.23,8.063043,8.0630426e+09
01:01:00,7483.23,7.0963807,7.096381e+09
01:01:05,7483.23,8.103511,8.103511e+09
01:01:30,7483.23,7.0963807,7.096381e+09
01:01:35,7483.23,8.103511,8.103511e+09
01:02:00,7483.23,7.156596,7.156596e+09
01:02:05,7483.23,8.116484,8.116484e+09
01:02:30,7483.23,7.156596,7.156596e+09
01:02:35,7483.23,8.116484,8.116484e+09
01:03:00,7483.23,7.0573564,7.0573563e+09
01:03:05,7483.23,8.07667,8.07667e+09
01:03:30,7483.23,7.0573564,7.0573563e+09
01:03:35,7483.23,8.07667,8.07667e+09
01:04:00,7483.23,7.0637317,7.0637317e+09
01:04:05,7483.23,8.000602,8.0006016e+09
01:04:30,7483.23,7.0637317,7.0637317e+09
01:04:35,7483.23,8.000602,8.0006016e+09
01:05:00,7483.23,6.972654,6.9726536e+09
01:05:05,7483.23,7.9370914,7.937091e+09
01:05:30,7483.23,6.972654,6.9726536e+09
01:05:35,7483.23,7.9370914,7.937091e+09
01:06:00,7483.23,6.9248977,6.924898e+09
01:06:05,7483.23,7.939123,7.939123e+09
01:06:30,7483.23,6.9248977,6.924898e+09
01:06:35,7483.23,7.939123,7.939123e+09
01:07:00,7483.23,6.9119377,6.9119375e+09
01:07:05,7483.23,7.9123907,7.912391e+09
01:07:30,7483.23,6.9119377,6.9119375e+09
01:07:35,7483.23,7.9123907,7.912391e+09
01:08:00,7483.23,6.921861,6.921861e+09
01:08:05,7483.23,7.894257,7.894257e+09
01:08:30,7483.23,6.921861,6.921861e+09
01:08:35,7483.23,7.894257,7.894257e+09
01:09:00,7483.23,6.8496027,6.849603e+09
01:09:05,7483.23,7.892973,7.892973e+09
01:09:30,7483.23,6.8496027,6.849603e+09
01:09:35,7483.23,7.892973,7.892973e+09
01:10:00,7483.23,6.840792,6.840792e+09
01:10:05,7483.23,7.879668,7.879668e+09
01:10:30,7483.23,6.840792,6.840792e+09
01:10:35,7483.23,7.879668,7.879668e+09
01:11:00,7483.23,6.827669,6.8276695e+09
01:11:05,7483.23,7.836097,7.836097e+09
01:11:30,7483.23,6.827669,6.8276695e+09
01:11:35,7483.23,7.836097,7.836097e+09
01:12:00,7483.23,6.8028655,6.8028657e+09
01:12:05,7483.23,7.82288,7.8228797e+09
01:12:30,7483.23,6.8028655,6.8028657e+09
01:12:35,7483.23,7.82288,7.8228797e+09
01:13:00,7483.23,6.813732,6.8137324e+09
01:13:05,7483.23,7.8466196,7.8466196e+09
01:13:30,7483.23,6.813732,6.8137324e+09
01:13:35,7483.23,7.8466196,7.8466196e+09
01:14:00,7483.23,6.8493223,6.849322e+09
01:14:05,7483.23,7.8371453,7.8371456e+09
01:14:30,7483.23,6.8493223,6.849322e+09
01:14:35,7483.23,7.8371453,7.8371456e+09
01:15:00,7483.23,6.8488655,6.848866e+09
01:15:05,7483.23,7.845318,7.8453176e+09
01:15:30,7483.23,6.8488655,6.848866e+09
01:15:35,7483.23,7.845318,7.8453176e+09
01:16:00,7483.23,6.8303866,6.830386e+09
01:16:05,7483.23,7.81172,7.8117197e+09
01:16:30,7483.23,6.8303866,6.830386e+09
01:16:35,7483.23,7.81172,7.8117197e+09
01:17:00,7483.23,6.8187876,6.8187873e+09
01:17:05,7483.23,7.860715,7.860715e+09
01:17:30,7483.23,6.8187876,6.8187873e+09
01:17:35,7483.23,7.860715,7.860715e+09
01:18:00,7483.23,6.8494935,6.8494935e+09
01:18:05,7483.23,7.878031,7.878031e+09
01:18:30,7483.23,6.8494935,6.8494935e+09
01:18:35,7483.23,7.878031,7.878031e+09
01:19:00,7483.23,6.830356,6.8303565e+09
01:19:05,7483.23,7.852277,7.8522767e+09
01:19:30,7483.23,6.830356,6.8303565e+09
01:19:35,7483.23,7.852277,7.8522767e+09
01:20:00,7483.23,6.839892,6.8398915e+09
01:20:05,7483.23,7.8485765,7.8485765e+09
01:20:30,7483.23,6.839892,6.8398915e+09
01:20:35,7483.23,7.8485765,7.8485765e+09
01:21:00,7483.23,6.792219,6.792219e+09
01:21:05,7483.23,7.781657,7.7816576e+09
01:21:30,7483.23,6.792219,6.792219e+09
01:21:35,7483.23,7.781657,7.7816576e+09
01:22:00,7483.23,6.76797,6.7679703e+09
01:22:05,7483.23,7.815512,7.815512e+09
01:22:30,7483.23,6.76797,6.7679703e+09
01:22:35,7483.23,7.815512,7.815512e+09
01:23:00,7483.23,6.770789,6.7707894e+09
01:23:05,7483.23,7.7966266,7.7966264e+09
01:23:30,7483.23,6.770789,6.7707894e+09
01:23:35,7483.23,7.7966266,7.7966264e+09
01:24:00,7483.23,6.8065867,6.8065864e+09
01:24:05,7483.23,7.8595686,7.859568e+09
01:24:30,7483.23,6.8065867,6.8065864e+09
01:24:35,7483.23,7.8595686,7.859568e+09
01:25:00,7483.23,6.8248177,6.8248177e+09
01:25:05,7483.23,7.8155,7.8155e+09
01:25:30,7483.23,6.8248177,6.8248177e+09
01:25:35,7483.23,7.8155,7.8155e+09
01:26:00,7483.23,6.843933,6.8439327e+09
01:26:05,7483.23,7.8399363,7.839936e+09
01:26:30,7483.23,6.843933,6.8439327e+09
01:26:35,7483.23,7.8399363,7.839936e+09
01:27:00,7483.23,6.814963,6.8149627e+09
01:27:05,7483.23,7.857551,7.857551e+09
01:27:30,7483.23,6.814963,6.8149627e+09
01:27:35,7483.23,7.857551,7.857551e+09
01:28:00,7483.23,6.8144917,6.8144916e+09
01:28:05,7483.23,7.8124456,7.8124457e+09
01:28:30,7483.23,6.8144917,6.8144916e+09
01:28:35,7483.23,7.8124456,7.8124457e+09
01:29:00,7483.23,6.7937827,6.793783e+09
01:29:05,7483.23,7.8273273,7.827327e+09
01:29:30,7483.23,6.7937827,6.793783e+09
01:29:35,7483.23,7.8273273,7.827327e+09
01:30:00,7483.23,6.8439026,6.8439025e+09
01:30:05,7483.23,7.897153,7.897153e+09
01:30:30,7483.23,6.8439026,6.8439025e+09
01:30:35,7483.23,7.897153,7.897153e+09
01:31:00,7483.23,6.944265,6.9442647e+09
01:31:05,7483.23,7.9010744,7.9010744e+09
01:31:30,7483.23,6.944265,6.9442647e+09
01:31:35,7483.23,7.9010744,7.9010744e+09
01:32:00,7483.23,6.9508805,6.9508803e+09
01:32:05,7483.23,7.962948,7.962948e+09
01:32:30,7483.23,6.9508805,6.9508803e+09
01:32:35,7483.23,7.962948,7.962948e+09
01:33:00,7483.23,6.964737,6.964737e+09
01:33:05,7483.23,8.021745,8.021745e+09
01:33:30,7483.23,6.964737,6.964737e+09
01:33:35,7483.23,8.021745,8.021745e+09
01:34:00,7483.23,6.9907107,6.990711e+09
01:34:05,7483.23,7.990769,7.990769e+09
01:34:30,7483.23,6.9907107,6.990711e+09
01:34:35,7483.23,7.990769,7.990769e+09
01:35:00,7483.23,6.985984,6.9859835e+09
01:35:05,7483.23,8.000277,8.0002765e+09
01:35:30,7483.23,6.985984,6.9859835e+09
01:35:35,7483.23,8.000277,8.0002765e+09
01:36:00,7483.23,7.021877,7.0218767e+09
01:36:05,7483.23,8.046041,8.04604e+09
01:36:30,7483.23,7.021877,7.0218767e+09
01:36:35,7483.23,8.046041,8.04604e+09
01:37:00,7483.23,7.0978837,7.0978836e+09
01:37:05,7483.23,8.098048,8.098048e+09
01:37:30,7483.23,7.0978837,7.0978836e+09
01:37:35,7483.23,8.098048,8.098048e+09
01:38:00,7483.23,7.058592,7.0585917e+09
01:38:05,7483.23,8.050471,8.0504714e+09
01:38:30,7483.23,7.058592,7.0585917e+09
01:38:35,7483.23,8.050471,8.0504714e+09
01:39:00,7483.23,7.090055,7.090055e+09
01:39:05,7483.23,8.119735,8.119735e+09
01:39:30,7483.23,7.090055,7.090055e+09
01:39:35,7483.23,8.119735,8.119735e+09
01:40:00,7483.23,7.1449356,7.144936e+09
01:40:05,7483.23,8.255071,8.2550707e+09
01:40:30,7483.23,7.1449356,7.144936e+09
01:40:35,7483.23,8.255071,8.2550707e+09
01:41:00,7483.23,7.284748,7.2847483e+09
01:41:05,7483.23,8.2254925,8.225492e+09
01:41:30,7483.23,7.284748,7.2847483e+09
01:41:35,7483.23,8.2254925,8.225492e+09
01:42:00,7483.23,7.3784513,7.3784515e+09
01:42:05,7483.23,8.1783285,8.1783286e+09
01:42:30,7483.23,7.3784513,7.3784515e+09
01:42:35,7483.23,8.1783285,8.1783286e+09
01:43:00,7483.23,7.2161145,7.2161147e+09
01:43:05,7483.23,8.3977585,8.397759e+09
01:43:30,7483.23,7.2161145,7.2161147e+09
01:43:35,7483.23,8.3977585,8.397759e+09
01:44:00,7483.23,7.4010615,7.4010614e+09
01:44:05,7483.23,8.26434,8.2643405e+09
01:44:30,7483.23,7.4010615,7.4010614e+09
01:44:35,7483.23,8.26434,8.2643405e+09
01:45:00,7483.23,7.2953057,7.2953057e+09
01:45:05,7483.23,8.306084,8.3060833e+09
01:45:30,7483.23,7.2953057,7.2953057e+09
01:45:35,7483.23,8.306084,8.3060833e+09
01:46:00,7483.23,7.343344,7.343344e+09
01:46:05,7483.23,8.262651,8.262652e+09
01:46:30,7483.23,7.343344,7.343344e+09
01:46:35,7483.23,8.262651,8.262652e+09
01:47:00,7483.23,7.296587,7.2965873e+09
01:47:05,7483.23,8.390314,8.390314e+09
01:47:30,7483.23,7.296587,7.2965873e+09
01:47:35,7483.23,8.390314,8.390314e+09
01:48:00,7483.23,7.384884,7.384884e+09
01:48:05,7483.23,8.469989,8.4699884e+09
01:48:30,7483.23,7.384884,7.384884e+09
01:48:35,7483.23,8.469989,8.4699884e+09
01:49:00,7483.23,7.5437274,7.5437276e+09
01:49:05,7483.23,8.455361,8.4553615e+09
01:49:30,7483.23,7.5437274,7.5437276e+09
01:49:35,7483.23,8.455361,8.4553615e+09
01:50:00,7483.23,7.516506,7.516506e+09
01:50:05,7483.23,8.529933,8.529933e+09
01:50:30,7483.23,7.516506,7.516506e+09
01:50:35,7483.23,8.529933,8.529933e+09
01:51:00,7483.23,7.3591905,7.3591905e+09
01:51:05,7483.23,8.37469,8.3746903e+09
01:51:30,7483.23,7.3591905,7.3591905e+09
01:51:35,7483.23,8.37469,8.3746903e+09
01:52:00,7483.23,7.33407,7.3340703e+09
01:52:05,7483.23,8.341652,8.341652e+09
01:52:30,7483.23,7.33407,7.3340703e+09
01:52:35,7483.23,8.341652,8.341652e+09
01:53:00,7483.23,7.425927,7.425927e+09
01:53:05,7483.23,8.441115,8.4411156e+09
01:53:30,7483.23,7.425927,7.425927e+09
01:53:35,7483.23,8.441115,8.4411156e+09
01:54:00,7483.23,7.435797,7.435797e+09
01:54:05,7483.23,8.36285,8.362851e+09
01:54:30,7483.23,7.435797,7.435797e+09
01:54:35,7483.23,8.36285,8.362851e+09
01:55:00,7483.23,7.4038367,7.403837e+09
01:55:05,7483.23,8.4439945,8.4439946e+09
01:55:30,7483.23,7.4038367,7.403837e+09
01:55:35,7483.23,8.4439945,8.4439946e+09
01:56:00,7483.23,7.415496,7.4154957e+09
01:56:05,7483.23,8.393873,8.3938734e+09
01:56:30,7483.23,7.415496,7.4154957e+09
01:56:35,7483.23,8.393873,8.3938734e+09
01:57:00,7483.23,7.373329,7.3733294e+09
01:57:05,7483.23,8.384676,8.3846764e+09
01:57:30,7483.23,7.373329,7.3733294e+09
01:57:35,7483.23,8.384676,8.3846764e+09
01:58:00,7483.23,7.3726506,7.3726505e+09
01:58:05,7483.23,8.378726,8.3787264e+09
01:58:30,7483.23,7.3726506,7.3726505e+09
01:58:35,7483.23,8.378726,8.3787264e+09
01:59:00,7483.23,7.3686357,7.368636e+09
01:59:05,7483.23,8.45491,8.454911e+09
01:59:30,7483.23,7.3686357,7.368636e+09
01:59:35,7483.23,8.45491,8.454911e+09
02:00:00,7483.23,7.4963903,7.4963907e+09
02:00:05,7483.23,8.45491,8.454911e+09
02:00:30,7483.23,7.4963903,7.4963907e+09
02:00:35,7483.23,8.54711,8.54711e+09
02:01:00,7483.23,7.4196105,7.4196106e+09
02:01:05,7483.23,8.54711,8.54711e+09
02:01:30,7483.23,7.4196105,7.4196106e+09
02:01:35,7483.23,8.45819,8.45819e+09
02:02:00,7483.23,7.475624,7.475624e+09
02:02:05,7483.23,8.45819,8.45819e+09
02:02:30,7483.23,7.475624,7.475624e+09
02:02:35,7483.23,8.656735,8.656735e+09
02:03:00,7483.23,7.7086873,7.7086874e+09
02:03:05,7483.23,8.656735,8.656735e+09
02:03:30,7483.23,7.7086873,7.7086874e+09
02:03:35,7483.23,8.543672,8.5436713e+09
02:04:00,7483.23,7.666263,7.666263e+09
02:04:05,7483.23,8.543672,8.5436713e+09
02:04:30,7483.23,7.666263,7.666263e+09
02:04:35,7483.23,8.715561,8.715561e+09
02:05:00,7483.23,7.8357406,7.8357407e+09
02:05:05,7483.23,8.715561,8.715561e+09
02:05:30,7483.23,7.8357406,7.8357407e+09
02:05:35,7483.23,8.9511795,8.951179e+09
02:06:00,7483.23,8.067882,8.0678815e+09
02:06:05,7483.23,8.9511795,8.951179e+09
02:06:30,7483.23,8.067882,8.0678815e+09
02:06:35,7483.23,8.875018,8.875018e+09
02:07:00,7483.23,7.9908743,7.990874e+09
02:07:05,7483.23,8.875018,8.875018e+09
02:07:30,7483.23,7.9908743,7.990874e+09
02:07:35,7483.23,8.8009205,8.800921e+09
02:08:00,7483.23,7.8502884,7.850288e+09
02:08:05,7483.23,8.8009205,8.800921e+09
02:08:30,7483.23,7.8502884,7.850288e+09
02:08:35,7483.23,9.028097,9.028097e+09
02:09:00,7483.23,8.325351,8.3253504e+09
02:09:05,7483.23,9.028097,9.028097e+09
02:09:30,7483.23,8.325351,8.3253504e+09
02:09:35,7483.23,9.442623,9.442622e+09
02:10:00,7483.23,8.797007,8.797006e+09
02:10:05,7483.23,9.442623,9.442622e+09
02:10:30,7483.23,8.797007,8.797006e+09
02:10:35,7483.23,9.789132,9.789132e+09
02:11:00,7483.23,8.64826,8.648261e+09
02:11:05,7483.23,9.789132,9.789132e+09
02:11:30,7483.23,8.64826,8.648261e+09
02:11:35,7483.23,10.267522,1.0267522e+10
02:12:00,7483.23,9.414374,9.414374e+09
02:12:05,7483.23,10.267522,1.0267522e+10
02:12:30,7483.23,9.414374,9.414374e+09
02:12:35,7483.23,10.339495,1.0339495e+10
02:13:00,7483.23,9.436509,9.436509e+09
02:13:05,7483.23,10.339495,1.0339495e+10
02:13:30,7483.23,9.436509,9.436509e+09
02:13:35,7483.23,10.442502,1.0442502e+10
02:14:00,7483.23,9.864952,9.864953e+09
02:14:05,7483.23,10.442502,1.0442502e+10
02:14:30,7483.23,9.864952,9.864953e+09
02:14:35,7483.23,10.860904,1.0860903e+10
02:15:00,7483.23,10.151654,1.0151654e+10
02:15:05,7483.23,10.860904,1.0860903e+10
02:15:30,7483.23,10.151654,1.0151654e+10
02:15:35,7483.23,11.0834,1.10834e+10
02:16:00,7483.23,9.537067,9.537067e+09
02:16:05,7483.23,11.0834,1.10834e+10
02:16:30,7483.23,9.537067,9.537067e+09
02:16:35,7483.23,10.850585,1.0850586e+10
02:17:00,7483.23,10.360296,1.0360296e+10
02:17:05,7483.23,10.850585,1.0850586e+10
02:17:30,7483.23,10.360296,1.0360296e+10
02:17:35,7483.23,10.47633,1.047633e+10
02:18:00,7483.23,9.594359,9.59436e+09
02:18:05,7483.23,10.47633,1.047633e+10
02:18:30,7483.23,9.594359,9.59436e+09
02:18:35,7483.23,10.742142,1.0742142e+10
02:19:00,7483.23,9.299645,9.299645e+09
02:19:05,7483.23,10.742142,1.0742142e+10
02:19:30,7483.23,9.299645,9.299645e+09
02:19:35,7483.23,10.230553,1.0230553e+10
02:20:00,7483.23,9.381725,9.381725e+09
02:20:05,7483.23,10.230553,1.0230553e+10
02:20:30,7483.23,9.381725,9.381725e+09
02:20:35,7483.23,10.238217,1.0238217e+10
02:21:00,7483.23,8.909345,8.909345e+09
02:21:05,7483.23,10.238217,1.0238217e+10
02:21:30,7483.23,8.909345,8.909345e+09
02:21:35,7483.23,9.870375,9.870375e+09
02:22:00,7483.23,9.249096,9.249096e+09
02:22:05,7483.23,9.870375,9.870375e+09
02:22:30,7483.23,9.249096,9.249096e+09
02:22:35,7483.23,9.97202,9.972019e+09
02:23:00,7483.23,8.825447,8.825447e+09
02:23:05,7483.23,9.97202,9.972019e+09
02:23:30,7483.23,8.825447,8.825447e+09
02:23:35,7483.23,10.2174635,1.0217464e+10
02:24:00,7483.23,9.345047,9.345047e+09
02:24:05,7483.23,10.2174635,1.0217464e+10
02:24:30,7483.23,9.345047,9.345047e+09
02:24:35,7483.23,10.17207,1.0172069e+10
02:25:00,7483.23,9.758609,9.758608e+09
02:25:05,7483.23,10.17207,1.0172069e+10
02:25:30,7483.23,9.758609,9.758608e+09
02:25:35,7483.23,10.61333,1.061333e+10
02:26:00,7483.23,9.319032,9.319032e+09
02:26:05,7483.23,10.61333,1.061333e+10
02:26:30,7483.23,9.319032,9.319032e+09
02:26:35,7483.23,10.185097,1.0185096e+10
02:27:00,7483.23,9.620588,9.620589e+09
02:27:05,7483.23,10.185097,1.0185096e+10
02:27:30,7483.23,9.620588,9.620589e+09
02:27:35,7483.23,10.483221,1.0483222e+10
02:28:00,7483.23,9.794716,9.794717e+09
02:28:05,7483.23,10.483221,1.0483222e+10
02:28:30,7483.23,9.794716,9.794717e+09
02:28:35,7483.23,10.770732,1.0770732e+10
02:29:00,7483.23,10.512392,1.0512392e+10
02:29:05,7483.23,10.770732,1.0770732e+10
02:29:30,7483.23,10.512392,1.0512392e+10
02:29:35,7483.23,11.172601,1.11726e+10
02:30:00,7483.23,10.456518,1.0456518e+10
02:30:05,7483.23,11.172601,1.11726e+10
02:30:30,7483.23,10.456518,1.0456518e+10
02:30:35,7483.23,11.601437,1.1601437e+10
02:31:00,7483.23,10.175928,1.0175928e+10
02:31:05,7483.23,11.601437,1.1601437e+10
02:31:30,7483.23,10.175928,1.0175928e+10
02:31:35,7483.23,10.423884,1.0423885e+10
02:32:00,7483.23,9.013534,9.013534e+09
02:32:05,7483.23,10.423884,1.0423885e+10
02:32:30,7483.23,9.013534,9.013534e+09
02:32:35,7483.23,9.78859,9.78859e+09
02:33:00,7483.23,8.616548,8.616547e+09
02:33:05,7483.23,9.78859,9.78859e+09
02:33:30,7483.23,8.616548,8.616547e+09
02:33:35,7483.23,9.792454,9.792454e+09
02:34:00,7483.23,8.800264,8.800264e+09
02:34:05,7483.23,9.792454,9.792454e+09
02:34:30,7483.23,8.800264,8.800264e+09
02:34:35,7483.23,9.738934,9.738934e+09
02:35:00,7483.23,8.841285,8.841285e+09
02:35:05,7483.23,9.738934,9.738934e+09
02:35:30,7483.23,8.841285,8.841285e+09
02:35:35,7483.23,9.926216,9.926217e+09
02:36:00,7483.23,8.814211,8.814211e+09
02:36:05,7483.23,9.926216,9.926217e+09
02:36:30,7483.23,8.814211,8.814211e+09
02:36:35,7483.23,9.754779,9.754779e+09
02:37:00,7483.23,8.753465,8.753464e+09
02:37:05,7483.23,9.754779,9.754779e+09
02:37:30,7483.23,8.753465,8.753464e+09
02:37:35,7483.23,9.724782,9.724782e+09
02:38:00,7483.23,8.627951,8.627951e+09
02:38:05,7483.23,9.724782,9.724782e+09
02:38:30,7483.23,8.627951,8.627951e+09
02:38:35,7483.23,9.84145,9.84145e+09
02:39:00,7483.23,8.766145,8.766146e+09
02:39:05,7483.23,9.84145,9.84145e+09
02:39:30,7483.23,8.766145,8.766146e+09
02:39:35,7483.23,9.789979,9.78998e+09
02:40:00,7483.23,8.884381,8.884382e+09
02:40:05,7483.23,9.789979,9.78998e+09
02:40:30,7483.23,8.884381,8.884382e+09
02:40:35,7483.23,9.862479,9.862479e+09
02:41:00,7483.23,8.931371,8.93137e+09
02:41:05,7483.23,9.862479,9.862479e+09
02:41:30,7483.23,8.931371,8.93137e+09
02:41:35,7483.23,9.891082,9.891082e+09
02:42:00,7483.23,9.125506,9.125506e+09
02:42:05,7483.23,9.891082,9.891082e+09
02:42:30,7483.23,9.125506,9.125506e+09
02:42:35,7483.23,10.348409,1.0348409e+10
02:43:00,7483.23,9.556654,9.556654e+09
02:43:05,7483.23,10.348409,1.0348409e+10
02:43:30,7483.23,9.556654,9.556654e+09
02:43:35,7483.23,10.958656,1.0958655e+10
02:44:00,7483.23,10.434472,1.0434473e+10
02:44:05,7483.23,10.958656,1.0958655e+10
02:44:30,7483.23,10.434472,1.0434473e+10
02:44:35,7483.23,11.148702,1.1148702e+10
02:45:00,7483.23,10.205979,1.0205979e+10
02:45:05,7483.23,11.148702,1.1148702e+10
02:45:30,7483.23,10.205979,1.0205979e+10
02:45:35,7483.23,10.897397,1.0897397e+10
02:46:00,7483.23,10.235936,1.0235937e+10
02:46:05,7483.23,10.897397,1.0897397e+10
02:46:30,7483.23,10.235936,1.0235937e+10
02:46:35,7483.23,11.311242,1.1311242e+10
02:47:00,7483.23,10.613486,1.0613487e+10
02:47:05,7483.23,11.311242,1.1311242e+10
02:47:30,7483.23,10.613486,1.0613487e+10
02:47:35,7483.23,11.675772,1.1675771e+10
02:48:00,7483.23,11.181565,1.1181565e+10
02:48:05,7483.23,11.675772,1.1675771e+10
02:48:30,7483.23,11.181565,1.1181565e+10
02:48:35,7483.23,11.914505,1.1914505e+10
02:49:00,7483.23,11.14354,1.1143541e+10
02:49:05,7483.23,11.914505,1.1914505e+10
02:49:30,7483.23,11.14354,1.1143541e+10
02:49:35,7483.23,12.11188,1.211188e+10
02:50:00,7483.23,11.3194,1.1319399e+10
02:50:05,7483.23,12.11188,1.211188e+10
02:50:30,7483.23,11.3194,1.1319399e+10
02:50:35,7483.23,12.303572,1.2303572e+10
02:51:00,7483.23,11.894154,1.1894154e+10
02:51:05,7483.23,12.303572,1.2303572e+10
02:51:30,7483.23,11.894154,1.1894154e+10
02:51:35,7483.23,12.61772,1.2617719e+10
02:52:00,7483.23,11.879418,1.1879418e+10
02:52:05,7483.23,12.61772,1.2617719e+10
02:52:30,7483.23,11.879418,1.1879418e+10
02:52:35,7483.23,12.754921,1.275492e+10
02:53:00,7483.23,11.954649,1.1954649e+10
02:53:05,7483.23,12.754921,1.275492e+10
02:53:30,7483.23,11.954649,1.1954649e+10
02:53:35,7483.23,12.566451,1.2566451e+10
02:54:00,7483.23,11.787993,1.1787993e+10
02:54:05,7483.23,12.566451,1.2566451e+10
02:54:30,7483.23,11.787993,1.1787993e+10
02:54:35,7483.23,12.496609,1.2496608e+10
02:55:00,7483.23,11.776578,1.1776579e+10
02:55:05,7483.23,12.496609,1.2496608e+10
02:55:30,7483.23,11.776578,1.1776579e+10
02:55:35,7483.23,12.652986,1.2652985e+10
02:56:00,7483.23,11.64475,1.164475e+10
02:56:05,7483.23,12.652986,1.2652985e+10
02:56:30,7483.23,11.64475,1.164475e+10
02:56:35,7483.23,12.455608,1.2455608e+10
02:57:00,7483.23,11.69005,1.1690051e+10
02:57:05,7483.23,12.455608,1.2455608e+10
02:57:30,7483.23,11.69005,1.1690051e+10
02:57:35,7483.23,12.3277,1.2327699e+10
02:58:00,7483.23,11.335184,1.1335184e+10
02:58:05,7483.23,12.3277,1.2327699e+10
02:58:30,7483.23,11.335184,1.1335184e+10
02:58:35,7483.23,11.908992,1.1908992e+10
02:59:00,7483.23,11.169521,1.1169522e+10
02:59:05,7483.23,11.908992,1.1908992e+10
02:59:30,7483.23,11.169521,1.1169522e+10
02:59:35,7483.23,12.221332,1.2221331e+10
03:00:00,7483.23,11.364881,1.136488e+10
03:00:05,7483.23,12.221332,1.2221331e+10
03:00:30,7483.23,11.364881,1.136488e+10
03:00:35,7483.23,12.4682665,1.2468267e+10
03:01:00,7483.23,11.636088,1.1636088e+10
03:01:05,7483.23,12.4682665,1.2468267e+10
03:01:30,7483.23,11.636088,1.1636088e+10
03:01:35,7483.23,12.427145,1.2427145e+10
03:02:00,7483.23,11.654995,1.1654995e+10
03:02:05,7483.23,12.427145,1.2427145e+10
03:02:30,7483.23,11.654995,1.1654995e+10
03:02:35,7483.23,12.364998,1.2364998e+10
03:03:00,7483.23,11.500776,1.1500775e+10
03:03:05,7483.23,12.364998,1.2364998e+10
03:03:30,7483.23,11.500776,1.1500775e+10
03:03:35,7483.23,12.464996,1.2464996e+10
03:04:00,7483.23,11.735069,1.1735069e+10
03:04:05,7483.23,12.464996,1.2464996e+10
03:04:30,7483.23,11.735069,1.1735069e+10
03:04:35,7483.23,12.790954,1.2790954e+10
03:05:00,7483.23,12.027137,1.2027137e+10
03:05:05,7483.23,12.790954,1.2790954e+10
03:05:30,7483.23,12.027137,1.2027137e+10
03:05:35,7483.23,12.736625,1.2736625e+10
03:06:00,7483.23,12.300838,1.2300839e+10
03:06:05,7483.23,12.736625,1.2736625e+10
03:06:30,7483.23,12.300838,1.2300839e+10
03:06:35,7483.23,13.050691,1.3050691e+10
03:07:00,7483.23,12.362817,1.2362817e+10
03:07:05,7483.23,13.050691,1.3050691e+10
03:07:30,7483.23,12.362817,1.2362817e+10
03:07:35,7483.23,13.031691,1.303169e+10
03:08:00,7483.23,12.28014,1.2280141e+10
03:08:05,7483.23,13.031691,1.303169e+10
03:08:30,7483.23,12.28014,1.2280141e+10
03:08:35,7483.23,13.095484,1.3095484e+10
03:09:00,7483.23,12.278138,1.2278138e+10
03:09:05,7483.23,13.095484,1.3095484e+10
03:09:30,7483.23,12.278138,1.2278138e+10
03:09:35,7483.23,12.959107,1.2959107e+10
03:10:00,7483.23,12.207286,1.2207286e+10
03:10:05,7483.23,12.959107,1.2959107e+10
03:10:30,7483.23,12.207286,1.2207286e+10
03:10:35,7483.23,12.956312,1.2956312e+10
03:11:00,7483.23,12.121861,1.2121862e+10
03:11:05,7483.23,12.956312,1.2956312e+10
03:11:30,7483.23,12.121861,1.2121862e+10
03:11:35,7483.23,12.945438,1.2945439e+10
03:12:00,7483.23,12.304848,1.2304848e+10
03:12:05,7483.23,12.945438,1.2945439e+10
03:12:30,7483.23,12.304848,1.2304848e+10
03:12:35,7483.23,13.022155,1.3022155e+10
03:13:00,7483.23,12.441268,1.2441268e+10
03:13:05,7483.23,13.022155,1.3022155e+10
03:13:30,7483.23,12.441268,1.2441268e+10
03:13:35,7483.23,13.365704,1.3365704e+10
03:14:00,7483.23,12.65195,1.265195e+10
03:14:05,7483.23,13.365704,1.3365704e+10
03:14:30,7483.23,12.65195,1.265195e+10
03:14:35,7483.23,13.3442955,1.3344296e+10
03:15:00,7483.23,12.618171,1.2618171e+10
03:15:05,7483.23,13.3442955,1.3344296e+10
03:15:30,7483.23,12.618171,1.2618171e+10
03:15:35,7483.23,13.339402,1.3339402e+10
03:16:00,7483.23,12.65273,1.2652729e+10
03:16:05,7483.23,13.339402,1.3339402e+10
03:16:30,7483.23,12.65273,1.2652729e+10
03:16:35,7483.23,13.269467,1.3269467e+10
03:17:00,7483.23,12.485191,1.2485191e+10
03:17:05,7483.23,13.269467,1.3269467e+10
03:17:30,7483.23,12.485191,1.2485191e+10
03:17:35,7483.23,13.246821,1.3246821e+10
03:18:00,7483.23,12.585572,1.2585572e+10
03:18:05,7483.23,13.246821,1.3246821e+10
03:18:30,7483.23,12.585572,1.2585572e+10
03:18:35,7483.23,13.345501,1.3345501e+10
03:19:00,7483.23,12.577635,1.2577634e+10
03:19:05,7483.23,13.345501,1.3345501e+10
03:19:30,7483.23,12.577635,1.2577634e+10
03:19:35,7483.23,13.299854,1.3299854e+10
03:20:00,7483.23,12.628461,1.2628462e+10
03:20:05,7483.23,13.299854,1.3299854e+10
03:20:30,7483.23,12.628461,1.2628462e+10
03:20:35,7483.23,13.3175745,1.3317575e+10
03:21:00,7483.23,12.574867,1.2574867e+10
03:21:05,7483.23,13.3175745,1.3317575e+10
03:21:30,7483.23,12.574867,1.2574867e+10
03:21:35,7483.23,13.296537,1.3296538e+10
03:22:00,7483.23,12.614517,1.2614517e+10
03:22:05,7483.23,13.296537,1.3296538e+10
03:22:30,7483.23,12.614517,1.2614517e+10
03:22:35,7483.23,13.344656,1.3344656e+10
03:23:00,7483.23,12.653508,1.2653509e+10
03:23:05,7483.23,13.344656,1.3344656e+10
03:23:30,7483.23,12.653508,1.2653509e+10
03:23:35,7483.23,13.361054,1.3361054e+10
03:24:00,7483.23,12.644836,1.2644836e+10
03:24:05,7483.23,13.361054,1.3361054e+10
03:24:30,7483.23,12.644836,1.2644836e+10
03:24:35,7483.23,13.371071,1.3371071e+10
03:25:00,7483.23,12.683807,1.2683808e+10
03:25:05,7483.23,13.371071,1.3371071e+10
03:25:30,7483.23,12.683807,1.2683808e+10
03:25:35,7483.23,13.419238,1.3419238e+10
03:26:00,7483.23,12.775733,1.2775732e+10
03:26:05,7483.23,13.419238,1.3419238e+10
03:26:30,7483.23,12.775733,1.2775732e+10
03:26:35,7483.23,13.507054,1.3507055e+10
03:27:00,7483.23,12.840192,1.2840192e+10
03:27:05,7483.23,13.507054,1.3507055e+10
03:27:30,7483.23,12.840192,1.2840192e+10
03:27:35,7483.23,13.537834,1.3537834e+10
03:28:00,7483.23,12.8368635,1.2836863e+10
03:28:05,7483.23,13.537834,1.3537834e+10
03:28:30,7483.23,12.8368635,1.2836863e+10
03:28:35,7483.23,13.52502,1.352502e+10
03:29:00,7483.23,12.750872,1.2750872e+10
03:29:05,7483.23,13.52502,1.352502e+10
03:29:30,7483.23,12.750872,1.2750872e+10
03:29:35,7483.23,13.452326,1.3452326e+10
03:30:00,7483.23,12.671083,1.2671084e+10
03:30:05,7483.23,13.452326,1.3452326e+10
03:30:30,7483.23,12.671083,1.2671084e+10
03:30:35,7483.23,13.29171,1.329171e+10
03:31:00,7483.23,12.574328,1.2574329e+10
03:31:05,7483.23,13.29171,1.329171e+10
03:31:30,7483.23,12.574328,1.2574329e+10
03:31:35,7483.23,13.230031,1.3230031e+10
03:32:00,7483.23,12.470035,1.2470034e+10
03:32:05,7483.23,13.230031,1.3230031e+10
03:32:30,7483.23,12.470035,1.2470034e+10
03:32:35,7483.23,13.2694025,1.3269403e+10
03:33:00,7483.23,12.563414,1.2563414e+10
03:33:05,7483.23,13.2694025,1.3269403e+10
03:33:30,7483.23,12.563414,1.2563414e+10
03:33:35,7483.23,13.243369,1.3243368e+10
03:34:00,7483.23,12.57073,1.2570729e+10
03:34:05,7483.23,13.243369,1.3243368e+10
03:34:30,7483.23,12.57073,1.2570729e+10
03:34:35,7483.23,13.192693,1.3192693e+10
03:35:00,7483.23,12.516567,1.2516567e+10
03:35:05,7483.23,13.192693,1.3192693e+10
03:35:30,7483.23,12.516567,1.2516567e+10
03:35:35,7483.23,13.2278805,1.322788e+10
03:36:00,7483.23,12.481196,1.2481196e+10
03:36:05,7483.23,13.2278805,1.322788e+10
03:36:30,7483.23,12.481196,1.2481196e+10
03:36:35,7483.23,12.912026,1.2912027e+10
03:37:00,7483.23,12.262149,1.2262149e+10
03:37:05,7483.23,12.912026,1.2912027e+10
03:37:30,7483.23,12.262149,1.2262149e+10
03:37:35,7483.23,12.995098,1.2995098e+10
03:38:00,7483.23,12.272496,1.2272497e+10
03:38:05,7483.23,12.995098,1.2995098e+10
03:38:30,7483.23,12.272496,1.2272497e+10
03:38:35,7483.23,12.967528,1.2967528e+10
03:39:00,7483.23,12.200283,1.2200283e+10
03:39:05,7483.23,12.967528,1.2967528e+10
03:39:30,7483.23,12.200283,1.2200283e+10
03:39:35,7483.23,12.84722,1.2847221e+10
03:40:00,7483.23,12.057872,1.2057871e+10
03:40:05,7483.23,12.84722,1.2847221e+10
03:40:30,7483.23,12.057872,1.2057871e+10
03:40:35,7483.23,12.791567,1.2791567e+10
03:41:00,7483.23,11.917437,1.1917436e+10
03:41:05,7483.23,12.791567,1.2791567e+10
03:41:30,7483.23,11.917437,1.1917436e+10
03:41:35,7483.23,12.546295,1.2546295e+10
03:42:00,7483.23,11.491341,1.149134e+10
03:42:05,7483.23,12.546295,1.2546295e+10
03:42:30,7483.23,11.491341,1.149134e+10
03:42:35,7483.23,12.115342,1.2115341e+10
03:43:00,7483.23,11.102958,1.1102958e+10
03:43:05,7483.23,12.115342,1.2115341e+10
03:43:30,7483.23,11.102958,1.1102958e+10
03:43:35,7483.23,12.088378,1.2088378e+10
03:44:00,7483.23,11.123693,1.1123694e+10
03:44:05,7483.23,12.088378,1.2088378e+10
03:44:30,7483.23,11.123693,1.1123694e+10
03:44:35,7483.23,11.930091,1.193009e+10
03:45:00,7483.23,9.89551,9.89551e+09
03:45:05,7483.23,11.930091,1.193009e+10
03:45:30,7483.23,9.89551,9.89551e+09
03:45:35,7483.23,10.735926,1.0735926e+10
03:46:00,7483.23,10.082572,1.0082572e+10
03:46:05,7483.23,10.735926,1.0735926e+10
03:46:30,7483.23,10.082572,1.0082572e+10
03:46:35,7483.23,11.164565,1.1164564e+10
03:47:00,7483.23,10.464743,1.0464743e+10
03:47:05,7483.23,11.164565,1.1164564e+10
03:47:30,7483.23,10.464743,1.0464743e+10
03:47:35,7483.23,10.961933,1.0961933e+10
03:48:00,7483.23,10.27328,1.027328e+10
03:48:05,7483.23,10.961933,1.0961933e+10
03:48:30,7483.23,10.27328,1.027328e+10
03:48:35,7483.23,11.444721,1.1444722e+10
03:49:00,7483.23,10.223926,1.0223925e+10
03:49:05,7483.23,11.444721,1.1444722e+10
03:49:30,7483.23,10.223926,1.0223925e+10
03:49:35,7483.23,11.236749,1.1236748e+10
03:50:00,7483.23,10.005508,1.0005508e+10
03:50:05,7483.23,11.236749,1.1236748e+10
03:50:30,7483.23,10.005508,1.0005508e+10
03:50:35,7483.23,10.780372,1.0780371e+10
03:51:00,7483.23,9.985899,9.9859e+09
03:51:05,7483.23,10.780372,1.0780371e+10
03:51:30,7483.23,9.985899,9.9859e+09
03:51:35,7483.23,11.37718,1.1377181e+10
03:52:00,7483.23,10.4228325,1.0422833e+10
03:52:05,7483.23,11.37718,1.1377181e+10
03:52:30,7483.23,10.4228325,1.0422833e+10
03:52:35,7483.23,11.348588,1.1348588e+10
03:53:00,7483.23,10.200288,1.0200287e+10
03:53:05,7483.23,11.348588,1.1348588e+10
03:53:30,7483.23,10.200288,1.0200287e+10
03:53:35,7483.23,10.964642,1.0964642e+10
03:54:00,7483.23,10.138966,1.0138966e+10
03:54:05,7483.23,10.964642,1.0964642e+10
03:54:30,7483.23,10.138966,1.0138966e+10
03:54:35,7483.23,11.309711,1.1309711e+10
03:55:00,7483.23,10.700146,1.0700146e+10
03:55:05,7483.23,11.309711,1.1309711e+10
03:55:30,7483.23,10.700146,1.0700146e+10
03:55:35,7483.23,11.504141,1.1504141e+10
03:56:00,7483.23,10.962116,1.0962117e+10
03:56:05,7483.23,11.504141,1.1504141e+10
03:56:30,7483.23,10.962116,1.0962117e+10
03:56:35,7483.23,11.834362,1.1834362e+10
03:57:00,7483.23,10.946597,1.0946597e+10
03:57:05,7483.23,11.834362,1.1834362e+10
03:57:30,7483.23,10.946597,1.0946597e+10
03:57:35,7483.23,11.736664,1.1736663e+10
03:58:00,7483.23,10.736482,1.0736482e+10
03:58:05,7483.23,11.736664,1.1736663e+10
03:58:30,7483.23,10.736482,1.0736482e+10
03:58:35,7483.23,11.661265,1.1661265e+10
03:59:00,7483.23,10.728698,1.0728698e+10
03:59:05,7483.23,11.661265,1.1661265e+10
03:59:30,7483.23,10.728698,1.0728698e+10
03:59:35,7483.23,11.79638,1.179638e+10
04:00:00,7483.23,11.110391,1.1110391e+10
04:00:05,7483.23,11.79638,1.179638e+10
04:00:30,7483.23,11.110391,1.1110391e+10
04:00:35,7483.23,11.837826,1.1837826e+10
04:01:00,7483.23,11.434738,1.1434738e+10
04:01:05,7483.23,11.837826,1.1837826e+10
04:01:30,7483.23,11.434738,1.1434738e+10
04:01:35,7483.23,12.631992,1.2631992e+10
04:02:00,7483.23,11.649738,1.1649738e+10
04:02:05,7483.23,12.631992,1.2631992e+10
04:02:30,7483.23,11.649738,1.1649738e+10
04:02:35,7483.23,12.340704,1.2340703e+10
04:03:00,7483.23,11.67955,1.1679549e+10
04:03:05,7483.23,12.340704,1.2340703e+10
04:03:30,7483.23,11.67955,1.1679549e+10
04:03:35,7483.23,12.234741,1.2234742e+10
04:04:00,7483.23,11.457318,1.1457318e+10
04:04:05,7483.23,12.234741,1.2234742e+10
04:04:30,7483.23,11.457318,1.1457318e+10
04:04:35,7483.23,12.265453,1.2265454e+10
04:05:00,7483.23,11.4797125,1.1479713e+10
04:05:05,7483.23,12.265453,1.2265454e+10
04:05:30,7483.23,11.4797125,1.1479713e+10
04:05:35,7483.23,12.169829,1.2169829e+10
04:06:00,7483.23,11.1103115,1.1110312e+10
04:06:05,7483.23,12.169829,1.2169829e+10
04:06:30,7483.23,11.1103115,1.1110312e+10
04:06:35,7483.23,11.867702,1.1867701e+10
04:07:00,7483.23,11.512898,1.1512899e+10
04:07:05,7483.23,11.867702,1.1867701e+10
04:07:30,7483.23,11.512898,1.1512899e+10
04:07:35,7483.23,12.658527,1.2658528e+10
04:08:00,7483.23,12.045578,1.2045578e+10
04:08:05,7483.23,12.658527,1.2658528e+10
04:08:30,7483.23,12.045578,1.2045578e+10
04:08:35,7483.23,12.819588,1.2819588e+10
04:09:00,7483.23,12.121241,1.2121241e+10
04:09:05,7483.23,12.819588,1.2819588e+10
04:09:30,7483.23,12.121241,1.2121241e+10
04:09:35,7483.23,12.782854,1.2782854e+10
04:10:00,7483.23,11.707242,1.1707241e+10
04:10:05,7483.23,12.782854,1.2782854e+10
04:10:30,7483.23,11.707242,1.1707241e+10
04:10:35,7483.23,12.748383,1.2748383e+10
04:11:00,7483.23,12.011033,1.2011033e+10
04:11:05,7483.23,12.748383,1.2748383e+10
04:11:30,7483.23,12.011033,1.2011033e+10
04:11:35,7483.23,12.813599,1.2813599e+10
04:12:00,7483.23,12.237464,1.2237464e+10
04:12:05,7483.23,12.813599,1.2813599e+10
04:12:30,7483.23,12.237464,1.2237464e+10
04:12:35,7483.23,13.019726,1.3019726e+10
04:13:00,7483.23,12.440217,1.2440218e+10
04:13:05,7483.23,13.019726,1.3019726e+10
04:13:30,7483.23,12.440217,1.2440218e+10
04:13:35,7483.23,13.104747,1.3104746e+10
04:14:00,7483.23,12.388187,1.2388187e+10
04:14:05,7483.23,13.104747,1.3104746e+10
04:14:30,7483.23,12.388187,1.2388187e+10
04:14:35,7483.23,13.1116,1.3111599e+10
04:15:00,7483.23,12.490917,1.2490917e+10
04:15:05,7483.23,13.1116,1.3111599e+10
04:15:30,7483.23,12.490917,1.2490917e+10
04:15:35,7483.23,13.126424,1.3126424e+10
04:16:00,7483.23,12.430605,1.2430604e+10
04:16:05,7483.23,13.126424,1.3126424e+10
04:16:30,7483.23,12.430605,1.2430604e+10
04:16:35,7483.23,12.923822,1.2923822e+10
04:17:00,7483.23,11.99812,1.199812e+10
04:17:05,7483.23,12.923822,1.2923822e+10
04:17:30,7483.23,11.99812,1.199812e+10
04:17:35,7483.23,12.822835,1.2822834e+10
04:18:00,7483.23,11.947063,1.1947063e+10
04:18:05,7483.23,12.822835,1.2822834e+10
04:18:30,7483.23,11.947063,1.1947063e+10
04:18:35,7483.23,12.714949,1.2714949e+10
04:19:00,7483.23,12.045576,1.2045575e+10
04:19:05,7483.23,12.714949,1.2714949e+10
04:19:30,7483.23,12.045576,1.2045575e+10
04:19:35,7483.23,12.814645,1.2814644e+10
04:20:00,7483.23,11.776985,1.1776985e+10
04:20:05,7483.23,12.814645,1.2814644e+10
04:20:30,7483.23,11.776985,1.1776985e+10
04:20:35,7483.23,12.546025,1.2546025e+10
04:21:00,7483.23,11.893202,1.1893202e+10
04:21:05,7483.23,12.546025,1.2546025e+10
04:21:30,7483.23,11.893202,1.1893202e+10
04:21:35,7483.23,12.191956,1.2191956e+10
04:22:00,7483.23,11.647724,1.1647725e+10
04:22:05,7483.23,12.191956,1.2191956e+10
04:22:30,7483.23,11.647724,1.1647725e+10
04:22:35,7483.23,12.305454,1.2305454e+10
04:23:00,7483.23,11.338365,1.1338364e+10
04:23:05,7483.23,12.305454,1.2305454e+10
04:23:30,7483.23,11.338365,1.1338364e+10
04:23:35,7483.23,12.091902,1.2091902e+10
04:24:00,7483.23,11.184692,1.1184693e+10
04:24:05,7483.23,12.091902,1.2091902e+10
04:24:30,7483.23,11.184692,1.1184693e+10
04:24:35,7483.23,11.39511,1.139511e+10
04:25:00,7483.23,10.177856,1.0177857e+10
04:25:05,7483.23,11.39511,1.139511e+10
04:25:30,7483.23,10.177856,1.0177857e+10
04:25:35,7483.23,11.140651,1.1140651e+10
04:26:00,7483.23,10.158645,1.0158644e+10
04:26:05,7483.23,11.140651,1.1140651e+10
04:26:30,7483.23,10.158645,1.0158644e+10
04:26:35,7483.23,10.991028,1.0991027e+10
04:27:00,7483.23,9.35221,9.352209e+09
04:27:05,7483.23,10.991028,1.0991027e+10
04:27:30,7483.23,9.35221,9.352209e+09
04:27:35,7483.23,10.181934,1.0181934e+10
04:28:00,7483.23,9.21144,9.21144e+09
04:28:05,7483.23,10.181934,1.0181934e+10
04:28:30,7483.23,9.21144,9.21144e+09
04:28:35,7483.23,9.879551,9.879551e+09
04:29:00,7483.23,8.917207,8.917207e+09
04:29:05,7483.23,9.879551,9.879551e+09
04:29:30,7483.23,8.917207,8.917207e+09
04:29:35,7483.23,10.03468,1.0034681e+10
04:30:00,7483.23,9.100423,9.100423e+09
04:30:05,7483.23,10.03468,1.0034681e+10
04:30:30,7483.23,9.100423,9.100423e+09
04:30:35,7483.23,10.815938,1.0815938e+10
04:31:00,7483.23,9.714752,9.714753e+09
04:31:05,7483.23,10.815938,1.0815938e+10
04:31:30,7483.23,9.714752,9.714753e+09
04:31:35,7483.23,9.910059,9.910059e+09
04:32:00,7483.23,8.43416,8.43416e+09
04:32:05,7483.23,9.910059,9.910059e+09
04:32:30,7483.23,8.43416,8.43416e+09
04:32:35,7483.23,9.439022,9.439022e+09
04:33:00,7483.23,8.469729,8.46973e+09
04:33:05,7483.23,9.439022,9.439022e+09
04:33:30,7483.23,8.469729,8.46973e+09
04:33:35,7483.23,9.420635,9.420635e+09
04:34:00,7483.23,8.683169,8.68317e+09
04:34:05,7483.23,9.420635,9.420635e+09
04:34:30,7483.23,8.683169,8.68317e+09
04:34:35,7483.23,9.497185,9.497185e+09
04:35:00,7483.23,8.231197,8.2311977e+09
04:35:05,7483.23,9.497185,9.497185e+09
04:35:30,7483.23,8.231197,8.2311977e+09
04:35:35,7483.23,9.116607,9.116606e+09
04:36:00,7483.23,7.927858,7.9278577e+09
04:36:05,7483.23,9.116607,9.116606e+09
04:36:30,7483.23,7.927858,7.9278577e+09
04:36:35,7483.23,8.905968,8.905968e+09
04:37:00,7483.23,7.8394475,7.8394476e+09
04:37:05,7483.23,8.905968,8.905968e+09
04:37:30,7483.23,7.8394475,7.8394476e+09
04:37:35,7483.23,8.840978,8.840977e+09
04:38:00,7483.23,7.9224286,7.922429e+09
04:38:05,7483.23,8.840978,8.840977e+09
04:38:30,7483.23,7.9224286,7.922429e+09
04:38:35,7483.23,8.902459,8.902459e+09
04:39:00,7483.23,7.8673778,7.8673777e+09
04:39:05,7483.23,8.902459,8.902459e+09
04:39:30,7483.23,7.8673778,7.8673777e+09
04:39:35,7483.23,8.937311,8.937311e+09
04:40:00,7483.23,7.834689,7.834689e+09
04:40:05,7483.23,8.937311,8.937311e+09
04:40:30,7483.23,7.834689,7.834689e+09
04:40:35,7483.23,9.034154,9.034154e+09
04:41:00,7483.23,8.02223,8.02223e+09
04:41:05,7483.23,9.034154,9.034154e+09
04:41:30,7483.23,8.02223,8.02223e+09
04:41:35,7483.23,8.940088,8.940088e+09
04:42:00,7483.23,8.040088,8.0400876e+09
04:42:05,7483.23,8.940088,8.940088e+09
04:42:30,7483.23,8.040088,8.0400876e+09
04:42:35,7483.23,9.1324005,9.132401e+09
04:43:00,7483.23,8.081644,8.081644e+09
04:43:05,7483.23,9.1324005,9.132401e+09
04:43:30,7483.23,8.081644,8.081644e+09
04:43:35,7483.23,9.092717,9.092717e+09
04:44:00,7483.23,8.160034,8.1600343e+09
04:44:05,7483.23,9.092717,9.092717e+09
04:44:30,7483.23,8.160034,8.1600343e+09
04:44:35,7483.23,9.055525,9.055525e+09
04:45:00,7483.23,8.069003,8.069003e+09
04:45:05,7483.23,9.055525,9.055525e+09
04:45:30,7483.23,8.069003,8.069003e+09
04:45:35,7483.23,9.051974,9.051975e+09
04:46:00,7483.23,8.055756,8.055756e+09
04:46:05,7483.23,9.051974,9.051975e+09
04:46:30,7483.23,8.055756,8.055756e+09
04:46:35,7483.23,9.11188,9.111881e+09
04:47:00,7483.23,7.8174806,7.8174807e+09
04:47:05,7483.23,9.11188,9.111881e+09
04:47:30,7483.23,7.8174806,7.8174807e+09
04:47:35,7483.23,8.8567505,8.85675e+09
04:48:00,7483.23,8.007485,8.0074854e+09
04:48:05,7483.23,8.8567505,8.85675e+09
04:48:30,7483.23,8.007485,8.0074854e+09
04:48:35,7483.23,8.885598,8.885598e+09
04:49:00,7483.23,7.930869,7.9308687e+09
04:49:05,7483.23,8.885598,8.885598e+09
04:49:30,7483.23,7.930869,7.9308687e+09
04:49:35,7483.23,8.844651,8.84465e+09
04:50:00,7483.23,7.7340374,7.734037e+09
04:50:05,7483.23,8.844651,8.84465e+09
04:50:30,7483.23,7.7340374,7.734037e+09
04:50:35,7483.23,8.598666,8.598666e+09
04:51:00,7483.23,7.7003555,7.7003556e+09
04:51:05,7483.23,8.598666,8.598666e+09
04:51:30,7483.23,7.7003555,7.7003556e+09
04:51:35,7483.23,8.688536,8.688536e+09
04:52:00,7483.23,7.622884,7.622884e+09
04:52:05,7483.23,8.688536,8.688536e+09
04:52:30,7483.23,7.622884,7.622884e+09
04:52:35,7483.23,8.527295,8.5272955e+09
04:53:00,7483.23,7.5948954,7.5948954e+09
04:53:05,7483.23,8.527295,8.5272955e+09
04:53:30,7483.23,7.5948954,7.5948954e+09
04:53:35,7483.23,8.479301,8.479301e+09
04:54:00,7483.23,7.4648557,7.4648556e+09
04:54:05,7483.23,8.479301,8.479301e+09
04:54:30,7483.23,7.4648557,7.4648556e+09
04:54:35,7483.23,8.546833,8.546833e+09
04:55:00,7483.23,7.6541615,7.6541614e+09
04:55:05,7483.23,8.546833,8.546833e+09
04:55:30,7483.23,7.6541615,7.6541614e+09
04:55:35,7483.23,8.589369,8.589369e+09
04:56:00,7483.23,7.703391,7.7033907e+09
04:56:05,7483.23,8.589369,8.589369e+09
04:56:30,7483.23,7.703391,7.7033907e+09
04:56:35,7483.23,8.582077,8.5820774e+09
04:57:00,7483.23,7.624482,7.6244823e+09
04:57:05,7483.23,8.582077,8.5820774e+09
04:57:30,7483.23,7.624482,7.6244823e+09
04:57:35,7483.23,8.788497,8.788497e+09
04:58:01,7483.23,7.725396,7.725396e+09
04:58:05,7483.23,8.788497,8.788497e+09
04:58:31,7483.23,7.725396,7.725396e+09
04:58:35,7483.23,8.590613,8.590614e+09
04:59:01,7483.23,7.568995,7.5689953e+09
04:59:05,7483.23,8.590613,8.590614e+09
04:59:31,7483.23,7.568995,7.5689953e+09
04:59:35,7483.23,8.6241455,8.624145e+09
05:00:01,7483.23,7.7061996,7.7062e+09
05:00:05,7483.23,8.6241455,8.624145e+09
05:00:31,7483.23,7.7061996,7.7062e+09
05:00:35,7483.23,8.741635,8.741635e+09
05:01:01,7483.23,8.054955,8.054955e+09
05:01:05,7483.23,8.741635,8.741635e+09
05:01:31,7483.23,8.054955,8.054955e+09
05:01:35,7483.23,8.946246,8.946246e+09
05:02:01,7483.23,8.013364,8.0133637e+09
05:02:05,7483.23,8.946246,8.946246e+09
05:02:31,7483.23,8.013364,8.0133637e+09
05:02:35,7483.23,9.015811,9.01581e+09
05:03:01,7483.23,8.061414,8.0614134e+09
05:03:05,7483.23,9.015811,9.01581e+09
05:03:31,7483.23,8.061414,8.0614134e+09
05:03:35,7483.23,9.056136,9.056136e+09
05:04:01,7483.23,8.212039,8.2120387e+09
05:04:05,7483.23,9.056136,9.056136e+09
05:04:31,7483.23,8.212039,8.2120387e+09
05:04:35,7483.23,9.163734,9.163734e+09
05:05:01,7483.23,8.2379265,8.2379264e+09
05:05:05,7483.23,9.163734,9.163734e+09
05:05:31,7483.23,8.2379265,8.2379264e+09
05:05:35,7483.23,9.420337,9.420336e+09
05:06:01,7483.23,8.723384,8.723384e+09
05:06:05,7483.23,9.420337,9.420336e+09
05:06:31,7483.23,8.723384,8.723384e+09
05:06:35,7483.23,9.70035,9.70035e+09
05:07:01,7483.23,8.9407,8.9407e+09
05:07:05,7483.23,9.70035,9.70035e+09
05:07:31,7483.23,8.9407,8.9407e+09
05:07:35,7483.23,10.221685,1.0221686e+10
05:08:01,7483.23,9.294963,9.294963e+09
05:08:05,7483.23,10.221685,1.0221686e+10
05:08:31,7483.23,9.294963,9.294963e+09
05:08:35,7483.23,9.785125,9.785125e+09
05:09:01,7483.23,9.539779,9.539779e+09
05:09:05,7483.23,9.785125,9.785125e+09
05:09:31,7483.23,9.539779,9.539779e+09
05:09:35,7483.23,10.690729,1.069073e+10
05:10:01,7483.23,9.694305,9.694305e+09
05:10:05,7483.23,10.690729,1.069073e+10
05:10:31,7483.23,9.694305,9.694305e+09
05:10:35,7483.23,9.854389,9.854389e+09
05:11:01,7483.23,9.1740465,9.174047e+09
05:11:05,7483.23,9.854389,9.854389e+09
05:11:31,7483.23,9.1740465,9.174047e+09
05:11:35,7483.23,9.691256,9.691256e+09
05:12:01,7483.23,8.655979,8.65598e+09
05:12:05,7483.23,9.691256,9.691256e+09
05:12:31,7483.23,8.655979,8.65598e+09
05:12:35,7483.23,9.391149,9.391149e+09
05:13:01,7483.23,8.7433815,8.743382e+09
05:13:05,7483.23,9.391149,9.391149e+09
05:13:31,7483.23,8.7433815,8.743382e+09
05:13:35,7483.23,9.742798,9.742798e+09
05:14:01,7483.23,8.570324,8.570324e+09
05:14:05,7483.23,9.742798,9.742798e+09
05:14:31,7483.23,8.570324,8.570324e+09
05:14:35,7483.23,9.763663,9.763664e+09
05:15:01,7483.23,8.54443,8.5444296e+09
05:15:05,7483.23,9.763663,9.763664e+09
05:15:31,7483.23,8.54443,8.5444296e+09
05:15:35,7483.23,9.5899725,9.589973e+09
05:16:01,7483.23,9.365962,9.365962e+09
05:16:05,7483.23,9.5899725,9.589973e+09
05:16:31,7483.23,9.365962,9.365962e+09
05:16:35,7483.23,10.284693,1.0284692e+10
05:17:01,7483.23,8.96461,8.96461e+09
05:17:05,7483.23,10.284693,1.0284692e+10
05:17:31,7483.23,8.96461,8.96461e+09
05:17:35,7483.23,9.733145,9.733145e+09
05:18:01,7483.23,8.57026,8.57026e+09
05:18:05,7483.23,9.733145,9.733145e+09
05:18:31,7483.23,8.57026,8.57026e+09
05:18:35,7483.23,9.739805,9.739805e+09
05:19:01,7483.23,9.011592,9.011591e+09
05:19:05,7483.23,9.739805,9.739805e+09
05:19:31,7483.23,9.011592,9.011591e+09
05:19:35,7483.23,9.631466,9.631465e+09
05:20:01,7483.23,8.933677,8.933676e+09
05:20:05,7483.23,9.631466,9.631465e+09
05:20:31,7483.23,8.933677,8.933676e+09
05:20:35,7483.23,9.701551,9.701551e+09
05:21:01,7483.23,8.585653,8.585653e+09
05:21:05,7483.23,9.701551,9.701551e+09
05:21:31,7483.23,8.585653,8.585653e+09
05:21:35,7483.23,9.377891,9.37789e+09
05:22:01,7483.23,8.68131,8.681309e+09
05:22:05,7483.23,9.377891,9.37789e+09
05:22:31,7483.23,8.68131,8.681309e+09
05:22:35,7483.23,9.873736,9.873737e+09
05:23:01,7483.23,8.820137,8.820137e+09
05:23:05,7483.23,9.873736,9.873737e+09
05:23:31,7483.23,8.820137,8.820137e+09
05:23:35,7483.23,9.689314,9.689314e+09
05:24:01,7483.23,8.867687,8.867687e+09
05:24:05,7483.23,9.689314,9.689314e+09
05:24:31,7483.23,8.867687,8.867687e+09
05:24:35,7483.23,9.681062,9.681062e+09
05:25:01,7483.23,9.092369,9.092369e+09
05:25:05,7483.23,9.681062,9.681062e+09
05:25:31,7483.23,9.092369,9.092369e+09
05:25:35,7483.23,10.158356,1.0158355e+10
05:26:01,7483.23,9.382416,9.382415e+09
05:26:05,7483.23,10.158356,1.0158355e+10
05:26:31,7483.23,9.382416,9.382415e+09
05:26:35,7483.23,10.443332,1.0443332e+10
05:27:01,7483.23,9.545869,9.545868e+09
05:27:05,7483.23,10.443332,1.0443332e+10
05:27:31,7483.23,9.545869,9.545868e+09
05:27:35,7483.23,10.011894,1.0011894e+10
05:28:01,7483.23,8.967901,8.967901e+09
05:28:05,7483.23,10.011894,1.0011894e+10
05:28:31,7483.23,8.967901,8.967901e+09
05:28:35,7483.23,9.964329,9.964329e+09
05:29:01,7483.23,8.429799,8.4297994e+09
05:29:05,7483.23,9.964329,9.964329e+09
05:29:31,7483.23,8.429799,8.4297994e+09
05:29:35,7483.23,9.452786,9.452786e+09
05:30:01,7483.23,8.503863,8.5038633e+09
05:30:05,7483.23,9.452786,9.452786e+09
05:30:31,7483.23,8.503863,8.5038633e+09
05:30:35,7483.23,9.341586,9.341585e+09
05:31:01,7483.23,8.481802,8.481802e+09
05:31:05,7483.23,9.341586,9.341585e+09
05:31:31,7483.23,8.481802,8.481802e+09
05:31:35,7483.23,9.391626,9.391627e+09
05:32:01,7483.23,8.363428,8.363428e+09
05:32:05,7483.23,9.391626,9.391627e+09
05:32:31,7483.23,8.363428,8.363428e+09
05:32:35,7483.23,9.130876,9.130876e+09
05:33:01,7483.23,8.006991,8.0069914e+09
05:33:05,7483.23,9.130876,9.130876e+09
05:33:31,7483.23,8.006991,8.0069914e+09
05:33:35,7483.23,9.065275,9.065275e+09
05:34:01,7483.23,8.131115,8.1311145e+09
05:34:05,7483.23,9.065275,9.065275e+09
05:34:31,7483.23,8.131115,8.1311145e+09
05:34:35,7483.23,9.063398,9.063398e+09
05:35:01,7483.23,7.9263544,7.9263544e+09
05:35:05,7483.23,9.063398,9.063398e+09
05:35:31,7483.23,7.9263544,7.9263544e+09
05:35:35,7483.23,9.048817,9.048817e+09
05:36:01,7483.23,8.057638,8.057638e+09
05:36:05,7483.23,9.048817,9.048817e+09
05:36:31,7483.23,8.057638,8.057638e+09
05:36:35,7483.23,9.033996,9.033995e+09
05:37:01,7483.23,8.02859,8.0285906e+09
05:37:05,7483.23,9.033996,9.033995e+09
05:37:31,7483.23,8.02859,8.0285906e+09
05:37:35,7483.23,9.020916,9.020916e+09
05:38:01,7483.23,8.070126,8.0701256e+09
05:38:05,7483.23,9.020916,9.020916e+09
05:38:31,7483.23,8.070126,8.0701256e+09
05:38:35,7483.23,8.94222,8.94222e+09
05:39:01,7483.23,7.7329106,7.7329106e+09
05:39:05,7483.23,8.94222,8.94222e+09
05:39:31,7483.23,7.7329106,7.7329106e+09
05:39:35,7483.23,8.773492,8.773493e+09
05:40:01,7483.23,7.831923,7.831923e+09
05:40:05,7483.23,8.773492,8.773493e+09
05:40:31,7483.23,7.831923,7.831923e+09
05:40:35,7483.23,8.851413,8.851413e+09
05:41:01,7483.23,7.9255943,7.9255946e+09
05:41:05,7483.23,8.851413,8.851413e+09
05:41:31,7483.23,7.9255943,7.9255946e+09
05:41:35,7483.23,8.878584,8.878584e+09
05:42:01,7483.23,7.863354,7.8633544e+09
05:42:05,7483.23,8.878584,8.878584e+09
05:42:31,7483.23,7.863354,7.8633544e+09
05:42:35,7483.23,8.8737,8.873699e+09
05:43:01,7483.23,7.7670636,7.7670636e+09
05:43:05,7483.23,8.8737,8.873699e+09
05:43:31,7483.23,7.7670636,7.7670636e+09
05:43:35,7483.23,8.671213,8.671213e+09
05:44:01,7483.23,7.8119607,7.811961e+09
05:44:05,7483.23,8.671213,8.671213e+09
05:44:31,7483.23,7.8119607,7.811961e+09
05:44:35,7483.23,8.794415,8.794415e+09
05:45:01,7483.23,7.8128,7.8128e+09
05:45:05,7483.23,8.794415,8.794415e+09
05:45:31,7483.23,7.8128,7.8128e+09
05:45:35,7483.23,9.033743,9.033742e+09
05:46:01,7483.23,8.178049,8.178049e+09
05:46:05,7483.23,9.033743,9.033742e+09
05:46:31,7483.23,8.178049,8.178049e+09
05:46:35,7483.23,9.264687,9.264687e+09
05:47:01,7483.23,8.331482,8.331482e+09
05:47:05,7483.23,9.264687,9.264687e+09
05:47:31,7483.23,8.331482,8.331482e+09
05:47:35,7483.23,9.287096,9.287096e+09
05:48:01,7483.23,8.174744,8.174744e+09
05:48:05,7483.23,9.287096,9.287096e+09
05:48:31,7483.23,8.174744,8.174744e+09
05:48:35,7483.23,9.125907,9.125906e+09
05:49:01,7483.23,8.217482,8.217481e+09
05:49:05,7483.23,9.125907,9.125906e+09
05:49:31,7483.23,8.217482,8.217481e+09
05:49:35,7483.23,9.150346,9.150346e+09
05:50:01,7483.23,8.188684,8.188685e+09
05:50:05,7483.23,9.150346,9.150346e+09
05:50:31,7483.23,8.188684,8.188685e+09
05:50:35,7483.23,9.141585,9.141585e+09
05:51:01,7483.23,8.065837,8.065837e+09
05:51:05,7483.23,9.141585,9.141585e+09
05:51:31,7483.23,8.065837,8.065837e+09
05:51:35,7483.23,8.957422,8.957422e+09
05:52:01,7483.23,8.065751,8.0657516e+09
05:52:05,7483.23,8.957422,8.957422e+09
05:52:31,7483.23,8.065751,8.0657516e+09
05:52:35,7483.23,9.194571,9.194571e+09
05:53:01,7483.23,8.179662,8.1796613e+09
05:53:05,7483.23,9.194571,9.194571e+09
05:53:31,7483.23,8.179662,8.1796613e+09
05:53:35,7483.23,9.216691,9.216691e+09
05:54:01,7483.23,8.063172,8.063172e+09
05:54:05,7483.23,9.216691,9.216691e+09
05:54:31,7483.23,8.063172,8.063172e+09
05:54:35,7483.23,9.229255,9.229255e+09
05:55:01,7483.23,8.223411,8.2234107e+09
05:55:05,7483.23,9.229255,9.229255e+09
05:55:31,7483.23,8.223411,8.2234107e+09
05:55:35,7483.23,9.21436,9.214361e+09
05:56:01,7483.23,8.424143,8.4241423e+09
05:56:05,7483.23,9.21436,9.214361e+09
05:56:31,7483.23,8.424143,8.4241423e+09
05:56:35,7483.23,9.394265,9.394265e+09
05:57:01,7483.23,8.9477625,8.947762e+09
05:57:05,7483.23,9.394265,9.394265e+09
05:57:31,7483.23,8.9477625,8.947762e+09
05:57:35,7483.23,9.896812,9.896813e+09
05:58:01,7483.23,8.368453,8.368453e+09
05:58:05,7483.23,9.896812,9.896813e+09
05:58:31,7483.23,8.368453,8.368453e+09
05:58:35,7483.23,9.534731,9.534731e+09
05:59:01,7483.23,8.735271,8.735272e+09
05:59:05,7483.23,9.534731,9.534731e+09
05:59:31,7483.23,8.735271,8.735272e+09
05:59:35,7483.23,9.610825,9.610825e+09
06:00:01,7483.23,8.677884,8.677884e+09
06:00:05,7483.23,9.610825,9.610825e+09
06:00:31,7483.23,8.677884,8.677884e+09
06:00:35,7483.23,9.838253,9.838253e+09
06:01:01,7483.23,9.011495,9.011494e+09
06:01:05,7483.23,9.838253,9.838253e+09
06:01:31,7483.23,9.011495,9.011494e+09
06:01:35,7483.23,9.996912,9.996912e+09
06:02:01,7483.23,9.770719,9.770719e+09
06:02:05,7483.23,9.996912,9.996912e+09
06:02:31,7483.23,9.770719,9.770719e+09
06:02:35,7483.23,10.535803,1.0535803e+10
06:03:01,7483.23,9.706125,9.706125e+09
06:03:05,7483.23,10.535803,1.0535803e+10
06:03:31,7483.23,9.706125,9.706125e+09
06:03:35,7483.23,11.036912,1.1036913e+10
06:04:01,7483.23,10.6615095,1.066151e+10
06:04:05,7483.23,11.036912,1.1036913e+10
06:04:31,7483.23,10.6615095,1.066151e+10
06:04:35,7483.23,11.371803,1.1371804e+10
06:05:01,7483.23,10.817388,1.0817388e+10
06:05:05,7483.23,11.371803,1.1371804e+10
06:05:31,7483.23,10.817388,1.0817388e+10
06:05:35,7483.23,11.584556,1.1584556e+10
06:06:01,7483.23,10.143822,1.0143822e+10
06:06:05,7483.23,11.584556,1.1584556e+10
06:06:31,7483.23,10.143822,1.0143822e+10
06:06:35,7483.23,10.806874,1.0806875e+10
06:07:01,7483.23,9.800654,9.800654e+09
06:07:05,7483.23,10.806874,1.0806875e+10
06:07:31,7483.23,9.800654,9.800654e+09
06:07:35,7483.23,10.227357,1.0227357e+10
06:08:01,7483.23,9.545114,9.545114e+09
06:08:05,7483.23,10.227357,1.0227357e+10
06:08:31,7483.23,9.545114,9.545114e+09
06:08:35,7483.23,10.739321,1.0739321e+10
06:09:01,7483.23,9.933897,9.933897e+09
06:09:05,7483.23,10.739321,1.0739321e+10
06:09:31,7483.23,9.933897,9.933897e+09
06:09:35,7483.23,10.968712,1.0968712e+10
06:10:01,7483.23,9.950018,9.950018e+09
06:10:05,7483.23,10.968712,1.0968712e+10
06:10:31,7483.23,9.950018,9.950018e+09
06:10:35,7483.23,10.678737,1.0678737e+10
06:11:01,7483.23,9.495378,9.495378e+09
06:11:05,7483.23,10.678737,1.0678737e+10
06:11:31,7483.23,9.495378,9.495378e+09
06:11:35,7483.23,10.598954,1.0598954e+10
06:12:01,7483.23,9.830403,9.830403e+09
06:12:05,7483.23,10.598954,1.0598954e+10
06:12:31,7483.23,9.830403,9.830403e+09
06:12:35,7483.23,10.984375,1.0984374e+10
06:13:01,7483.23,10.18933,1.0189329e+10
06:13:05,7483.23,10.984375,1.0984374e+10
06:13:31,7483.23,10.18933,1.0189329e+10
06:13:35,7483.23,11.127835,1.1127836e+10
06:14:01,7483.23,10.267312,1.0267312e+10
06:14:05,7483.23,11.127835,1.1127836e+10
06:14:31,7483.23,10.267312,1.0267312e+10
06:14:35,7483.23,11.12299,1.1122989e+10
06:15:01,7483.23,10.40629,1.040629e+10
06:15:05,7483.23,11.12299,1.1122989e+10
06:15:31,7483.23,10.40629,1.040629e+10
06:15:35,7483.23,11.135491,1.1135492e+10
06:16:01,7483.23,10.081056,1.0081056e+10
06:16:05,7483.23,11.135491,1.1135492e+10
06:16:31,7483.23,10.081056,1.0081056e+10
06:16:35,7483.23,10.792702,1.0792701e+10
06:17:01,7483.23,10.407093,1.0407093e+10
06:17:05,7483.23,10.792702,1.0792701e+10
06:17:31,7483.23,10.407093,1.0407093e+10
06:17:35,7483.23,11.091398,1.1091398e+10
06:18:01,7483.23,10.201321,1.020132e+10
06:18:05,7483.23,11.091398,1.1091398e+10
06:18:31,7483.23,10.201321,1.020132e+10
06:18:35,7483.23,10.943224,1.0943224e+10
06:19:01,7483.23,9.991036,9.991037e+09
06:19:05,7483.23,10.943224,1.0943224e+10
06:19:31,7483.23,9.991036,9.991037e+09
06:19:35,7483.23,10.672956,1.0672956e+10
06:20:01,7483.23,9.076208,9.076209e+09
06:20:05,7483.23,10.672956,1.0672956e+10
06:20:31,7483.23,9.076208,9.076209e+09
06:20:36,7483.23,9.934629,9.93463e+09
06:21:01,7483.23,9.450885,9.450884e+09
06:21:05,7483.23,9.934629,9.93463e+09
06:21:31,7483.23,9.450885,9.450884e+09
06:21:35,7483.23,10.274356,1.0274356e+10
06:22:01,7483.23,9.150666,9.150667e+09
06:22:05,7483.23,10.274356,1.0274356e+10
06:22:31,7483.23,9.150666,9.150667e+09
06:22:35,7483.23,10.135719,1.0135719e+10
06:23:01,7483.23,9.359636,9.359636e+09
06:23:05,7483.23,10.135719,1.0135719e+10
06:23:31,7483.23,9.359636,9.359636e+09
06:23:35,7483.23,10.531254,1.0531254e+10
06:24:01,7483.23,9.370805,9.370804e+09
06:24:05,7483.23,10.531254,1.0531254e+10
06:24:31,7483.23,9.370805,9.370804e+09
06:24:35,7483.23,9.998507,9.998506e+09
06:25:01,7483.23,8.987239,8.987238e+09
06:25:05,7483.23,9.998507,9.998506e+09
06:25:31,7483.23,8.987239,8.987238e+09
06:25:36,7483.23,9.609003,9.609003e+09
06:26:01,7483.23,8.548287,8.548287e+09
06:26:06,7483.23,9.609003,9.609003e+09
06:26:31,7483.23,8.548287,8.548287e+09
06:26:35,7483.23,9.3848915,9.384891e+09
06:27:01,7483.23,8.375104,8.3751045e+09
06:27:05,7483.23,9.3848915,9.384891e+09
06:27:31,7483.23,8.375104,8.3751045e+09
06:27:36,7483.23,9.305728,9.305728e+09
06:28:01,7483.23,8.498056,8.4980567e+09
06:28:05,7483.23,9.305728,9.305728e+09
06:28:31,7483.23,8.498056,8.4980567e+09
06:28:35,7483.23,9.677475,9.677475e+09
06:29:01,7483.23,8.918077,8.918077e+09
06:29:06,7483.23,9.677475,9.677475e+09
06:29:31,7483.23,8.918077,8.918077e+09
06:29:36,7483.23,9.8889675,9.888968e+09
06:30:01,7483.23,8.636381,8.636381e+09
06:30:06,7483.23,9.8889675,9.888968e+09
06:30:31,7483.23,8.636381,8.636381e+09
06:30:36,7483.23,9.329888,9.329888e+09
06:31:01,7483.23,8.636381,8.636381e+09
06:31:06,7483.23,9.329888,9.329888e+09
06:31:31,7483.23,8.380081,8.3800817e+09
06:31:36,7483.23,9.274018,9.274018e+09
06:32:01,7483.23,8.380081,8.3800817e+09
06:32:06,7483.23,9.274018,9.274018e+09
06:32:31,7483.23,8.165756,8.165756e+09
06:32:36,7483.23,9.222805,9.222804e+09
06:33:01,7483.23,8.165756,8.165756e+09
06:33:06,7483.23,9.222805,9.222804e+09
06:33:31,7483.23,8.32604,8.32604e+09
06:33:36,7483.23,9.081183,9.081183e+09
06:34:01,7483.23,8.32604,8.32604e+09
06:34:06,7483.23,9.081183,9.081183e+09
06:34:31,7483.23,7.998189,7.998189e+09
06:34:36,7483.23,8.709666,8.709666e+09
06:35:01,7483.23,7.998189,7.998189e+09
06:35:06,7483.23,8.709666,8.709666e+09
06:35:31,7483.23,7.8061385,7.806139e+09
06:35:36,7483.23,8.794769,8.794768e+09
06:36:01,7483.23,7.8061385,7.806139e+09
06:36:06,7483.23,8.794769,8.794768e+09
06:36:31,7483.23,7.832107,7.832107e+09
06:36:36,7483.23,8.75779,8.75779e+09
06:37:01,7483.23,7.832107,7.832107e+09
06:37:06,7483.23,8.75779,8.75779e+09
06:37:31,7483.23,7.8408957,7.840896e+09
06:37:36,7483.23,8.715784,8.715783e+09
06:38:01,7483.23,7.8408957,7.840896e+09
06:38:06,7483.23,8.715784,8.715783e+09
06:38:31,7483.23,7.7425146,7.7425147e+09
06:38:36,7483.23,8.660999,8.661e+09
06:39:01,7483.23,7.7425146,7.7425147e+09
06:39:06,7483.23,8.660999,8.661e+09
06:39:31,7483.23,7.5851517,7.5851515e+09
06:39:36,7483.23,8.596679,8.596679e+09
06:40:01,7483.23,7.5851517,7.5851515e+09
06:40:06,7483.23,8.596679,8.596679e+09
06:40:31,7483.23,7.574391,7.5743913e+09
06:40:36,7483.23,8.545235,8.5452344e+09
06:41:01,7483.23,7.574391,7.5743913e+09
06:41:06,7483.23,8.545235,8.5452344e+09
06:41:31,7483.23,7.591507,7.591507e+09
06:41:36,7483.23,8.565313,8.565313e+09
06:42:01,7483.23,7.591507,7.591507e+09
06:42:06,7483.23,8.565313,8.565313e+09
06:42:31,7483.23,7.5884542,7.5884544e+09
06:42:36,7483.23,8.557446,8.5574456e+09
06:43:01,7483.23,7.5884542,7.5884544e+09
06:43:06,7483.23,8.557446,8.5574456e+09
06:43:31,7483.23,7.590784,7.590784e+09
06:43:36,7483.23,8.632298,8.632298e+09
06:44:01,7483.23,7.590784,7.590784e+09
06:44:06,7483.23,8.632298,8.632298e+09
06:44:31,7483.23,7.7422137,7.742214e+09
06:44:36,7483.23,8.726927,8.726926e+09
06:45:01,7483.23,7.7422137,7.742214e+09
06:45:06,7483.23,8.726927,8.726926e+09
06:45:31,7483.23,7.7369637,7.736964e+09
06:45:36,7483.23,8.666807,8.666807e+09
06:46:01,7483.23,7.7369637,7.736964e+09
06:46:06,7483.23,8.666807,8.666807e+09
06:46:31,7483.23,7.7551265,7.7551263e+09
06:46:36,7483.23,8.592431,8.592431e+09
06:47:01,7483.23,7.7551265,7.7551263e+09
06:47:06,7483.23,8.592431,8.592431e+09
06:47:31,7483.23,7.679543,7.6795433e+09
06:47:36,7483.23,8.635927,8.635928e+09
06:48:01,7483.23,7.679543,7.6795433e+09
06:48:06,7483.23,8.635927,8.635928e+09
06:48:31,7483.23,7.684645,7.6846454e+09
06:48:36,7483.23,8.691337,8.691337e+09
06:49:01,7483.23,7.684645,7.6846454e+09
06:49:06,7483.23,8.691337,8.691337e+09
06:49:31,7483.23,7.7893133,7.7893135e+09
06:49:36,7483.23,8.5789175,8.578918e+09
06:50:01,7483.23,7.7893133,7.7893135e+09
06:50:06,7483.23,8.5789175,8.578918e+09
06:50:31,7483.23,7.6662354,7.6662354e+09
06:50:36,7483.23,8.664939,8.664938e+09
06:51:01,7483.23,7.6662354,7.6662354e+09
06:51:06,7483.23,8.664939,8.664938e+09
06:51:31,7483.23,7.6465607,7.646561e+09
06:51:36,7483.23,8.703364,8.703364e+09
06:52:01,7483.23,7.6465607,7.646561e+09
06:52:06,7483.23,8.703364,8.703364e+09
06:52:31,7483.23,7.7960935,7.7960934e+09
06:52:36,7483.23,8.797828,8.797828e+09
06:53:01,7483.23,7.7960935,7.7960934e+09
06:53:06,7483.23,8.797828,8.797828e+09
06:53:31,7483.23,7.829227,7.829227e+09
06:53:36,7483.23,8.741212,8.741212e+09
06:54:01,7483.23,7.829227,7.829227e+09
06:54:06,7483.23,8.741212,8.741212e+09
06:54:31,7483.23,7.7033005,7.7033e+09
06:54:36,7483.23,8.518031,8.518031e+09
06:55:01,7483.23,7.7033005,7.7033e+09
06:55:06,7483.23,8.518031,8.518031e+09
06:55:31,7483.23,7.5426755,7.5426755e+09
06:55:36,7483.23,8.567311,8.5673114e+09
06:56:01,7483.23,7.5426755,7.5426755e+09
06:56:06,7483.23,8.567311,8.5673114e+09
06:56:31,7483.23,7.571375,7.571375e+09
06:56:36,7483.23,8.603304,8.603304e+09
06:57:01,7483.23,7.571375,7.571375e+09
06:57:06,7483.23,8.603304,8.603304e+09
06:57:31,7483.23,7.575003,7.575003e+09
06:57:36,7483.23,8.529834,8.5298335e+09
06:58:01,7483.23,7.575003,7.575003e+09
06:58:06,7483.23,8.529834,8.5298335e+09
06:58:31,7483.23,7.616962,7.616962e+09
06:58:36,7483.23,8.405656,8.405656e+09
06:59:01,7483.23,7.616962,7.616962e+09
06:59:06,7483.23,8.405656,8.405656e+09
06:59:31,7483.23,7.3814654,7.3814656e+09
06:59:36,7483.23,8.396372,8.396372e+09
07:00:01,7483.23,7.3814654,7.3814656e+09
07:00:06,7483.23,8.396372,8.396372e+09
07:00:31,7483.23,7.4168367,7.4168366e+09
07:00:36,7483.23,8.324388,8.324388e+09
07:01:01,7483.23,7.4168367,7.4168366e+09
07:01:06,7483.23,8.324388,8.324388e+09
07:01:31,7483.23,7.408961,7.4089605e+09
07:01:36,7483.23,8.273542,8.2735427e+09
07:02:01,7483.23,7.408961,7.4089605e+09
07:02:06,7483.23,8.273542,8.2735427e+09
07:02:31,7483.23,7.331691,7.331691e+09
07:02:36,7483.23,8.274772,8.274772e+09
07:03:01,7483.23,7.331691,7.331691e+09
07:03:06,7483.23,8.274772,8.274772e+09
07:03:31,7483.23,7.3013434,7.3013437e+09
07:03:36,7483.23,8.375099,8.3750994e+09
07:04:01,7483.23,7.3013434,7.3013437e+09
07:04:06,7483.23,8.375099,8.3750994e+09
07:04:31,7483.23,7.5293307,7.5293307e+09
07:04:36,7483.23,8.601334,8.601334e+09
07:05:01,7483.23,7.5293307,7.5293307e+09
07:05:06,7483.23,8.601334,8.601334e+09
07:05:31,7483.23,7.730742,7.730742e+09
07:05:36,7483.23,8.64739,8.64739e+09
07:06:01,7483.23,7.730742,7.730742e+09
07:06:06,7483.23,8.64739,8.64739e+09
07:06:31,7483.23,7.8658385,7.8658386e+09
07:06:36,7483.23,8.816135,8.816135e+09
07:07:01,7483.23,7.8658385,7.8658386e+09
07:07:06,7483.23,8.816135,8.816135e+09
07:07:31,7483.23,7.897457,7.897457e+09
07:07:36,7483.23,8.876547,8.876547e+09
07:08:01,7483.23,7.897457,7.897457e+09
07:08:06,7483.23,8.876547,8.876547e+09
07:08:31,7483.23,7.9139433,7.913943e+09
07:08:36,7483.23,8.781768,8.781768e+09
07:09:01,7483.23,7.9139433,7.913943e+09
07:09:06,7483.23,8.781768,8.781768e+09
07:09:31,7483.23,7.8166456,7.8166456e+09
07:09:36,7483.23,8.715114,8.715113e+09
07:10:01,7483.23,7.8166456,7.8166456e+09
07:10:06,7483.23,8.715114,8.715113e+09
07:10:31,7483.23,7.6920433,7.6920433e+09
07:10:36,7483.23,8.630929,8.630929e+09
07:11:01,7483.23,7.6920433,7.6920433e+09
07:11:06,7483.23,8.630929,8.630929e+09
07:11:31,7483.23,7.686805,7.686805e+09
07:11:36,7483.23,8.556377,8.5563776e+09
07:12:01,7483.23,7.686805,7.686805e+09
07:12:06,7483.23,8.556377,8.5563776e+09
07:12:31,7483.23,7.641757,7.6417567e+09
07:12:36,7483.23,8.422536,8.4225357e+09
07:13:01,7483.23,7.641757,7.6417567e+09
07:13:06,7483.23,8.422536,8.4225357e+09
07:13:31,7483.23,7.464461,7.464461e+09
07:13:36,7483.23,8.400674,8.400674e+09
07:14:01,7483.23,7.464461,7.464461e+09
07:14:06,7483.23,8.400674,8.400674e+09
07:14:31,7483.23,7.3541055,7.3541053e+09
07:14:36,7483.23,8.393023,8.393022e+09
07:15:01,7483.23,7.3541055,7.3541053e+09
07:15:06,7483.23,8.393023,8.393022e+09
07:15:31,7483.23,7.4135118,7.4135117e+09
07:15:36,7483.23,8.375097,8.3750973e+09
07:16:01,7483.23,7.4135118,7.4135117e+09
07:16:06,7483.23,8.375097,8.3750973e+09
07:16:31,7483.23,7.3789434,7.3789435e+09
07:16:36,7483.23,8.374701,8.3747005e+09
07:17:01,7483.23,7.3789434,7.3789435e+09
07:17:06,7483.23,8.374701,8.3747005e+09
07:17:31,7483.23,7.38685,7.38685e+09
07:17:36,7483.23,8.443466,8.4434657e+09
07:18:01,7483.23,7.38685,7.38685e+09
07:18:06,7483.23,8.443466,8.4434657e+09
07:18:31,7483.23,7.600848,7.6008484e+09
07:18:36,7483.23,8.715314,8.715313e+09
07:19:01,7483.23,7.600848,7.6008484e+09
07:19:06,7483.23,8.715314,8.715313e+09
07:19:31,7483.23,7.7186203,7.71862e+09
07:19:36,7483.23,8.637683,8.637683e+09
07:20:01,7483.23,7.7186203,7.71862e+09
07:20:06,7483.23,8.637683,8.637683e+09
07:20:31,7483.23,7.5777864,7.5777864e+09
07:20:36,7483.23,8.611922,8.611923e+09
07:21:01,7483.23,7.5777864,7.5777864e+09
07:21:06,7483.23,8.611922,8.611923e+09
07:21:31,7483.23,7.7191796,7.71918e+09
07:21:36,7483.23,8.711531,8.71153e+09
07:22:01,7483.23,7.7191796,7.71918e+09
07:22:06,7483.23,8.711531,8.71153e+09
07:22:31,7483.23,7.726635,7.726635e+09
07:22:36,7483.23,8.673858,8.673858e+09
07:23:01,7483.23,7.726635,7.726635e+09
07:23:06,7483.23,8.673858,8.673858e+09
07:23:31,7483.23,7.504485,7.5044854e+09
07:23:36,7483.23,8.349972,8.3499715e+09
07:24:01,7483.23,7.504485,7.5044854e+09
07:24:06,7483.23,8.349972,8.3499715e+09
07:24:31,7483.23,7.3384223,7.3384223e+09
07:24:36,7483.23,8.321507,8.3215073e+09
07:25:01,7483.23,7.3384223,7.3384223e+09
07:25:06,7483.23,8.321507,8.3215073e+09
07:25:31,7483.23,7.355884,7.355884e+09
07:25:36,7483.23,8.332203,8.3322025e+09
07:26:01,7483.23,7.355884,7.355884e+09
07:26:06,7483.23,8.332203,8.3322025e+09
07:26:31,7483.23,7.3364787,7.3364787e+09
07:26:36,7483.23,8.295831,8.2958305e+09
07:27:01,7483.23,7.3364787,7.3364787e+09
07:27:06,7483.23,8.295831,8.2958305e+09
07:27:31,7483.23,7.274051,7.274051e+09
07:27:36,7483.23,8.266179,8.2661786e+09
07:28:01,7483.23,7.274051,7.274051e+09
07:28:06,7483.23,8.266179,8.2661786e+09
07:28:31,7483.23,7.2858567,7.285857e+09
07:28:36,7483.23,8.271648,8.2716483e+09
07:29:01,7483.23,7.2858567,7.285857e+09
07:29:06,7483.23,8.271648,8.2716483e+09
07:29:31,7483.23,7.210779,7.210779e+09
07:29:36,7483.23,8.233481,8.233481e+09
07:30:01,7483.23,7.210779,7.210779e+09
07:30:06,7483.23,8.233481,8.233481e+09
07:30:31,7483.23,7.2593837,7.2593833e+09
07:30:36,7483.23,8.151111,8.151111e+09
07:31:01,7483.23,7.2593837,7.2593833e+09
07:31:06,7483.23,8.151111,8.151111e+09
07:31:31,7483.23,7.321351,7.321351e+09
07:31:36,7483.23,8.26121,8.2612106e+09
07:32:01,7483.23,7.321351,7.321351e+09
07:32:06,7483.23,8.26121,8.2612106e+09
07:32:31,7483.23,7.25306,7.25306e+09
07:32:36,7483.23,8.226836,8.226836e+09
07:33:01,7483.23,7.25306,7.25306e+09
07:33:06,7483.23,8.226836,8.226836e+09
07:33:31,7483.23,7.285022,7.285022e+09
07:33:36,7483.23,8.273009,8.2730097e+09
07:34:01,7483.23,7.285022,7.285022e+09
07:34:06,7483.23,8.273009,8.2730097e+09
07:34:31,7483.23,7.1917725,7.191772e+09
07:34:36,7483.23,8.271663,8.271663e+09
07:35:01,7483.23,7.1917725,7.191772e+09
07:35:06,7483.23,8.271663,8.271663e+09
07:35:31,7483.23,7.366883,7.366883e+09
07:35:36,7483.23,8.31106,8.31106e+09
07:36:01,7483.23,7.366883,7.366883e+09
07:36:06,7483.23,8.31106,8.31106e+09
07:36:31,7483.23,7.3131385,7.313138e+09
07:36:36,7483.23,8.19777,8.19777e+09
07:37:01,7483.23,7.3131385,7.313138e+09
07:37:06,7483.23,8.19777,8.19777e+09
07:37:31,7483.23,7.286041,7.2860406e+09
07:37:36,7483.23,8.278413,8.2784123e+09
07:38:01,7483.23,7.286041,7.2860406e+09
07:38:06,7483.23,8.278413,8.2784123e+09
07:38:31,7483.23,7.1670747,7.167075e+09
07:38:36,7483.23,8.009513,8.0095135e+09
07:39:01,7483.23,7.1670747,7.167075e+09
07:39:06,7483.23,8.009513,8.0095135e+09
07:39:31,7483.23,7.040068,7.040068e+09
07:39:36,7483.23,8.01323,8.0132306e+09
07:40:01,7483.23,7.040068,7.040068e+09
07:40:06,7483.23,8.01323,8.0132306e+09
07:40:31,7483.23,7.0299134,7.0299136e+09
07:40:36,7483.23,8.013072,8.013072e+09
07:41:01,7483.23,7.0299134,7.0299136e+09
07:41:06,7483.23,8.013072,8.013072e+09
07:41:31,7483.23,7.1216655,7.1216655e+09
07:41:36,7483.23,8.202619,8.2026184e+09
07:42:01,7483.23,7.1216655,7.1216655e+09
07:42:06,7483.23,8.202619,8.2026184e+09
07:42:31,7483.23,7.014707,7.014707e+09
07:42:36,7483.23,8.003299,8.0032983e+09
07:43:01,7483.23,7.014707,7.014707e+09
07:43:06,7483.23,8.003299,8.0032983e+09
07:43:31,7483.23,6.997084,6.997084e+09
07:43:36,7483.23,8.004565,8.0045655e+09
07:44:01,7483.23,6.997084,6.997084e+09
07:44:06,7483.23,8.004565,8.0045655e+09
07:44:31,7483.23,6.9900007,6.9900006e+09
07:44:36,7483.23,7.999605,7.999605e+09
07:45:01,7483.23,6.9900007,6.9900006e+09
07:45:06,7483.23,7.999605,7.999605e+09
07:45:31,7483.23,6.995009,6.995009e+09
07:45:36,7483.23,7.9652896,7.9652895e+09
07:46:01,7483.23,6.995009,6.995009e+09
07:46:06,7483.23,7.9652896,7.9652895e+09
07:46:31,7483.23,6.969947,6.969947e+09
07:46:36,7483.23,7.964257,7.964257e+09
07:47:01,7483.23,6.969947,6.969947e+09
07:47:06,7483.23,7.964257,7.964257e+09
07:47:31,7483.23,6.9781322,6.978132e+09
07:47:36,7483.23,7.971076,7.971076e+09
07:48:01,7483.23,6.9781322,6.978132e+09
07:48:06,7483.23,7.971076,7.971076e+09
07:48:31,7483.23,6.9586196,6.9586196e+09
07:48:36,7483.23,7.931128,7.9311283e+09
07:49:01,7483.23,6.9586196,6.9586196e+09
07:49:06,7483.23,7.931128,7.9311283e+09
07:49:31,7483.23,6.9882884,6.9882885e+09
07:49:36,7483.23,8.039393,8.0393933e+09
07:50:01,7483.23,6.9882884,6.9882885e+09
07:50:06,7483.23,8.039393,8.0393933e+09
07:50:31,7483.23,7.0954576,7.0954573e+09
07:50:36,7483.23,8.074577,8.074577e+09
07:51:01,7483.23,7.0954576,7.0954573e+09
07:51:06,7483.23,8.074577,8.074577e+09
07:51:31,7483.23,7.029406,7.0294057e+09
07:51:36,7483.23,8.051156,8.0511565e+09
07:52:01,7483.23,7.029406,7.0294057e+09
07:52:06,7483.23,8.051156,8.0511565e+09
07:52:31,7483.23,7.057439,7.057439e+09
07:52:36,7483.23,8.083458,8.0834575e+09
07:53:01,7483.23,7.057439,7.057439e+09
07:53:06,7483.23,8.083458,8.0834575e+09
07:53:31,7483.23,7.0821133,7.0821135e+09
07:53:36,7483.23,8.165194,8.1651937e+09
07:54:01,7483.23,7.0821133,7.0821135e+09
07:54:06,7483.23,8.165194,8.1651937e+09
07:54:31,7483.23,7.1768446,7.176845e+09
07:54:36,7483.23,8.247071,8.247071e+09
07:55:01,7483.23,7.1768446,7.176845e+09
07:55:06,7483.23,8.247071,8.247071e+09
07:55:31,7483.23,7.3735085,7.3735086e+09
07:55:36,7483.23,8.252101,8.2521006e+09
07:56:01,7483.23,7.3735085,7.3735086e+09
07:56:06,7483.23,8.252101,8.2521006e+09
07:56:31,7483.23,7.259201,7.259201e+09
07:56:36,7483.23,8.2397,8.2397e+09
07:57:01,7483.23,7.259201,7.259201e+09
07:57:06,7483.23,8.2397,8.2397e+09
07:57:31,7483.23,7.219528,7.219528e+09
07:57:36,7483.23,8.2947645,8.2947645e+09
07:58:01,7483.23,7.219528,7.219528e+09
07:58:06,7483.23,8.2947645,8.2947645e+09
07:58:31,7483.23,7.3407235,7.340723e+09
07:58:36,7483.23,8.287754,8.287754e+09
07:59:01,7483.23,7.3407235,7.340723e+09
07:59:06,7483.23,8.287754,8.287754e+09
07:59:31,7483.23,7.6070676,7.607067e+09
07:59:36,7483.23,8.38299,8.3829903e+09
08:00:01,7483.23,7.6070676,7.607067e+09
08:00:06,7483.23,8.38299,8.3829903e+09
08:00:31,7483.23,7.539604,7.5396045e+09
08:00:36,7483.23,8.610556,8.610556e+09
08:01:01,7483.23,7.539604,7.5396045e+09
08:01:06,7483.23,8.610556,8.610556e+09
08:01:31,7483.23,7.6226964,7.6226964e+09
08:01:36,7483.23,8.659758,8.659758e+09
08:02:01,7483.23,7.6226964,7.6226964e+09
08:02:06,7483.23,8.659758,8.659758e+09
08:02:31,7483.23,7.724846,7.724846e+09
08:02:36,7483.23,8.52921,8.52921e+09
08:03:01,7483.23,7.724846,7.724846e+09
08:03:06,7483.23,8.52921,8.52921e+09
08:03:31,7483.23,7.4384336,7.4384333e+09
08:03:36,7483.23,8.372069,8.372069e+09
08:04:01,7483.23,7.4384336,7.4384333e+09
08:04:06,7483.23,8.372069,8.372069e+09
08:04:31,7483.23,7.3338027,7.3338025e+09
08:04:36,7483.23,8.465458,8.465458e+09
08:05:01,7483.23,7.3338027,7.3338025e+09
08:05:06,7483.23,8.465458,8.465458e+09
08:05:31,7483.23,7.2145786,7.2145787e+09
08:05:36,7483.23,8.198113,8.198114e+09
08:06:01,7483.23,7.2145786,7.2145787e+09
08:06:06,7483.23,8.198113,8.198114e+09
08:06:31,7483.23,7.241488,7.241488e+09
08:06:36,7483.23,8.015675,8.0156744e+09
08:07:01,7483.23,7.241488,7.241488e+09
08:07:06,7483.23,8.015675,8.0156744e+09
08:07:31,7483.23,7.183903,7.183903e+09
08:07:36,7483.23,8.185339,8.185339e+09
08:08:01,7483.23,7.183903,7.183903e+09
08:08:06,7483.23,8.185339,8.185339e+09
08:08:31,7483.23,7.191276,7.191276e+09
08:08:36,7483.23,8.16725,8.16725e+09
08:09:01,7483.23,7.191276,7.191276e+09
08:09:06,7483.23,8.16725,8.16725e+09
08:09:31,7483.23,7.124609,7.124609e+09
08:09:36,7483.23,8.148462,8.1484626e+09
08:10:01,7483.23,7.124609,7.124609e+09
08:10:06,7483.23,8.148462,8.1484626e+09
08:10:31,7483.23,7.131696,7.131696e+09
08:10:36,7483.23,8.14003,8.14003e+09
08:11:01,7483.23,7.131696,7.131696e+09
08:11:06,7483.23,8.14003,8.14003e+09
08:11:31,7483.23,7.0880823,7.0880824e+09
08:11:36,7483.23,8.182425,8.182425e+09
08:12:01,7483.23,7.0880823,7.0880824e+09
08:12:06,7483.23,8.182425,8.182425e+09
08:12:31,7483.23,7.1138644,7.1138647e+09
08:12:36,7483.23,7.9585104,7.9585106e+09
08:13:01,7483.23,7.1138644,7.1138647e+09
08:13:06,7483.23,7.9585104,7.9585106e+09
08:13:31,7483.23,7.0038047,7.0038047e+09
08:13:36,7483.23,7.984773,7.984773e+09
08:14:01,7483.23,7.0038047,7.0038047e+09
08:14:06,7483.23,7.984773,7.984773e+09
08:14:31,7483.23,6.9783735,6.978373e+09
08:14:36,7483.23,7.965103,7.965103e+09
08:15:01,7483.23,6.9783735,6.978373e+09
08:15:06,7483.23,7.965103,7.965103e+09
08:15:31,7483.23,6.9587207,6.958721e+09
08:15:36,7483.23,7.9659376,7.9659377e+09
08:16:01,7483.23,6.9587207,6.958721e+09
08:16:06,7483.23,7.9659376,7.9659377e+09
08:16:31,7483.23,6.955938,6.955938e+09
08:16:36,7483.23,7.929056,7.9290563e+09
08:17:01,7483.23,6.955938,6.955938e+09
08:17:06,7483.23,7.929056,7.9290563e+09
08:17:31,7483.23,6.9163218,6.916322e+09
08:17:36,7483.23,7.929056,7.9290563e+09
08:18:01,7483.23,6.9163218,6.916322e+09
08:18:06,7483.23,7.934141,7.9341414e+09
08:18:31,7483.23,6.937699,6.937699e+09
08:18:36,7483.23,7.934141,7.9341414e+09
08:19:01,7483.23,6.937699,6.937699e+09
08:19:06,7483.23,7.9664645,7.9664645e+09
08:19:31,7483.23,6.9474354,6.9474355e+09
08:19:36,7483.23,7.9664645,7.9664645e+09
08:20:01,7483.23,6.9474354,6.9474355e+09
08:20:06,7483.23,7.951332,7.951332e+09
08:20:31,7483.23,6.918831,6.9188306e+09
08:20:36,7483.23,7.951332,7.951332e+09
08:21:01,7483.23,6.918831,6.9188306e+09
08:21:06,7483.23,7.8625846,7.8625843e+09
08:21:31,7483.23,6.8613653,6.861365e+09
08:21:36,7483.23,7.8625846,7.8625843e+09
08:22:01,7483.23,6.8613653,6.861365e+09
08:22:06,7483.23,7.8916793,7.891679e+09
08:22:31,7483.23,6.8549013,6.854901e+09
08:22:36,7483.23,7.8916793,7.891679e+09
08:23:01,7483.23,6.8549013,6.854901e+09
08:23:06,7483.23,7.8772454,7.8772454e+09
08:23:31,7483.23,6.789398,6.789398e+09
08:23:36,7483.23,7.8772454,7.8772454e+09
08:24:01,7483.23,6.789398,6.789398e+09
08:24:06,7483.23,7.834331,7.8343306e+09
08:24:31,7483.23,6.738669,6.738669e+09
08:24:36,7483.23,7.834331,7.8343306e+09
08:25:01,7483.23,6.738669,6.738669e+09
08:25:06,7483.23,7.781054,7.7810545e+09
08:25:31,7483.23,6.706415,6.706415e+09
08:25:36,7483.23,7.781054,7.7810545e+09
08:26:01,7483.23,6.706415,6.706415e+09
08:26:06,7483.23,7.6583076,7.6583076e+09
08:26:31,7483.23,6.6671553,6.667155e+09
08:26:36,7483.23,7.6583076,7.6583076e+09
08:27:01,7483.23,6.6671553,6.667155e+09
08:27:06,7483.23,7.704191,7.704191e+09
08:27:31,7483.23,6.7335005,6.7335004e+09
08:27:36,7483.23,7.704191,7.704191e+09
08:28:01,7483.23,6.7335005,6.7335004e+09
08:28:06,7483.23,7.794134,7.794134e+09
08:28:31,7483.23,6.8684516,6.8684513e+09
08:28:36,7483.23,7.794134,7.794134e+09
08:29:01,7483.23,6.8684516,6.8684513e+09
08:29:06,7483.23,7.8605103,7.86051e+09
08:29:31,7483.23,6.7144146,6.7144146e+09
08:29:36,7483.23,7.8605103,7.86051e+09
08:30:01,7483.23,6.7144146,6.7144146e+09
08:30:06,7483.23,7.742984,7.7429837e+09
08:30:31,7483.23,5.2503395,5.2503393e+09
08:30:36,7483.23,7.742984,7.7429837e+09
08:31:01,7483.23,5.2503395,5.2503393e+09
08:31:06,7483.23,7.526614,7.5266145e+09
08:31:31,7483.23,6.591088,6.5910876e+09
08:31:36,7483.23,7.526614,7.5266145e+09
08:32:01,7483.23,6.591088,6.5910876e+09
08:32:06,7483.23,7.4902053,7.490205e+09
08:32:31,7483.23,6.6030626,6.603063e+09
08:32:36,7483.23,7.4902053,7.490205e+09
08:33:01,7483.23,6.6030626,6.603063e+09
08:33:06,7483.23,7.2594576,7.2594575e+09
08:33:31,7483.23,6.185363,6.185363e+09
08:33:36,7483.23,7.2594576,7.2594575e+09
08:34:01,7483.23,6.185363,6.185363e+09
08:34:06,7483.23,7.224454,7.224454e+09
08:34:31,7483.23,6.3296003,6.3296005e+09
08:34:36,7483.23,7.224454,7.224454e+09
08:35:01,7483.23,6.3296003,6.3296005e+09
08:35:06,7483.23,7.392931,7.392931e+09
08:35:31,7483.23,6.387712,6.387712e+09
08:35:36,7483.23,7.392931,7.392931e+09
08:36:01,7483.23,6.387712,6.387712e+09
08:36:06,7483.23,7.563345,7.563345e+09
08:36:31,7483.23,6.6109476,6.6109476e+09
08:36:36,7483.23,7.563345,7.563345e+09
08:37:01,7483.23,6.6109476,6.6109476e+09
08:37:06,7483.23,7.709991,7.709991e+09
08:37:31,7483.23,6.590623,6.590623e+09
08:37:36,7483.23,7.709991,7.709991e+09
08:38:01,7483.23,6.590623,6.590623e+09
08:38:06,7483.23,7.5117364,7.5117363e+09
08:38:31,7483.23,6.5402827,6.540283e+09
08:38:36,7483.23,7.5117364,7.5117363e+09
08:39:01,7483.23,6.5402827,6.540283e+09
08:39:06,7483.23,7.437147,7.437147e+09
08:39:31,7483.23,6.444892,6.4448916e+09
08:39:36,7483.23,7.437147,7.437147e+09
08:40:01,7483.23,6.444892,6.4448916e+09
08:40:06,7483.23,7.460603,7.460603e+09
08:40:31,7483.23,6.488523,6.4885233e+09
08:40:36,7483.23,7.460603,7.460603e+09
08:41:01,7483.23,6.488523,6.4885233e+09
08:41:06,7483.23,7.44839,7.4483896e+09
08:41:31,7483.23,6.357627,6.357627e+09
08:41:36,7483.23,7.44839,7.4483896e+09
08:42:01,7483.23,6.357627,6.357627e+09
08:42:06,7483.23,7.3018684,7.301868e+09
08:42:31,7483.23,6.2067018,6.2067016e+09
08:42:36,7483.23,7.3018684,7.301868e+09
08:43:01,7483.23,6.2067018,6.2067016e+09
08:43:06,7483.23,7.3332844,7.3332844e+09
08:43:31,7483.23,6.3216815,6.3216814e+09
08:43:36,7483.23,7.3332844,7.3332844e+09
08:44:01,7483.23,6.3216815,6.3216814e+09
08:44:06,7483.23,7.3939943,7.393994e+09
08:44:31,7483.23,6.340767,6.3407667e+09
08:44:36,7483.23,7.3939943,7.393994e+09
08:45:01,7483.23,6.340767,6.3407667e+09
08:45:06,7483.23,7.3804207,7.3804206e+09
08:45:31,7483.23,6.317948,6.3179474e+09
08:45:36,7483.23,7.3804207,7.3804206e+09
08:46:01,7483.23,6.317948,6.3179474e+09
08:46:06,7483.23,7.390011,7.390011e+09
08:46:31,7483.23,6.3064823,6.306482e+09
08:46:36,7483.23,7.390011,7.390011e+09
08:47:01,7483.23,6.3064823,6.306482e+09
08:47:06,7483.23,7.393152,7.3931525e+09
08:47:31,7483.23,6.3067575,6.3067576e+09
08:47:36,7483.23,7.393152,7.3931525e+09
08:48:01,7483.23,6.3067575,6.3067576e+09
08:48:06,7483.23,7.397163,7.397163e+09
08:48:31,7483.23,6.310694,6.310694e+09
08:48:36,7483.23,7.397163,7.397163e+09
08:49:01,7483.23,6.310694,6.310694e+09
08:49:06,7483.23,7.4239,7.4239e+09
08:49:31,7483.23,6.351535,6.351535e+09
08:49:36,7483.23,7.4239,7.4239e+09
08:50:01,7483.23,6.351535,6.351535e+09
08:50:06,7483.23,7.423503,7.423503e+09
08:50:31,7483.23,6.340272,6.3402716e+09
08:50:36,7483.23,7.423503,7.423503e+09
08:51:01,7483.23,6.340272,6.3402716e+09
08:51:06,7483.23,7.414696,7.414696e+09
08:51:31,7483.23,6.3758235,6.3758234e+09
08:51:36,7483.23,7.414696,7.414696e+09
08:52:01,7483.23,6.3758235,6.3758234e+09
08:52:06,7483.23,7.3488955,7.348895e+09
08:52:31,7483.23,6.259508,6.259508e+09
08:52:36,7483.23,7.3488955,7.348895e+09
08:53:01,7483.23,6.259508,6.259508e+09
08:53:06,7483.23,7.339309,7.339309e+09
08:53:31,7483.23,6.238315,6.238315e+09
08:53:36,7483.23,7.339309,7.339309e+09
08:54:01,7483.23,6.238315,6.238315e+09
08:54:06,7483.23,7.2488856,7.248885e+09
08:54:31,7483.23,6.1508517,6.150852e+09
08:54:36,7483.23,7.2488856,7.248885e+09
08:55:01,7483.23,6.1508517,6.150852e+09
08:55:06,7483.23,7.1653833,7.165383e+09
08:55:31,7483.23,6.078087,6.0780867e+09
08:55:36,7483.23,7.1653833,7.165383e+09
08:56:01,7483.23,6.078087,6.0780867e+09
08:56:06,7483.23,7.110383,7.110383e+09
08:56:31,7483.23,6.109951,6.109951e+09
08:56:36,7483.23,7.110383,7.110383e+09
08:57:01,7483.23,6.109951,6.109951e+09
08:57:06,7483.23,7.0678444,7.0678446e+09
08:57:31,7483.23,6.083708,6.0837074e+09
08:57:36,7483.23,7.0678444,7.0678446e+09
08:58:01,7483.23,6.083708,6.0837074e+09
08:58:06,7483.23,6.9981675,6.9981676e+09
08:58:31,7483.23,6.0207543,6.0207544e+09
08:58:36,7483.23,6.9981675,6.9981676e+09
08:59:01,7483.23,6.0207543,6.0207544e+09
08:59:06,7483.23,7.0406933,7.040693e+09
08:59:31,7483.23,6.0364327,6.036433e+09
08:59:36,7483.23,7.0406933,7.040693e+09
09:00:01,7483.23,6.0364327,6.036433e+09
09:00:06,7483.23,7.0246696,7.0246697e+09
09:00:31,7483.23,5.972888,5.972888e+09
09:00:36,7483.23,7.0246696,7.0246697e+09
09:01:01,7483.23,5.972888,5.972888e+09
09:01:06,7483.23,6.9529686,6.9529687e+09
09:01:31,7483.23,5.976868,5.9768684e+09
09:01:36,7483.23,6.9529686,6.9529687e+09
09:02:01,7483.23,5.976868,5.9768684e+09
09:02:06,7483.23,7.1535215,7.1535217e+09
09:02:31,7483.23,6.0808277,6.080828e+09
09:02:36,7483.23,7.1535215,7.1535217e+09
09:03:01,7483.23,6.0808277,6.080828e+09
09:03:06,7483.23,7.080555,7.080555e+09
09:03:31,7483.23,5.823349,5.823349e+09
09:03:36,7483.23,7.080555,7.080555e+09
09:04:01,7483.23,5.823349,5.823349e+09
09:04:06,7483.23,7.0541096,7.0541097e+09
09:04:31,7483.23,6.044776,6.044776e+09
09:04:36,7483.23,7.0541096,7.0541097e+09
09:05:01,7483.23,6.044776,6.044776e+09
09:05:06,7483.23,7.0726957,7.072696e+09
09:05:31,7483.23,6.056979,6.056979e+09
09:05:36,7483.23,7.0726957,7.072696e+09
09:06:01,7483.23,6.056979,6.056979e+09
09:06:06,7483.23,7.0057616,7.0057615e+09
09:06:31,7483.23,6.0111446,6.0111447e+09
09:06:36,7483.23,7.0057616,7.0057615e+09
09:07:01,7483.23,6.0111446,6.0111447e+09
09:07:06,7483.23,6.998164,6.998164e+09
09:07:31,7483.23,6.002976,6.0029757e+09
09:07:36,7483.23,6.998164,6.998164e+09
09:08:01,7483.23,6.002976,6.0029757e+09
09:08:06,7483.23,6.9989467,6.998947e+09
09:08:31,7483.23,5.979571,5.9795707e+09
09:08:36,7483.23,6.9989467,6.998947e+09
09:09:01,7483.23,5.979571,5.9795707e+09
09:09:06,7483.23,7.023153,7.0231526e+09
09:09:31,7483.23,6.036401,6.0364006e+09
09:09:36,7483.23,7.023153,7.0231526e+09
09:10:01,7483.23,6.036401,6.0364006e+09
09:10:06,7483.23,7.124091,7.124091e+09
09:10:31,7483.23,6.1885495,6.1885496e+09
09:10:36,7483.23,7.124091,7.124091e+09
09:11:01,7483.23,6.1885495,6.1885496e+09
09:11:06,7483.23,6.983695,6.983695e+09
09:11:31,7483.23,6.005889,6.005889e+09
09:11:36,7483.23,6.983695,6.983695e+09
09:12:01,7483.23,6.005889,6.005889e+09
09:12:06,7483.23,7.0074415,7.0074414e+09
09:12:31,7483.23,6.0132446,6.0132444e+09
09:12:36,7483.23,7.0074415,7.0074414e+09
09:13:01,7483.23,6.0132446,6.0132444e+09
09:13:06,7483.23,7.035144,7.035144e+09
09:13:31,7483.23,6.0172906,6.017291e+09
09:13:36,7483.23,7.035144,7.035144e+09
09:14:01,7483.23,6.0172906,6.017291e+09
09:14:06,7483.23,7.0371423,7.0371425e+09
09:14:31,7483.23,6.0435567,6.043557e+09
09:14:36,7483.23,7.0371423,7.0371425e+09
09:15:01,7483.23,6.0435567,6.043557e+09
09:15:06,7483.23,7.144662,7.144662e+09
09:15:31,7483.23,6.075617,6.075617e+09
09:15:36,7483.23,7.144662,7.144662e+09
09:16:01,7483.23,6.075617,6.075617e+09
09:16:06,7483.23,7.0945454,7.0945454e+09
09:16:31,7483.23,6.0432935,6.0432937e+09
09:16:36,7483.23,7.0945454,7.0945454e+09
09:17:01,7483.23,6.0432935,6.0432937e+09
09:17:06,7483.23,6.9937234,6.9937234e+09
09:17:31,7483.23,6.0185447,6.0185446e+09
09:17:36,7483.23,6.9937234,6.9937234e+09
09:18:01,7483.23,6.0185447,6.0185446e+09
09:18:06,7483.23,6.989343,6.989343e+09
09:18:31,7483.23,5.9919744,5.9919744e+09
09:18:36,7483.23,6.989343,6.989343e+09
09:19:01,7483.23,5.9919744,5.9919744e+09
09:19:06,7483.23,7.0006022,7.000602e+09
09:19:31,7483.23,6.0185213,6.0185216e+09
09:19:36,7483.23,7.0006022,7.000602e+09
09:20:01,7483.23,6.0185213,6.0185216e+09
09:20:06,7483.23,7.010403,7.0104033e+09
09:20:31,7483.23,6.0039916,6.0039916e+09
09:20:36,7483.23,7.010403,7.0104033e+09
09:21:01,7483.23,6.0039916,6.0039916e+09
09:21:06,7483.23,6.9822564,6.9822566e+09
09:21:31,7483.23,5.9827247,5.9827246e+09
09:21:36,7483.23,6.9822564,6.9822566e+09
09:22:01,7483.23,5.9827247,5.9827246e+09
09:22:06,7483.23,6.986788,6.986788e+09
09:22:31,7483.23,5.9946404,5.9946404e+09
09:22:36,7483.23,6.986788,6.986788e+09
09:23:01,7483.23,5.9946404,5.9946404e+09
09:23:06,7483.23,6.9992824,6.9992827e+09
09:23:31,7483.23,5.984722,5.9847224e+09
09:23:36,7483.23,6.9992824,6.9992827e+09
09:24:01,7483.23,5.984722,5.9847224e+09
09:24:06,7483.23,6.9872246,6.9872246e+09
09:24:31,7483.23,5.998469,5.998469e+09
09:24:36,7483.23,6.9872246,6.9872246e+09
09:25:01,7483.23,5.998469,5.998469e+09
09:25:06,7483.23,6.9980054,6.998005e+09
09:25:31,7483.23,6.1569877,6.1569874e+09
09:25:36,7483.23,6.9980054,6.998005e+09
09:26:01,7483.23,6.1569877,6.1569874e+09
09:26:06,7483.23,7.5744987,7.574499e+09
09:26:31,7483.23,6.1569877,6.1569874e+09
09:26:36,7483.23,7.5744987,7.574499e+09
09:27:01,7483.23,6.1569877,6.1569874e+09
09:27:06,7483.23,7.5744987,7.574499e+09
09:27:31,7483.23,6.1569877,6.1569874e+09
09:27:36,7483.23,7.5744987,7.574499e+09
09:28:01,7483.23,6.1569877,6.1569874e+09
09:28:06,7483.23,7.5744987,7.574499e+09
09:28:31,7483.23,6.1569877,6.1569874e+09
09:28:36,7483.23,7.5744987,7.574499e+09
09:29:01,7483.23,6.1569877,6.1569874e+09
09:29:06,7483.23,7.5744987,7.574499e+09
09:29:31,7483.23,6.1569877,6.1569874e+09
09:29:36,7483.23,7.5744987,7.574499e+09
09:30:01,7483.23,6.1569877,6.1569874e+09
09:30:06,7495.14,7.578814,7.578814e+09
09:30:31,7483.23,18.328999,1.8328998e+10
09:30:36,7500.65,7.5720015,7.5720013e+09
09:31:01,7483.23,18.417646,1.8417646e+10
09:31:06,7503.56,23.715368,2.3715369e+10
09:31:31,7483.23,27.703531,2.7703532e+10
09:31:36,7510.37,29.525507,2.9525508e+10
09:32:01,7483.23,27.722971,2.7722971e+10
09:32:06,7510.28,29.745749,2.974575e+10
09:32:31,7483.23,32.014885,3.2014887e+10
09:32:36,7512.26,29.975855,2.9975855e+10
09:33:01,7483.23,29.327019,2.9327018e+10
09:33:06,7509.97,29.939276,2.9939276e+10
09:33:31,7483.23,32.96761,3.296761e+10
09:33:36,7511.85,33.141182,3.3141185e+10
09:34:01,7483.23,36.04472,3.6044722e+10
09:34:06,7515.12,35.367817,3.5367817e+10
09:34:31,7513.62,34.91922,3.491922e+10
09:35:01,7513.52,35.463394,3.5463393e+10
09:35:31,7514.16,38.71823,3.871823e+10
09:35:49,7512.13,39.069515,3.9069516e+10
09:35:59,7514.45,42.510082,4.2510082e+10
09:36:01,7514.16,39.342236,3.9342236e+10
09:36:29,7517.38,45.842945,4.5842944e+10
09:36:31,7514.16,43.17456,4.317456e+10
09:36:59,7518.86,46.799,4.6799e+10
09:37:01,7514.16,44.142742,4.4142744e+10
09:37:29,7518.43,49.81529,4.981529e+10
09:37:31,7514.16,46.54555,4.654555e+10
09:37:59,7518.39,52.934723,5.2934726e+10
09:38:01,7514.16,46.520218,4.6520218e+10
09:38:29,7513.28,45.604095,4.5604094e+10
09:38:31,7514.16,39.05172,3.905172e+10
09:38:59,7511.34,38.47675,3.847675e+10
09:39:01,7514.16,36.795532,3.6795535e+10
09:39:29,7514.41,43.411465,4.3411464e+10
09:39:31,7514.16,42.220295,4.2220294e+10
09:39:59,7514.37,48.5249,4.85249e+10
09:40:01,7514.16,41.441677,4.1441677e+10
09:40:29,7519.31,55.508175,5.5508173e+10
09:40:31,7514.16,49.99794,4.9997943e+10
09:40:59,7516.37,53.04167,5.3041672e+10
09:41:01,7514.16,44.89886,4.489886e+10
09:41:29,7521.08,56.396534,5.6396534e+10
09:41:31,7514.16,55.5397,5.55397e+10
09:41:59,7522.57,63.33782,6.3337816e+10
09:42:01,7514.16,59.239918,5.923992e+10
09:42:29,7523.5,62.852985,6.285299e+10
09:42:31,7514.16,60.093884,6.0093886e+10
09:42:59,7525.06,66.10285,6.6102854e+10
09:43:01,7514.16,61.469032,6.1469032e+10
09:43:29,7529.88,72.92686,7.292686e+10
09:43:31,7514.16,72.40615,7.240615e+10
09:43:59,7529.25,78.01135,7.801135e+10
09:44:01,7514.16,72.03657,7.203657e+10
09:44:29,7526.3,71.66608,7.166608e+10
09:44:31,7514.16,65.91768,6.591768e+10
09:44:59,7526.21,70.84762,7.084762e+10
09:45:01,7514.16,65.98189,6.5981886e+10
09:45:29,7524.92,75.24802,7.524802e+10
09:45:31,7514.16,67.181725,6.7181724e+10
09:45:59,7525.89,72.242294,7.224229e+10
09:46:01,7514.16,67.73461,6.7734614e+10
09:46:29,7527.31,75.62112,7.562111e+10
09:46:31,7514.16,69.98646,6.998646e+10
09:46:59,7525.51,74.336006,7.433601e+10
09:47:01,7514.16,64.96325,6.496325e+10
09:47:29,7528.84,81.01233,8.1012335e+10
09:47:31,7514.16,75.06026,7.506026e+10
09:47:59,7530.7,84.269806,8.426981e+10
09:48:01,7514.16,78.56805,7.856805e+10
09:48:29,7533.68,92.7006,9.27006e+10
09:48:31,7514.16,85.99518,8.5995184e+10
09:48:59,7533.09,92.93572,9.2935725e+10
09:49:01,7514.16,84.16704,8.416703e+10
09:49:29,7535.44,100.068085,1.0006808e+11
09:49:31,7514.16,92.9702,9.29702e+10
09:49:59,7533.55,95.19597,9.519597e+10
09:50:01,7514.16,87.82055,8.782055e+10
09:50:29,7534.03,99.57593,9.957593e+10
09:50:31,7514.16,87.303825,8.730382e+10
09:50:59,7533.98,92.821846,9.282185e+10
09:51:01,7514.16,88.43554,8.843554e+10
09:51:29,7537.65,104.4878,1.044878e+11
09:51:31,7514.16,98.70194,9.870194e+10
09:51:59,7538.22,111.9017,1.11901704e+11
09:52:01,7514.16,102.16918,1.0216918e+11
09:52:29,7537.96,112.280914,1.1228091e+11
09:52:31,7514.16,100.55249,1.0055249e+11
09:52:59,7539.73,115.25108,1.15251085e+11
09:53:01,7514.16,107.16782,1.0716783e+11
09:53:29,7538.3,112.766716,1.1276671e+11
09:53:31,7514.16,105.47014,1.0547014e+11
09:53:59,7534.92,108.13127,1.0813127e+11
09:54:01,7514.16,96.27374,9.627374e+10
09:54:29,7534.07,104.9676,1.0496759e+11
09:54:31,7514.16,94.52947,9.452947e+10
09:54:59,7534.03,101.60104,1.0160104e+11
09:55:01,7514.16,93.5799,9.35799e+10
09:55:29,7531.57,94.49054,9.449054e+10
09:55:31,7514.16,88.665,8.8665e+10
09:55:59,7533.5,101.04111,1.0104111e+11
09:56:01,7514.16,93.82039,9.3820396e+10
09:56:29,7530.7,92.34476,9.234476e+10
09:56:31,7514.16,86.579025,8.657903e+10
09:56:59,7530.67,91.22187,9.122187e+10
09:57:01,7514.16,86.9299,8.69299e+10
09:57:29,7532.38,102.18637,1.0218637e+11
09:57:31,7514.16,91.530716,9.1530715e+10
09:57:59,7531.94,97.965515,9.7965515e+10
09:58:01,7514.16,90.88013,9.088013e+10
09:58:29,7533.59,105.037476,1.0503747e+11
09:58:31,7514.16,95.962746,9.596274e+10
09:58:59,7534.47,109.4543,1.09454295e+11
09:59:01,7514.16,98.03618,9.803618e+10
09:59:29,7534.24,106.505066,1.0650506e+11
09:59:31,7514.16,98.09557,9.809557e+10
09:59:59,7534.99,106.22474,1.0622474e+11
10:00:01,7514.16,101.26396,1.0126396e+11
10:00:29,7533.66,103.169624,1.0316963e+11
10:00:31,7514.16,96.46953,9.646953e+10
10:00:59,7533.31,101.80824,1.0180824e+11
10:01:01,7514.16,94.2434,9.42434e+10
10:01:29,7533.5,104.55701,1.04557e+11
10:01:31,7514.16,96.51498,9.651497e+10
10:01:59,7536.47,115.552795,1.1555279e+11
10:02:01,7514.16,107.30609,1.0730609e+11
10:02:29,7536.31,114.301605,1.1430161e+11
10:02:31,7514.16,107.75727,1.07757265e+11
10:02:59,7538.38,119.970856,1.1997086e+11
10:03:01,7514.16,113.537674,1.1353767e+11
10:03:29,7538.32,122.62567,1.2262567e+11
10:03:31,7514.16,114.13675,1.1413675e+11
10:03:59,7535.81,118.554344,1.18554345e+11
10:04:01,7514.16,105.18381,1.05183805e+11
10:04:29,7535.22,112.39381,1.1239381e+11
10:04:31,7514.16,103.741974,1.0374197e+11
10:04:59,7535.75,113.423325,1.1342333e+11
10:05:01,7514.16,105.28485,1.0528485e+11
10:05:29,7534.1,109.357796,1.093578e+11
10:05:31,7514.16,100.43037,1.00430365e+11
10:05:59,7535.68,113.90998,1.1390998e+11
10:06:01,7514.16,105.55221,1.0555221e+11
10:06:29,7535.42,108.60433,1.0860433e+11
10:06:31,7514.16,103.51645,1.0351645e+11
10:06:59,7535.39,119.62507,1.19625064e+11
10:07:01,7514.16,107.129456,1.07129455e+11
10:07:29,7537.99,121.11211,1.2111211e+11
10:07:31,7514.16,114.78688,1.1478688e+11
10:07:59,7537.51,121.30632,1.21306325e+11
10:08:01,7514.16,113.64921,1.13649205e+11
10:08:31,7535.54,107.35232,1.0735232e+11
10:08:43,7534.18,109.28788,1.0928788e+11
10:08:53,7535,111.26912,1.1126913e+11
10:09:01,7535.54,94.42609,9.442609e+10
10:09:23,7530,96.31647,9.6316465e+10
10:09:31,7535.54,89.61438,8.961438e+10
10:10:01,7530.43,88.135605,8.813561e+10
10:10:19,7530.48,93.26258,9.3262586e+10
10:10:28,7528.86,92.1958,9.21958e+10
10:10:31,7530.43,79.93186,7.993186e+10
10:10:58,7526.26,72.57325,7.257325e+10
10:11:01,7530.43,74.32978,7.4329784e+10
10:11:28,7530.06,87.79468,8.779467e+10
10:11:31,7530.43,82.72307,8.272307e+10
10:11:58,7533.12,99.70871,9.9708715e+10
10:12:01,7530.43,96.99871,9.699871e+10
10:12:28,7534.61,107.42747,1.0742746e+11
10:12:31,7530.43,102.45786,1.0245786e+11
10:12:58,7537.92,123.01275,1.2301274e+11
10:13:01,7530.43,116.42684,1.1642684e+11
10:13:28,7539.58,134.79291,1.3479291e+11
10:13:31,7530.43,124.90724,1.2490724e+11
10:13:58,7540.14,135.27054,1.3527053e+11
10:14:01,7530.43,126.185905,1.2618591e+11
10:14:28,7537.08,131.50526,1.3150527e+11
10:14:31,7530.43,114.58312,1.1458313e+11
10:15:01,7537.55,117.01256,1.1701256e+11
10:15:31,7536.73,114.420845,1.1442085e+11
10:15:48,7534.83,113.39993,1.1339993e+11
10:15:57,7535.78,112.066124,1.1206612e+11
10:16:01,7536.73,109.99824,1.09998236e+11
10:16:27,7538.47,135.59523,1.3559524e+11
10:16:31,7536.73,121.05833,1.2105833e+11
10:16:57,7534.28,111.18608,1.11186076e+11
10:17:01,7536.73,103.975105,1.0397511e+11
10:17:27,7532.42,102.63293,1.0263292e+11
10:17:31,7536.73,93.43845,9.343845e+10
10:17:57,7533.23,104.846695,1.048467e+11
10:18:01,7536.73,97.90021,9.790021e+10
10:18:27,7532.91,98.33418,9.833419e+10
10:18:31,7536.73,91.39257,9.139257e+10
10:18:57,7532.88,112.00463,1.1200463e+11
10:19:01,7536.73,103.08944,1.0308944e+11
10:19:27,7533.98,104.179214,1.0417921e+11
10:19:31,7536.73,102.8507,1.028507e+11
10:19:57,7534.29,112.14189,1.1214189e+11
10:20:01,7536.73,104.93433,1.04934334e+11
10:20:27,7530.61,98.16224,9.816224e+10
10:20:31,7536.73,89.23365,8.923365e+10
10:20:57,7527.59,86.840546,8.684055e+10
10:21:01,7536.73,77.58172,7.758171e+10
10:21:27,7528.3,86.7087,8.67087e+10
10:21:31,7536.73,81.768166,8.176817e+10
10:21:57,7526.43,73.30071,7.330071e+10
10:22:01,7536.73,67.47148,6.7471483e+10
10:22:27,7524.87,76.502014,7.650202e+10
10:22:31,7536.73,63.895256,6.3895257e+10
10:22:57,7525.4,68.107864,6.810786e+10
10:23:01,7536.73,63.857204,6.3857205e+10
10:23:27,7529.78,86.03602,8.603602e+10
10:23:31,7536.73,81.71132,8.1711325e+10
10:23:57,7523.43,62.965466,6.2965465e+10
10:24:01,7536.73,62.98628,6.2986277e+10
10:24:27,7527.43,89.23327,8.923327e+10
10:24:31,7536.73,80.986786,8.098678e+10
10:24:57,7524.2,70.25823,7.025824e+10
10:25:01,7536.73,61.118607,6.1118607e+10
10:25:31,7536.73,46.72959,4.6729593e+10
10:26:01,7522.53,55.503754,5.5503753e+10
10:26:05,7525.14,67.846054,6.784606e+10
10:26:15,7523.39,64.56186,6.4561857e+10
10:26:31,7522.53,55.763504,5.5763505e+10
10:27:01,7522.19,51.3173,5.1317297e+10
10:27:18,7517.88,39.032776,3.9032775e+10
10:27:28,7515.05,33.77073,3.3770727e+10
10:27:31,7522.19,25.456327,2.5456329e+10
10:27:58,7509.18,-0.07239032,-7.239032e+07
10:28:01,7522.19,-11.629051,-1.1629052e+10
10:28:28,7507.89,-16.685328,-1.6685327e+10
10:28:31,7522.19,-23.365711,-2.3365712e+10
10:28:58,7505.82,-18.581877,-1.8581877e+10
10:29:01,7522.19,-12.648631,-1.2648631e+10
10:29:28,7506.13,-19.019703,-1.9019702e+10
10:29:31,7522.19,-23.017553,-2.3017554e+10
10:29:58,7507.73,-4.059569,-4.059569e+09
10:30:01,7522.19,-8.220452,-8.2204524e+09
10:30:28,7512.19,6.847152,6.8471526e+09
10:30:31,7522.19,5.0632024,5.0632023e+09
10:30:58,7512.26,19.105452,1.910545e+10
10:31:01,7522.19,10.60675,1.060675e+10
10:31:28,7518.15,36.389053,3.6389052e+10
10:31:31,7522.19,36.998714,3.6998713e+10
10:31:58,7519.14,45.82948,4.582948e+10
10:32:01,7522.19,37.5448,3.75448e+10
10:32:28,7519.68,49.26423,4.926423e+10
10:32:31,7522.19,44.736275,4.4736274e+10
10:32:58,7515.2,23.587418,2.3587416e+10
10:33:01,7522.19,19.057014,1.9057015e+10
10:33:28,7518.53,39.648064,3.9648063e+10
10:33:31,7522.19,41.512882,4.1512882e+10
10:33:58,7516.1,30.14269,3.0142691e+10
10:34:01,7522.19,28.941032,2.8941031e+10
10:34:28,7513.18,14.129413,1.4129413e+10
10:34:31,7522.19,12.183511,1.218351e+10
10:34:58,7509.69,-5.375224,-5.3752243e+09
10:35:01,7522.19,-7.065473,-7.065473e+09
10:35:28,7506.49,-17.16448,-1.7164479e+10
10:35:31,7522.19,-20.111374,-2.0111372e+10
10:35:58,7508.1,-7.847753,-7.847753e+09
10:36:01,7522.19,-11.245488,-1.1245488e+10
10:36:28,7512.51,6.3675056,6.367506e+09
10:36:31,7522.19,3.2907903,3.2907904e+09
10:36:58,7514.22,17.292265,1.7292265e+10
10:37:01,7522.19,14.216383,1.4216383e+10
10:37:28,7517.33,39.05908,3.905908e+10
10:37:31,7522.19,33.24867,3.3248668e+10
10:38:01,7522.19,25.715494,2.5715493e+10
10:38:31,7511.51,6.592053,6.5920527e+09
10:39:01,7515.83,22.83256,2.283256e+10
10:39:04,7516.94,32.735657,3.2735656e+10
10:39:14,7516.35,38.081814,3.8081815e+10
10:39:31,7515.83,21.499586,2.1499587e+10
10:39:44,7513.26,18.695002,1.8695002e+10
10:40:01,7515.83,1.3133003,1.3133002e+09
10:40:14,7512.08,9.956239,9.956238e+09
10:40:31,7515.83,5.195156,5.195156e+09
10:40:44,7512.47,9.84921,9.84921e+09
10:41:01,7515.83,-9.98116,-9.98116e+09
10:41:14,7508.51,-5.2940083,-5.2940083e+09
10:41:31,7515.83,-10.462011,-1.0462011e+10
10:41:44,7505.4,-20.440355,-2.0440357e+10
10:42:01,7515.83,-40.111263,-4.0111264e+10
10:42:14,7498.72,-45.95692,-4.595692e+10
10:42:31,7515.83,-73.07685,-7.307685e+10
10:42:44,7494.38,-78.40783,-7.840783e+10
10:43:01,7515.83,-71.30454,-7.1304544e+10
10:43:14,7494.43,-83.53363,-8.353363e+10
10:43:31,7515.83,-94.22301,-9.422301e+10
10:43:44,7492.88,-88.35116,-8.835116e+10
10:44:01,7515.83,-96.89727,-9.689727e+10
10:44:14,7490.89,-97.58977,-9.7589764e+10
10:44:31,7515.83,-84.6347,-8.46347e+10
10:44:44,7494.39,-70.99947,-7.0999474e+10
10:45:01,7515.83,-75.41442,-7.541442e+10
10:45:14,7499,-63.68645,-6.368645e+10
10:45:31,7515.83,-59.946747,-5.994675e+10
10:45:44,7499.15,-56.199142,-5.6199143e+10
10:46:01,7515.83,-68.039116,-6.8039115e+10
10:46:14,7495.24,-72.76904,-7.2769044e+10
10:46:31,7515.83,-79.46734,-7.946734e+10
10:46:44,7497.86,-76.23792,-7.623792e+10
10:47:01,7515.83,-58.29645,-5.829645e+10
10:47:14,7502.58,-50.342937,-5.0342937e+10
10:47:31,7515.83,-40.287445,-4.0287445e+10
10:47:44,7500.45,-43.895966,-4.3895968e+10
10:48:01,7515.83,-67.38874,-6.738874e+10
10:48:08,7494.45,-68.526985,-6.852698e+10
10:48:14,7494.28,-82.62431,-8.2624315e+10
10:48:31,7515.83,-83.499535,-8.349953e+10
10:48:44,7491.99,-98.60912,-9.860912e+10
10:49:01,7515.83,-98.86426,-9.886426e+10
10:49:08,7494.48,-88.295876,-8.8295875e+10
10:49:14,7496,-81.960724,-8.196072e+10
10:49:18,7499.41,-80.364395,-8.03644e+10
10:49:31,7515.83,-52.033833,-5.203383e+10
10:49:44,7500.38,-56.79416,-5.679416e+10
10:50:01,7515.83,-62.630318,-6.263032e+10
10:50:08,7498.46,-53.139263,-5.3139263e+10
10:50:14,7499.64,-61.706215,-6.1706215e+10
10:50:31,7515.83,-61.892067,-6.1892067e+10
10:50:44,7499.45,-55.306477,-5.5306478e+10
10:51:01,7515.83,-69.42752,-6.942753e+10
10:51:08,7498.51,-53.2309,-5.32309e+10
10:51:14,7498.22,-70.354774,-7.035478e+10
10:51:31,7515.83,-60.127686,-6.0127687e+10
10:51:44,7503.54,-37.83897,-3.783897e+10
10:52:01,7515.83,-57.994232,-5.799423e+10
10:52:08,7497.98,-50.67011,-5.067011e+10
10:52:14,7498.09,-66.56582,-6.6565816e+10
10:52:31,7515.83,-82.65128,-8.265128e+10
10:52:44,7494.07,-92.10612,-9.210612e+10
10:53:01,7515.83,-87.98536,-8.798536e+10
10:53:08,7492.94,-93.60706,-9.360706e+10
10:53:14,7493.46,-90.12112,-9.012112e+10
10:53:31,7515.83,-105.94613,-1.0594613e+11
10:53:44,7488.87,-112.56093,-1.1256092e+11
10:54:01,7515.83,-102.31724,-1.0231724e+11
10:54:14,7491.54,-103.49025,-1.0349025e+11
10:54:31,7515.83,-95.44512,-9.5445115e+10
10:54:44,7491.85,-96.217155,-9.621715e+10
10:55:01,7515.83,-92.7875,-9.27875e+10
10:55:14,7493.38,-84.609344,-8.460934e+10
10:55:31,7515.83,-92.19032,-9.219033e+10
10:55:44,7493.33,-94.30896,-9.430897e+10
10:56:01,7515.83,-73.95894,-7.395894e+10
10:56:14,7498.53,-74.30372,-7.430372e+10
10:56:31,7515.83,-73.25086,-7.3250865e+10
10:56:44,7499.89,-68.4726,-6.8472603e+10
10:57:01,7515.83,-71.86229,-7.186229e+10
10:57:14,7493.26,-79.39825,-7.939824e+10
10:57:31,7515.83,-84.52481,-8.452481e+10
10:58:01,7495.29,-82.02049,-8.202049e+10
10:58:26,7496.75,-73.67043,-7.3670435e+10
10:58:31,7495.91,-74.24947,-7.424948e+10
10:58:36,7496.04,-75.007645,-7.500765e+10
10:59:01,7495.91,-67.27695,-6.7276947e+10
10:59:06,7501.52,-65.58518,-6.5585185e+10
10:59:31,7495.91,-48.919594,-4.8919593e+10
10:59:36,7500.68,-46.86407,-4.6864073e+10
11:00:01,7495.91,-36.03723,-3.603723e+10
11:00:06,7502.77,-32.33422,-3.2334221e+10
11:00:31,7495.91,-55.725506,-5.5725507e+10
11:00:36,7502.33,-55.456524,-5.5456522e+10
11:01:01,7495.91,-40.823895,-4.08239e+10
11:01:06,7503.28,-37.06779,-3.7067792e+10
11:01:31,7495.91,-39.171436,-3.9171437e+10
11:01:36,7503.39,-34.073246,-3.4073248e+10
11:02:01,7495.91,-33.311684,-3.3311683e+10
11:02:06,7503.74,-42.209103,-4.2209104e+10
11:02:31,7495.91,-53.023834,-5.3023834e+10
11:02:36,7500.99,-50.009785,-5.0009784e+10
11:03:01,7495.91,-55.02494,-5.502494e+10
11:03:06,7501.34,-56.07348,-5.607348e+10
11:03:31,7495.91,-62.08971,-6.208971e+10
11:03:36,7497.24,-62.84922,-6.284922e+10
11:04:01,7495.91,-80.388466,-8.038847e+10
11:04:06,7495.34,-83.03772,-8.303772e+10
11:04:31,7495.91,-92.928665,-9.292866e+10
11:04:36,7492.17,-95.63355,-9.5633555e+10
11:05:01,7495.91,-121.65945,-1.2165944e+11
11:05:06,7489.65,-128.05751,-1.2805751e+11
11:05:31,7495.91,-120.87548,-1.20875475e+11
11:05:36,7487.14,-117.49747,-1.1749747e+11
11:06:01,7495.91,-140.81047,-1.4081047e+11
11:06:06,7482.08,-141.28162,-1.4128162e+11
11:06:31,7495.91,-154.09422,-1.5409422e+11
11:06:36,7482.1,-157.45276,-1.5745276e+11
11:07:01,7495.91,-168.06538,-1.6806538e+11
11:07:06,7477.6,-175.40778,-1.7540778e+11
11:07:31,7495.91,-202.05643,-2.0205642e+11
11:07:36,7469.66,-209.48543,-2.0948541e+11
11:08:01,7495.91,-208.97186,-2.0897186e+11
11:08:06,7472.63,-212.24933,-2.1224933e+11
11:08:31,7495.91,-200.69806,-2.0069807e+11
11:08:36,7477.61,-197.71075,-1.9771076e+11
11:09:01,7495.91,-188.61488,-1.8861489e+11
11:09:06,7476.39,-192.64392,-1.9264392e+11
11:09:31,7495.91,-173.16164,-1.7316164e+11
11:09:36,7478.88,-176.83337,-1.7683336e+11
11:10:01,7495.91,-162.98668,-1.6298667e+11
11:10:06,7478.77,-168.69461,-1.6869461e+11
11:10:31,7495.91,-171.53706,-1.7153707e+11
11:10:36,7478.13,-181.85278,-1.8185278e+11
11:11:01,7495.91,-165.63933,-1.6563932e+11
11:11:06,7483.49,-171.07454,-1.7107454e+11
11:11:31,7495.91,-149.76659,-1.4976659e+11
11:11:36,7484.39,-149.51582,-1.4951583e+11
11:12:01,7495.91,-107.44359,-1.0744359e+11
11:12:06,7490.43,-114.06418,-1.1406418e+11
11:12:31,7495.91,-120.71866,-1.20718655e+11
11:12:36,7489.61,-121.72324,-1.2172324e+11
11:13:01,7495.91,-115.38841,-1.1538842e+11
11:13:06,7491.08,-114.96473,-1.14964726e+11
11:13:31,7495.91,-102.89179,-1.028918e+11
11:14:01,7495.91,-102.89179,-1.028918e+11
11:14:31,7495.91,-102.89179,-1.028918e+11
11:15:01,7495.91,-102.89179,-1.028918e+11
11:15:31,7495.91,-102.89179,-1.028918e+11
11:16:01,7484.51,-145.97517,-1.4597516e+11
11:16:27,7478.02,-179.88976,-1.7988977e+11
11:16:31,7481.59,-177.68211,-1.776821e+11
11:16:37,7477.34,-184.33714,-1.8433715e+11
11:17:01,7481.59,-182.64468,-1.8264469e+11
11:17:07,7479.4,-188.91109,-1.8891109e+11
11:17:31,7481.59,-191.84169,-1.9184168e+11
11:17:37,7476.49,-193.00322,-1.9300321e+11
11:18:01,7481.59,-198.68071,-1.986807e+11
11:18:07,7474.06,-198.69832,-1.9869832e+11
11:18:31,7481.59,-193.27026,-1.9327025e+11
11:18:37,7479.01,-190.94427,-1.9094426e+11
11:19:01,7481.59,-184.87698,-1.8487697e+11
11:19:07,7475.16,-194.49553,-1.9449553e+11
11:19:31,7481.59,-206.16039,-2.061604e+11
11:19:37,7471.98,-208.0122,-2.080122e+11
11:20:01,7481.59,-212.92157,-2.1292158e+11
11:20:07,7476.13,-215.36678,-2.1536678e+11
11:20:31,7481.59,-214.4194,-2.144194e+11
11:20:37,7470.04,-213.95291,-2.1395292e+11
11:21:01,7481.59,-189.07393,-1.8907393e+11
11:21:07,7475.7,-195.58469,-1.9558469e+11
11:21:31,7481.59,-196.97041,-1.9697041e+11
11:21:37,7475.43,-196.36858,-1.9636858e+11
11:22:01,7481.59,-189.9983,-1.899983e+11
11:22:07,7478.71,-190.67072,-1.9067072e+11
11:22:31,7481.59,-185.76184,-1.8576184e+11
11:22:37,7477.74,-186.26556,-1.8626557e+11
11:23:01,7481.59,-188.42409,-1.884241e+11
11:23:07,7474.18,-195.70583,-1.9570583e+11
11:23:31,7481.59,-196.31644,-1.9631643e+11
11:23:37,7477.11,-190.84778,-1.9084778e+11
11:24:01,7481.59,-174.33214,-1.7433215e+11
11:24:07,7481.97,-173.7661,-1.737661e+11
11:24:31,7481.59,-154.62225,-1.5462225e+11
11:24:37,7485.06,-143.42674,-1.4342675e+11
11:25:01,7481.59,-140.4228,-1.404228e+11
11:25:07,7485.87,-140.16838,-1.4016838e+11
11:25:31,7481.59,-173.54819,-1.7354819e+11
11:25:37,7480.1,-170.57458,-1.705746e+11
11:26:01,7481.59,-179.35469,-1.793547e+11
11:26:07,7482.02,-163.76901,-1.63769e+11
11:26:31,7481.59,-129.79515,-1.2979515e+11
11:26:37,7485.94,-133.38992,-1.3338993e+11
11:27:01,7481.59,-139.80135,-1.3980135e+11
11:27:07,7485.97,-145.34679,-1.4534679e+11
11:27:31,7481.59,-129.68584,-1.2968584e+11
11:27:37,7485.31,-129.4261,-1.2942611e+11
11:28:01,7481.59,-153.76274,-1.5376274e+11
11:28:07,7482.57,-158.68576,-1.5868576e+11
11:28:31,7481.59,-152.05264,-1.5205265e+11
11:28:37,7483.66,-150.64555,-1.5064556e+11
11:29:01,7481.59,-155.99986,-1.5599986e+11
11:29:07,7481.49,-165.57735,-1.6557734e+11
11:29:13,7480.62,-165.22679,-1.6522679e+11
11:29:31,7481.59,-173.2582,-1.732582e+11
11:29:37,7478.27,-178.54224,-1.7854223e+11
11:30:01,7481.59,-190.3894,-1.903894e+11
11:30:06,7477.95,-193.93414,-1.9393415e+11
11:30:07,7478.67,-193.93414,-1.9393415e+11
11:30:08,7477.96,-181.76448,-1.8176449e+11
11:30:12,7479.14,-181.76448,-1.8176449e+11
11:30:31,7481.59,-160.93571,-1.6093572e+11
11:30:37,7482.84,-154.14503,-1.5414503e+11
11:31:01,7481.59,-163.71292,-1.6371293e+11
11:31:07,7481.12,-170.26585,-1.7026585e+11
11:31:31,7481.59,-156.83842,-1.5683843e+11
11:31:37,7483.33,-166.56528,-1.6656527e+11
11:32:01,7481.59,-133.51617,-1.3351618e+11
11:32:07,7486.29,-136.22557,-1.3622558e+11
11:32:31,7481.59,-134.97397,-1.3497397e+11
11:32:37,7484.7,-144.00401,-1.44004e+11
11:33:01,7481.59,-123.791336,-1.23791335e+11
11:33:07,7488.1,-126.382416,-1.26382416e+11
11:33:31,7481.59,-123.96316,-1.23963154e+11
11:33:37,7487.37,-124.68094,-1.2468094e+11
11:34:01,7481.59,-119.63685,-1.19636845e+11
11:34:07,7489.78,-115.90272,-1.1590272e+11
11:34:31,7481.59,-120.332344,-1.20332345e+11
11:34:37,7488.33,-112.03389,-1.1203389e+11
11:35:01,7481.59,-116.487885,-1.1648789e+11
11:35:07,7487.51,-122.36198,-1.2236198e+11
11:35:31,7481.59,-98.18267,-9.818267e+10
11:35:37,7492.09,-95.994095,-9.599409e+10
11:36:01,7481.59,-94.31213,-9.431214e+10
11:36:07,7491.88,-96.194534,-9.6194535e+10
11:36:31,7481.59,-88.7857,-8.87857e+10
11:36:37,7492.59,-89.30503,-8.930503e+10
11:37:01,7481.59,-87.845825,-8.784582e+10
11:37:07,7493.21,-87.332504,-8.73325e+10
11:37:31,7481.59,-86.19843,-8.6198436e+10
11:37:37,7492.48,-88.88727,-8.888726e+10
11:38:01,7481.59,-87.71737,-8.771736e+10
11:38:07,7493.3,-88.7124,-8.8712405e+10
11:38:31,7481.59,-79.090164,-7.909016e+10
11:38:37,7493.88,-90.95231,-9.095231e+10
11:39:01,7481.59,-91.871414,-9.187142e+10
11:39:07,7492.19,-89.781944,-8.9781944e+10
11:39:31,7481.59,-108.992165,-1.0899217e+11
11:39:37,7489.81,-106.53277,-1.0653277e+11
11:40:01,7481.59,-109.64993,-1.0964994e+11
11:40:07,7488.25,-114.9302,-1.149302e+11
11:40:31,7481.59,-104.728065,-1.0472807e+11
11:40:37,7491.15,-100.93076,-1.0093076e+11
11:41:01,7481.59,-90.81278,-9.0812785e+10
11:41:07,7490.04,-105.0626,-1.05062605e+11
11:41:31,7481.59,-102.20862,-1.0220862e+11
11:41:37,7490.87,-110.47988,-1.10479884e+11
11:42:01,7481.59,-115.259735,-1.1525974e+11
11:42:07,7487.38,-122.562965,-1.2256296e+11
11:42:31,7481.59,-143.49022,-1.4349022e+11
11:42:37,7485.68,-144.18141,-1.4418141e+11
11:43:01,7481.59,-142.41011,-1.424101e+11
11:43:07,7485.45,-142.00076,-1.4200077e+11
11:43:31,7481.59,-140.52118,-1.4052118e+11
11:43:37,7485.15,-146.96567,-1.4696568e+11
11:44:01,7481.59,-162.37389,-1.623739e+11
11:44:07,7483.29,-163.85744,-1.6385743e+11
11:44:31,7481.59,-174.4325,-1.744325e+11
11:44:37,7483.36,-168.7281,-1.687281e+11
11:45:01,7481.59,-173.87451,-1.7387451e+11
11:45:07,7481.67,-173.77402,-1.7377401e+11
11:45:31,7481.59,-153.7735,-1.5377349e+11
11:45:37,7482.88,-159.52719,-1.5952719e+11
11:46:01,7481.59,-158.79582,-1.5879583e+11
11:46:07,7483.14,-161.2049,-1.612049e+11
11:46:31,7481.59,-159.15234,-1.5915234e+11
11:46:37,7481.28,-159.5353,-1.595353e+11
11:47:01,7481.59,-170.41841,-1.704184e+11
11:47:07,7481.98,-171.43727,-1.7143726e+11
11:47:31,7481.59,-181.43303,-1.8143304e+11
11:47:37,7480.28,-186.0119,-1.860119e+11
11:48:01,7481.59,-174.89351,-1.7489351e+11
11:48:07,7481.07,-178.70576,-1.7870576e+11
11:48:31,7481.59,-177.67267,-1.7767267e+11
11:48:37,7480.34,-181.99127,-1.8199128e+11
11:49:01,7481.59,-174.35852,-1.7435851e+11
11:49:07,7479.77,-178.7023,-1.787023e+11
11:49:31,7481.59,-200.37054,-2.0037055e+11
11:49:37,7475.88,-207.0614,-2.070614e+11
11:50:01,7481.59,-210.77396,-2.1077395e+11
11:50:07,7474.62,-211.73315,-2.1173317e+11
11:50:31,7481.59,-228.92723,-2.2892723e+11
11:50:37,7475.01,-240.2501,-2.4025011e+11
11:51:01,7481.59,-223.52982,-2.2352983e+11
11:51:07,7472.2,-227.37204,-2.2737204e+11
11:51:31,7481.59,-234.94225,-2.3494225e+11
11:51:37,7474.46,-236.01312,-2.3601313e+11
11:52:01,7481.59,-229.95569,-2.299557e+11
11:52:07,7474.7,-220.18544,-2.2018544e+11
11:52:31,7481.59,-235.41698,-2.3541698e+11
11:52:37,7470.29,-250.6978,-2.506978e+11
11:53:01,7481.59,-237.91248,-2.3791247e+11
11:53:07,7470.52,-246.06471,-2.4606471e+11
11:53:31,7481.59,-260.23703,-2.6023705e+11
11:53:37,7467.73,-265.4576,-2.6545761e+11
11:54:01,7481.59,-258.2662,-2.5826619e+11
11:54:07,7469.79,-256.16034,-2.5616033e+11
11:54:31,7481.59,-238.43362,-2.3843362e+11
11:54:37,7471.8,-244.2558,-2.442558e+11
11:55:01,7481.59,-230.04883,-2.3004884e+11
11:55:07,7473.74,-239.39938,-2.3939939e+11
11:55:31,7481.59,-239.55011,-2.3955012e+11
11:55:37,7472.47,-243.04597,-2.4304597e+11
11:56:01,7481.59,-254.57832,-2.5457833e+11
11:56:07,7468.94,-264.9163,-2.6491629e+11
11:56:31,7481.59,-254.12979,-2.541298e+11
11:56:37,7467.99,-261.46548,-2.614655e+11
11:57:01,7481.59,-260.10034,-2.6010034e+11
11:57:07,7470.03,-258.88348,-2.588835e+11
11:57:31,7481.59,-269.89642,-2.6989643e+11
11:57:37,7468.96,-271.14587,-2.7114586e+11
11:58:01,7481.59,-258.0663,-2.5806632e+11
11:58:07,7469.77,-257.4192,-2.574192e+11
11:58:31,7481.59,-237.5009,-2.3750089e+11
11:58:37,7473.23,-246.84149,-2.4684149e+11
11:59:01,7481.59,-224.53677,-2.2453677e+11
11:59:07,7474.06,-225.37306,-2.2537306e+11
11:59:31,7481.59,-202.5339,-2.025339e+11
11:59:37,7474.78,-223.34402,-2.2334402e+11
12:00:01,7481.59,-225.64032,-2.2564032e+11
12:00:07,7474.85,-234.08018,-2.3408019e+11
12:00:31,7481.59,-225.27911,-2.2527912e+11
12:00:37,7472.94,-238.02827,-2.3802826e+11
12:01:01,7481.59,-248.26135,-2.4826135e+11
12:01:07,7470.73,-252.77055,-2.5277055e+11
12:01:31,7481.59,-246.31601,-2.46316e+11
12:01:37,7468.91,-259.29486,-2.5929486e+11
12:02:01,7481.59,-255.24658,-2.5524658e+11
12:02:07,7467.81,-254.68376,-2.5468376e+11
12:02:31,7481.59,-272.5752,-2.7257518e+11
12:02:37,7467.38,-276.8325,-2.768325e+11
12:03:01,7481.59,-285.87247,-2.8587246e+11
12:03:07,7464.74,-285.47336,-2.8547337e+11
12:03:31,7481.59,-264.96927,-2.6496926e+11
12:03:37,7468.84,-261.8537,-2.6185371e+11
12:04:01,7481.59,-269.33084,-2.6933083e+11
12:04:07,7467.57,-279.70578,-2.7970578e+11
12:04:31,7481.59,-256.93042,-2.569304e+11
12:04:37,7470.49,-261.03415,-2.6103415e+11
12:05:01,7481.59,-247.01639,-2.4701639e+11
12:05:07,7471.31,-257.71274,-2.5771272e+11
12:05:31,7481.59,-233.79814,-2.3379814e+11
12:05:37,7470.91,-246.22537,-2.4622537e+11
12:06:01,7481.59,-255.13321,-2.551332e+11
12:06:07,7469.38,-262.65424,-2.6265425e+11
12:06:31,7481.59,-278.15375,-2.7815376e+11
12:06:37,7467.35,-285.6832,-2.8568322e+11
12:07:01,7481.59,-276.30695,-2.7630695e+11
12:07:07,7469.46,-284.88593,-2.8488594e+11
12:07:31,7481.59,-281.2336,-2.8123362e+11
12:07:37,7466.42,-292.65042,-2.9265042e+11
12:08:01,7481.59,-279.7444,-2.7974438e+11
12:08:07,7467.5,-282.18372,-2.8218373e+11
12:08:31,7481.59,-288.08078,-2.880808e+11
12:08:37,7465.7,-290.72586,-2.9072586e+11
12:09:01,7481.59,-279.86008,-2.798601e+11
12:09:07,7467.52,-279.3034,-2.793034e+11
12:09:31,7481.59,-291.28543,-2.9128543e+11
12:09:37,7464.87,-292.01883,-2.920188e+11
12:10:01,7481.59,-292.57492,-2.9257492e+11
12:10:07,7465.65,-298.61282,-2.9861282e+11
12:10:31,7481.59,-280.8722,-2.808722e+11
12:10:37,7468.86,-271.52142,-2.7152143e+11
12:11:01,7481.59,-257.69263,-2.5769265e+11
12:11:07,7471.67,-263.01767,-2.6301768e+11
12:11:31,7481.59,-239.32433,-2.3932432e+11
12:11:37,7470.98,-247.35475,-2.4735475e+11
12:12:01,7481.59,-254.59743,-2.5459743e+11
12:12:07,7469.08,-278.66464,-2.7866464e+11
12:12:31,7481.59,-278.30148,-2.7830147e+11
12:12:37,7469.26,-272.9747,-2.7297471e+11
12:13:01,7481.59,-241.89606,-2.4189606e+11
12:13:07,7472.21,-244.57031,-2.4457031e+11
12:13:31,7481.59,-232.87265,-2.3287266e+11
12:13:37,7473.89,-234.93092,-2.3493093e+11
12:14:01,7481.59,-239.2609,-2.392609e+11
12:14:07,7471.88,-250.92892,-2.5092892e+11
12:14:31,7481.59,-227.96678,-2.2796678e+11
12:14:37,7472.01,-243.26787,-2.4326786e+11
12:15:01,7481.59,-239.22635,-2.3922636e+11
12:15:07,7470.38,-236.95065,-2.3695067e+11
12:15:31,7481.59,-246.99902,-2.4699902e+11
12:15:37,7470.87,-251.47838,-2.514784e+11
12:16:01,7481.59,-252.69505,-2.5269505e+11
12:16:07,7472.89,-244.02893,-2.4402893e+11
12:16:31,7481.59,-239.00436,-2.3900437e+11
12:16:37,7472.44,-241.59706,-2.4159705e+11
12:17:01,7481.59,-232.75331,-2.3275332e+11
12:17:07,7472.83,-236.1696,-2.3616961e+11
12:17:31,7481.59,-250.39099,-2.50391e+11
12:17:37,7470.58,-259.85623,-2.5985622e+11
12:18:01,7481.59,-275.28223,-2.7528223e+11
12:18:07,7468.16,-276.28564,-2.7628565e+11
12:18:31,7481.59,-278.10352,-2.7810352e+11
12:18:37,7467.93,-275.92377,-2.7592376e+11
12:19:01,7481.59,-270.94583,-2.7094583e+11
12:19:07,7469.69,-262.66898,-2.6266898e+11
12:19:31,7481.59,-246.67854,-2.4667854e+11
12:19:37,7470.87,-245.64635,-2.4564634e+11
12:20:01,7481.59,-273.19028,-2.7319026e+11
12:20:07,7466.5,-285.04532,-2.8504533e+11
12:20:31,7481.59,-305.49783,-3.0549783e+11
12:20:37,7463.33,-312.37695,-3.1237695e+11
12:21:01,7481.59,-295.19894,-2.9519895e+11
12:21:07,7465.33,-292.01776,-2.9201777e+11
12:21:31,7481.59,-286.20694,-2.8620695e+11
12:21:37,7465.44,-289.99228,-2.8999228e+11
12:22:01,7481.59,-296.73535,-2.9673534e+11
12:22:07,7464.11,-299.75555,-2.9975557e+11
12:22:31,7481.59,-303.4965,-3.034965e+11
12:22:37,7462.81,-319.05975,-3.1905976e+11
12:23:01,7481.59,-301.19745,-3.0119746e+11
12:23:07,7464.23,-307.4939,-3.074939e+11
12:23:31,7481.59,-313.22986,-3.1322987e+11
12:23:37,7462.71,-314.80133,-3.1480132e+11
12:24:01,7481.59,-313.1976,-3.131976e+11
12:24:07,7462.07,-326.29205,-3.2629205e+11
12:24:31,7481.59,-316.89227,-3.1689228e+11
12:24:37,7461.71,-327.3496,-3.2734963e+11
12:25:01,7481.59,-320.26978,-3.2026978e+11
12:25:07,7464.22,-309.01932,-3.090193e+11
12:25:31,7481.59,-292.60242,-2.926024e+11
12:25:37,7465.32,-301.63586,-3.0163586e+11
12:26:01,7481.59,-296.10773,-2.9610774e+11
12:26:07,7463.45,-306.71204,-3.0671205e+11
12:26:31,7481.59,-323.1988,-3.2319878e+11
12:26:37,7461.73,-336.69122,-3.3669123e+11
12:27:01,7481.59,-321.09756,-3.2109756e+11
12:27:07,7462.68,-316.35394,-3.1635394e+11
12:27:31,7481.59,-312.65588,-3.126559e+11
12:27:37,7463.23,-313.99002,-3.1399002e+11
12:28:01,7481.59,-315.39774,-3.1539773e+11
12:28:07,7463.05,-321.63373,-3.216337e+11
12:28:31,7481.59,-317.75735,-3.1775736e+11
12:28:37,7463.05,-332.5035,-3.325035e+11
12:29:01,7481.59,-304.3133,-3.043133e+11
12:29:07,7465.16,-300.60297,-3.0060298e+11
12:29:31,7481.59,-311.51843,-3.1151843e+11
12:29:37,7462.05,-328.4841,-3.284841e+11
12:30:01,7481.59,-329.04254,-3.2904256e+11
12:30:07,7462.25,-320.92917,-3.2092917e+11
12:30:31,7481.59,-336.0941,-3.3609407e+11
12:30:37,7458.28,-353.24286,-3.5324287e+11
12:31:01,7481.59,-351.87195,-3.5187196e+11
12:31:07,7459.13,-363.35144,-3.6335144e+11
12:31:31,7481.59,-358.94907,-3.5894906e+11
12:31:37,7459.14,-361.63052,-3.6163053e+11
12:32:01,7481.59,-359.6302,-3.596302e+11
12:32:07,7457.39,-368.14642,-3.6814645e+11
12:32:31,7481.59,-371.4236,-3.714236e+11
12:33:01,7456.91,-367.83096,-3.6783096e+11
12:33:23,7458.67,-355.65326,-3.556533e+11
12:33:31,7457.5,-347.66754,-3.4766753e+11
12:33:33,7458.91,-359.64352,-3.596435e+11
12:34:01,7457.5,-359.32587,-3.5932586e+11
12:34:03,7457.07,-362.79227,-3.627923e+11
12:34:31,7457.5,-380.54996,-3.8054996e+11
12:34:33,7455.56,-386.5022,-3.865022e+11
12:35:01,7457.5,-382.46164,-3.8246164e+11
12:35:03,7454.02,-394.43903,-3.9443903e+11
12:35:31,7457.5,-382.20184,-3.8220182e+11
12:35:33,7454.87,-389.41684,-3.8941685e+11
12:36:01,7457.5,-377.81705,-3.7781704e+11
12:36:03,7457.1,-390.47983,-3.9047984e+11
12:36:31,7457.5,-388.25858,-3.8825856e+11
12:36:33,7454.21,-398.01913,-3.9801913e+11
12:37:01,7457.5,-386.809,-3.8680897e+11
12:37:03,7454.81,-394.15048,-3.9415048e+11
12:37:31,7457.5,-403.90686,-4.0390685e+11
12:37:33,7452.22,-411.87677,-4.118768e+11
12:38:01,7457.5,-429.57117,-4.2957118e+11
12:38:03,7450.21,-431.62872,-4.316287e+11
12:38:31,7457.5,-416.73923,-4.1673923e+11
12:38:33,7449.01,-426.00607,-4.260061e+11
12:39:01,7457.5,-416.8124,-4.168124e+11
12:39:03,7450.36,-421.85037,-4.2185038e+11
12:39:31,7457.5,-409.6242,-4.096242e+11
12:39:33,7451.39,-422.35083,-4.2235085e+11
12:40:01,7457.5,-398.11203,-3.9811203e+11
12:40:03,7453.88,-407.67358,-4.0767357e+11
12:40:31,7457.5,-385.0138,-3.8501378e+11
12:40:33,7454.92,-388.11545,-3.8811546e+11
12:41:01,7457.5,-364.50766,-3.6450766e+11
12:41:03,7457.07,-370.62714,-3.7062715e+11
12:41:31,7457.5,-357.29858,-3.5729857e+11
12:41:33,7459.62,-364.02008,-3.6402007e+11
12:42:01,7457.5,-375.45255,-3.7545253e+11
12:42:03,7456.46,-379.94885,-3.7994886e+11
12:42:31,7457.5,-386.08112,-3.860811e+11
12:42:33,7457.06,-367.61447,-3.6761446e+11
12:43:01,7457.5,-363.93814,-3.6393815e+11
12:43:03,7456.89,-369.61203,-3.6961203e+11
12:43:31,7457.5,-366.44208,-3.664421e+11
12:44:01,7458.82,-363.59885,-3.6359884e+11
12:44:29,7459.13,-353.0758,-3.530758e+11
12:44:31,7459.1,-348.57843,-3.485784e+11
12:44:39,7459.26,-353.2632,-3.532632e+11
12:45:01,7459.1,-343.71082,-3.437108e+11
12:45:09,7459.43,-359.2365,-3.592365e+11
12:45:31,7459.1,-366.6487,-3.666487e+11
12:45:39,7456.79,-373.9666,-3.739666e+11
12:46:01,7459.1,-381.0026,-3.810026e+11
12:46:09,7457.09,-387.469,-3.87469e+11
12:46:31,7459.1,-368.71072,-3.687107e+11
12:46:39,7456.29,-378.52567,-3.7852565e+11
12:47:01,7459.1,-384.71234,-3.8471234e+11
12:47:09,7457.15,-388.58392,-3.8858395e+11
12:47:31,7459.1,-382.78818,-3.8278817e+11
12:47:39,7455.65,-398.5167,-3.9851668e+11
12:48:01,7459.1,-367.21295,-3.6721295e+11
12:48:09,7458.42,-374.27292,-3.7427292e+11
12:48:31,7459.1,-366.98706,-3.6698705e+11
12:48:39,7455.18,-389.97995,-3.8997993e+11
12:49:01,7459.1,-360.25986,-3.6025985e+11
12:49:09,7458.2,-370.30725,-3.7030727e+11
12:49:31,7459.1,-359.46115,-3.5946113e+11
12:49:39,7458.23,-366.28802,-3.6628804e+11
12:50:01,7459.1,-377.4017,-3.774017e+11
12:50:09,7454.91,-376.52994,-3.7652994e+11
12:50:31,7459.1,-399.59396,-3.9959396e+11
12:50:39,7454.02,-414.09387,-4.1409387e+11
12:51:01,7459.1,-401.1098,-4.011098e+11
12:51:09,7454.51,-408.2877,-4.0828767e+11
12:51:31,7459.1,-390.0885,-3.9008852e+11
12:51:39,7458.2,-367.26965,-3.6726964e+11
12:52:01,7459.1,-366.43604,-3.6643602e+11
12:52:09,7457.26,-371.5901,-3.7159007e+11
12:52:31,7459.1,-348.75275,-3.4875274e+11
12:52:39,7459.37,-357.14206,-3.5714207e+11
12:53:01,7459.1,-340.48337,-3.4048338e+11
12:53:09,7459.92,-343.71866,-3.4371866e+11
12:53:31,7459.1,-356.2725,-3.5627247e+11
12:53:39,7456.38,-383.59784,-3.8359784e+11
12:54:01,7459.1,-384.84415,-3.8484417e+11
12:54:09,7457.02,-396.88354,-3.9688353e+11
12:54:31,7459.1,-368.0853,-3.6808527e+11
12:54:39,7456.48,-378.21408,-3.782141e+11
12:55:01,7459.1,-380.18002,-3.8018004e+11
12:55:31,7453.04,-403.03387,-4.0303388e+11
12:56:01,7451.29,-430.07336,-4.3007338e+11
12:56:10,7448.26,-464.55972,-4.645597e+11
12:56:20,7447.91,-466.3058,-4.6630578e+11
12:56:31,7451.29,-448.32056,-4.4832054e+11
12:56:50,7447.24,-464.22534,-4.6422534e+11
12:57:01,7451.29,-455.3764,-4.553764e+11
12:57:20,7447.17,-462.44156,-4.6244158e+11
12:57:31,7451.29,-446.13318,-4.4613317e+11
12:57:50,7447.95,-457.5772,-4.575772e+11
12:58:01,7451.29,-453.37762,-4.5337762e+11
12:58:20,7447.31,-474.12408,-4.741241e+11
12:58:31,7451.29,-464.14438,-4.641444e+11
12:58:50,7447.46,-471.53732,-4.7153732e+11
12:59:01,7451.29,-452.6739,-4.5267386e+11
12:59:20,7448.53,-448.64554,-4.4864553e+11
12:59:31,7451.29,-444.67136,-4.4467133e+11
12:59:50,7448.56,-451.5879,-4.515879e+11
13:00:01,7451.29,-444.33826,-4.4433824e+11
13:00:20,7448.47,-451.49496,-4.5149497e+11
13:00:31,7451.29,-442.20737,-4.4220737e+11
13:00:50,7447,-451.70065,-4.5170065e+11
13:01:01,7451.29,-470.4233,-4.704233e+11
13:01:20,7443.43,-487.8452,-4.8784523e+11
13:01:31,7451.29,-487.95117,-4.8795117e+11
13:01:50,7442.03,-517.8658,-5.1786577e+11
13:02:01,7451.29,-504.9531,-5.049531e+11
13:02:20,7445.61,-494.55786,-4.9455786e+11
13:02:31,7451.29,-476.0674,-4.7606743e+11
13:02:50,7442.95,-491.65942,-4.9165943e+11
13:03:01,7451.29,-485.7967,-4.857967e+11
13:03:20,7439.5,-517.73254,-5.1773256e+11
13:03:31,7451.29,-525.01685,-5.2501683e+11
13:03:50,7437.45,-532.70044,-5.3270043e+11
13:04:01,7451.29,-521.36475,-5.2136477e+11
13:04:20,7433.72,-559.56335,-5.595634e+11
13:04:31,7451.29,-552.56775,-5.5256777e+11
13:04:50,7436.13,-556.9256,-5.569256e+11
13:05:01,7451.29,-548.37244,-5.4837245e+11
13:05:20,7433.3,-572.5133,-5.725133e+11
13:05:31,7451.29,-562.8232,-5.628232e+11
13:05:50,7434.72,-552.3296,-5.523296e+11
13:06:01,7451.29,-552.7048,-5.5270474e+11
13:06:20,7439.89,-542.4026,-5.424026e+11
13:06:31,7451.29,-519.2965,-5.192965e+11
13:06:50,7443.13,-516.1239,-5.161239e+11
13:07:01,7451.29,-502.6941,-5.026941e+11
13:07:20,7446.39,-483.5679,-4.835679e+11
13:07:31,7451.29,-479.07278,-4.7907278e+11
13:07:50,7444.86,-486.4265,-4.864265e+11
13:08:01,7451.29,-486.62378,-4.8662377e+11
13:08:20,7442.82,-510.32254,-5.1032254e+11
13:08:31,7451.29,-488.01108,-4.880111e+11
13:08:50,7442.33,-507.72934,-5.0772935e+11
13:09:01,7451.29,-498.3909,-4.9839093e+11
13:09:20,7443.55,-503.65363,-5.0365363e+11
13:09:31,7451.29,-484.5056,-4.8450562e+11
13:09:50,7442.62,-520.4315,-5.2043153e+11
13:10:01,7451.29,-506.24738,-5.0624738e+11
13:10:20,7443.18,-511.6901,-5.1169008e+11
13:10:31,7451.29,-509.95822,-5.0995823e+11
13:10:50,7439.74,-539.3747,-5.393747e+11
13:11:01,7451.29,-526.50305,-5.265031e+11
13:11:20,7440.06,-530.73627,-5.3073625e+11
13:11:31,7451.29,-518.1858,-5.181858e+11
13:11:50,7440.55,-529.61566,-5.2961565e+11
13:12:01,7451.29,-523.86566,-5.2386565e+11
13:12:20,7442.02,-521.3419,-5.2134193e+11
13:12:31,7451.29,-516.65546,-5.166554e+11
13:12:50,7440.31,-527.6143,-5.2761428e+11
13:13:01,7451.29,-521.88055,-5.2188057e+11
13:13:20,7441.04,-526.21893,-5.2621892e+11
13:13:31,7451.29,-521.0218,-5.210218e+11
13:13:50,7441.5,-531.6646,-5.316646e+11
13:14:01,7451.29,-514.33484,-5.1433485e+11
13:14:20,7443.53,-513.4729,-5.134729e+11
13:14:31,7451.29,-488.53674,-4.8853674e+11
13:14:50,7445.18,-480.71716,-4.8071718e+11
13:15:01,7451.29,-490.22305,-4.9022304e+11
13:15:20,7443.67,-509.07947,-5.090795e+11
13:15:31,7451.29,-500.33832,-5.0033833e+11
13:15:50,7443.95,-509.1876,-5.091876e+11
13:16:01,7451.29,-495.08636,-4.9508637e+11
13:16:20,7445.67,-491.7485,-4.917485e+11
13:16:31,7451.29,-488.88287,-4.8888286e+11
13:16:50,7446.56,-487.49698,-4.8749697e+11
13:17:01,7451.29,-470.30554,-4.7030554e+11
13:17:20,7447.61,-451.9471,-4.519471e+11
13:17:31,7451.29,-452.9206,-4.529206e+11
13:17:50,7444.7,-474.9166,-4.749166e+11
13:18:01,7451.29,-477.59814,-4.7759815e+11
13:18:20,7446.02,-475.46548,-4.7546548e+11
13:18:31,7451.29,-464.03952,-4.640395e+11
13:18:50,7446.45,-466.0641,-4.6606408e+11
13:19:01,7451.29,-465.006,-4.65006e+11
13:19:20,7441.35,-503.87473,-5.038747e+11
13:19:31,7451.29,-506.02527,-5.0602528e+11
13:19:50,7442.09,-510.11285,-5.1011286e+11
13:20:01,7451.29,-510.35553,-5.1035554e+11
13:20:20,7441.02,-528.83276,-5.2883276e+11
13:20:31,7451.29,-510.40985,-5.1040987e+11
13:20:50,7440.97,-540.9437,-5.409437e+11
13:21:01,7451.29,-523.5691,-5.235691e+11
13:21:20,7444.53,-538.2616,-5.382616e+11
13:21:31,7451.29,-489.42337,-4.8942337e+11
13:21:50,7442.66,-510.98804,-5.1098803e+11
13:22:01,7451.29,-492.48898,-4.9248898e+11
13:22:20,7444.4,-494.8547,-4.9485473e+11
13:22:31,7451.29,-464.02054,-4.6402054e+11
13:22:50,7443.81,-482.24182,-4.8224184e+11
13:23:01,7451.29,-485.73804,-4.8573802e+11
13:23:20,7441.5,-526.98065,-5.2698064e+11
13:23:31,7451.29,-506.07016,-5.0607017e+11
13:23:50,7442.58,-510.65604,-5.1065605e+11
13:24:01,7451.29,-505.04102,-5.05041e+11
13:24:20,7442,-520.0659,-5.2006594e+11
13:24:31,7451.29,-507.24738,-5.0724736e+11
13:24:50,7440.36,-527.9108,-5.279108e+11
13:25:01,7451.29,-518.444,-5.1844396e+11
13:25:20,7441.39,-522.4357,-5.2243572e+11
13:25:31,7451.29,-509.93472,-5.0993473e+11
13:25:50,7440.1,-542.8779,-5.428779e+11
13:26:01,7451.29,-531.18774,-5.3118773e+11
13:26:20,7441.24,-521.2671,-5.212671e+11
13:26:31,7451.29,-519.9633,-5.199633e+11
13:26:50,7439.24,-542.7776,-5.4277757e+11
13:27:01,7451.29,-539.25397,-5.3925393e+11
13:27:20,7441.02,-533.5538,-5.3355377e+11
13:27:31,7451.29,-518.7508,-5.187508e+11
13:27:50,7441.63,-526.37695,-5.26377e+11
13:28:01,7451.29,-500.64014,-5.0064012e+11
13:28:20,7441.29,-522.4232,-5.2242324e+11
13:28:31,7451.29,-515.96643,-5.1596647e+11
13:28:50,7441.3,-520.272,-5.2027195e+11
13:29:01,7451.29,-511.6202,-5.1162022e+11
13:29:20,7442.73,-513.39087,-5.1339084e+11
13:29:31,7451.29,-497.0238,-4.970238e+11
13:29:50,7442.93,-523.9849,-5.2398493e+11
13:30:01,7451.29,-497.8528,-4.978528e+11
13:30:20,7443.51,-503.02832,-5.0302832e+11
13:30:31,7451.29,-491.81482,-4.918148e+11
13:30:50,7443.34,-503.4966,-5.034966e+11
13:31:01,7451.29,-500.4918,-5.0049178e+11
13:31:20,7444.53,-497.14786,-4.9714787e+11
13:31:31,7451.29,-485.36148,-4.853615e+11
13:31:50,7445.1,-499.85327,-4.9985326e+11
13:32:01,7451.29,-477.62262,-4.7762263e+11
13:32:20,7445.1,-477.27457,-4.7727457e+11
13:32:31,7451.29,-480.82352,-4.808235e+11
13:32:50,7445.85,-468.18182,-4.6818184e+11
13:33:01,7451.29,-467.4671,-4.674671e+11
13:33:20,7447.54,-477.1095,-4.771095e+11
13:33:31,7451.29,-456.1646,-4.561646e+11
13:33:50,7446.27,-465.97113,-4.6597112e+11
13:34:01,7451.29,-476.32007,-4.7632007e+11
13:34:20,7445.25,-497.20804,-4.9720803e+11
13:34:31,7451.29,-480.48468,-4.8048466e+11
13:34:50,7442.51,-515.1468,-5.151468e+11
13:35:01,7451.29,-517.7731,-5.1777307e+11
13:35:20,7442.06,-534.3047,-5.343047e+11
13:35:31,7451.29,-537.1223,-5.3712234e+11
13:35:50,7440.16,-536.3405,-5.3634053e+11
13:36:01,7451.29,-540.09955,-5.4009954e+11
13:36:20,7439.53,-551.6817,-5.516817e+11
13:36:31,7451.29,-551.5776,-5.515776e+11
13:36:50,7436.68,-578.97687,-5.789769e+11
13:37:01,7451.29,-578.69354,-5.7869356e+11
13:37:20,7436.63,-575.3688,-5.753688e+11
13:37:31,7451.29,-577.2905,-5.772906e+11
13:37:50,7436.72,-589.656,-5.89656e+11
13:38:01,7451.29,-571.96826,-5.7196826e+11
13:38:20,7437.33,-575.4343,-5.754343e+11
13:38:31,7451.29,-585.0735,-5.850735e+11
13:38:50,7435.43,-590.7083,-5.9070834e+11
13:39:01,7451.29,-590.37665,-5.9037667e+11
13:39:20,7435.95,-590.9845,-5.909845e+11
13:39:31,7451.29,-588.5731,-5.885731e+11
13:39:50,7433.77,-616.55524,-6.165552e+11
13:40:01,7451.29,-601.1424,-6.011424e+11
13:40:20,7434.86,-610.57886,-6.1057886e+11
13:40:31,7451.29,-591.5476,-5.9154766e+11
13:40:50,7432.99,-627.79816,-6.277982e+11
13:41:01,7451.29,-597.04285,-5.9704286e+11
13:41:20,7436.12,-591.1285,-5.911284e+11
13:41:31,7451.29,-574.9233,-5.749233e+11
13:41:50,7437.54,-578.8611,-5.788611e+11
13:42:01,7451.29,-551.2932,-5.512932e+11
13:42:20,7437.68,-556.3805,-5.5638045e+11
13:42:31,7451.29,-558.20776,-5.582077e+11
13:42:50,7437.71,-555.5732,-5.555732e+11
13:43:01,7451.29,-551.6115,-5.516115e+11
13:43:20,7436.63,-585.25323,-5.8525326e+11
13:43:31,7451.29,-557.9905,-5.579905e+11
13:43:50,7437.05,-586.22906,-5.86229e+11
13:44:01,7451.29,-574.0832,-5.740832e+11
13:44:20,7438.19,-565.59595,-5.655959e+11
13:44:31,7451.29,-553.4126,-5.534126e+11
13:44:50,7436.03,-589.0775,-5.8907754e+11
13:45:01,7451.29,-582.3084,-5.823084e+11
13:45:20,7437.76,-586.79956,-5.867996e+11
13:45:31,7451.29,-582.06396,-5.82064e+11
13:45:50,7435.21,-611.3966,-6.113966e+11
13:46:01,7451.29,-591.382,-5.9138205e+11
13:46:20,7434.92,-606.4189,-6.064189e+11
13:46:31,7451.29,-603.2908,-6.032908e+11
13:46:50,7434.25,-594.40137,-5.9440136e+11
13:47:01,7451.29,-613.4293,-6.1342935e+11
13:47:20,7432.82,-630.0028,-6.300028e+11
13:47:31,7451.29,-626.512,-6.2651204e+11
13:47:50,7431.74,-637.5799,-6.375799e+11
13:48:01,7451.29,-636.72156,-6.3672156e+11
13:48:20,7430.96,-646.5311,-6.465311e+11
13:48:31,7451.29,-629.45416,-6.2945414e+11
13:48:50,7433.28,-629.2138,-6.292138e+11
13:49:01,7451.29,-610.33777,-6.103378e+11
13:49:20,7432.27,-629.7842,-6.297842e+11
13:49:31,7451.29,-625.60175,-6.2560174e+11
13:49:50,7432.92,-615.42365,-6.154237e+11
13:50:01,7451.29,-611.7398,-6.117398e+11
13:50:20,7431.86,-637.82965,-6.3782964e+11
13:50:31,7451.29,-643.6242,-6.436242e+11
13:50:50,7431.71,-636.768,-6.3676796e+11
13:51:01,7451.29,-611.8407,-6.118407e+11
13:51:20,7431.9,-636.63837,-6.366384e+11
13:51:31,7451.29,-619.2663,-6.1926624e+11
13:51:50,7433.65,-631.5753,-6.315753e+11
13:52:01,7451.29,-613.54724,-6.1354725e+11
13:52:20,7431.37,-614.5769,-6.145769e+11
13:52:31,7451.29,-622.46985,-6.2246984e+11
13:52:50,7433.11,-634.1639,-6.341639e+11
13:53:01,7451.29,-609.4776,-6.094776e+11
13:53:20,7434.43,-609.0871,-6.0908706e+11
13:53:31,7451.29,-605.33026,-6.053303e+11
13:53:50,7434.58,-614.5355,-6.1453546e+11
13:54:01,7451.29,-601.4788,-6.014788e+11
13:54:20,7435.19,-613.3612,-6.133612e+11
13:54:31,7451.29,-588.0692,-5.880692e+11
13:54:50,7436.95,-585.61597,-5.85616e+11
13:55:01,7451.29,-555.1417,-5.5514176e+11
13:55:20,7436.68,-584.71344,-5.8471344e+11
13:55:31,7451.29,-585.2228,-5.852227e+11
13:55:50,7434.79,-617.9977,-6.1799766e+11
13:56:01,7451.29,-598.4323,-5.9843235e+11
13:56:20,7431.7,-635.212,-6.35212e+11
13:56:31,7451.29,-628.03204,-6.280321e+11
13:56:50,7432.85,-642.5062,-6.425062e+11
13:57:01,7451.29,-616.58203,-6.16582e+11
13:57:20,7432.94,-636.90283,-6.3690283e+11
13:57:31,7451.29,-621.6868,-6.216869e+11
13:57:50,7432.15,-644.1647,-6.441647e+11
13:58:01,7451.29,-627.535,-6.27535e+11
13:58:20,7430.14,-655.0592,-6.550592e+11
13:58:31,7451.29,-665.55707,-6.655571e+11
13:58:50,7428.42,-667.015,-6.6701505e+11
13:59:01,7451.29,-663.5054,-6.635054e+11
13:59:20,7428.49,-673.7857,-6.737857e+11
13:59:31,7451.29,-667.18823,-6.671882e+11
13:59:50,7428.31,-686.2252,-6.862252e+11
14:00:01,7451.29,-660.5965,-6.6059646e+11
14:00:20,7428.24,-686.3925,-6.863925e+11
14:00:31,7451.29,-654.8599,-6.5485996e+11
14:00:50,7431.78,-655.456,-6.55456e+11
14:01:01,7451.29,-637.4343,-6.374343e+11
14:01:20,7431.67,-646.7539,-6.4675394e+11
14:01:31,7451.29,-626.37695,-6.2637697e+11
14:01:50,7432.84,-629.62103,-6.29621e+11
14:02:01,7451.29,-598.864,-5.9886404e+11
14:02:20,7432.71,-624.387,-6.24387e+11
14:02:31,7451.29,-617.3814,-6.173814e+11
14:02:50,7434.06,-606.8113,-6.0681126e+11
14:03:01,7451.29,-599.22845,-5.992285e+11
14:03:20,7432.46,-626.9897,-6.2698966e+11
14:03:31,7451.29,-611.1957,-6.111957e+11
14:03:50,7433.43,-623.4056,-6.2340556e+11
14:04:01,7451.29,-610.9874,-6.109874e+11
14:04:20,7434.56,-604.6032,-6.046032e+11
14:04:31,7451.29,-586.4301,-5.8643015e+11
14:04:50,7436.42,-593.4258,-5.934257e+11
14:05:01,7451.29,-586.1256,-5.861256e+11
14:05:20,7439.3,-558.2119,-5.582119e+11
14:05:31,7451.29,-520.2842,-5.202842e+11
14:05:50,7441.88,-539.16644,-5.391664e+11
14:06:01,7451.29,-527.74243,-5.277424e+11
14:06:20,7443.19,-504.00928,-5.040093e+11
14:06:31,7451.29,-458.31815,-4.5831815e+11
14:06:50,7449.05,-442.73773,-4.4273772e+11
14:07:01,7451.29,-441.33182,-4.4133184e+11
14:07:20,7446.25,-475.01236,-4.7501237e+11
14:07:31,7451.29,-445.46063,-4.4546064e+11
14:07:50,7447.7,-458.43365,-4.5843366e+11
14:08:01,7451.29,-461.3887,-4.6138868e+11
14:08:20,7447.95,-461.3523,-4.6135227e+11
14:08:31,7451.29,-429.0316,-4.290316e+11
14:08:50,7448.91,-436.35104,-4.3635104e+11
14:09:01,7451.29,-416.5013,-4.1650133e+11
14:09:20,7449.82,-419.0147,-4.190147e+11
14:09:31,7451.29,-423.3299,-4.2332992e+11
14:09:50,7451.06,-420.68552,-4.206855e+11
14:10:01,7451.29,-393.0726,-3.930726e+11
14:10:20,7454.92,-359.45404,-3.5945405e+11
14:10:31,7451.29,-342.74725,-3.4274725e+11
14:10:50,7451.15,-395.4581,-3.9545812e+11
14:11:01,7451.29,-376.01627,-3.7601627e+11
14:11:20,7453.38,-378.88086,-3.7888085e+11
14:11:31,7451.29,-370.08258,-3.700826e+11
14:11:50,7452.69,-386.4193,-3.8641933e+11
14:12:01,7451.29,-379.39014,-3.7939013e+11
14:12:20,7452.09,-392.5314,-3.925314e+11
14:12:31,7451.29,-383.28033,-3.8328032e+11
14:12:50,7452.97,-376.80566,-3.7680565e+11
14:13:01,7451.29,-383.0163,-3.830163e+11
14:13:20,7452.44,-389.73148,-3.897315e+11
14:13:31,7451.29,-382.5232,-3.825232e+11
14:13:50,7452.54,-396.043,-3.9604303e+11
14:14:01,7451.29,-381.52307,-3.815231e+11
14:14:20,7450.93,-405.0498,-4.050498e+11
14:14:31,7451.29,-411.0731,-4.110731e+11
14:14:50,7448.72,-449.96793,-4.499679e+11
14:15:01,7451.29,-418.33655,-4.1833654e+11
14:15:20,7449.84,-438.2875,-4.382875e+11
14:15:31,7451.29,-453.39532,-4.5339532e+11
14:15:50,7448.86,-454.3749,-4.543749e+11
14:16:01,7451.29,-436.48706,-4.3648706e+11
14:16:20,7448.61,-456.0078,-4.560078e+11
14:16:31,7451.29,-443.2496,-4.4324962e+11
14:16:50,7447.68,-459.7502,-4.597502e+11
14:17:01,7451.29,-443.42612,-4.434261e+11
14:17:20,7446.47,-471.71915,-4.7171915e+11
14:17:31,7451.29,-479.19708,-4.7919707e+11
14:17:50,7445.43,-497.36844,-4.9736843e+11
14:18:01,7451.29,-494.8599,-4.948599e+11
14:18:20,7443.4,-531.5789,-5.3157895e+11
14:18:31,7451.29,-518.75714,-5.1875715e+11
14:18:50,7444.24,-485.37213,-4.8537213e+11
14:19:01,7451.29,-530.2948,-5.3029483e+11
14:19:20,7443.23,-526.61194,-5.266119e+11
14:19:31,7451.29,-512.7899,-5.127899e+11
14:19:50,7443.55,-528.7488,-5.2874877e+11
14:20:01,7451.29,-503.42603,-5.0342602e+11
14:20:20,7447.52,-470.12924,-4.7012925e+11
14:20:31,7451.29,-460.56088,-4.6056086e+11
14:20:50,7447.36,-462.986,-4.6298602e+11
14:21:01,7451.29,-465.4345,-4.654345e+11
14:21:20,7447.2,-456.72678,-4.567268e+11
14:21:31,7451.29,-475.54785,-4.7554786e+11
14:21:50,7446.6,-482.36652,-4.8236652e+11
14:22:01,7451.29,-460.8535,-4.6085348e+11
14:22:20,7449.22,-455.50085,-4.5550086e+11
14:22:31,7451.29,-428.42606,-4.2842607e+11
14:22:50,7448.04,-459.31607,-4.5931607e+11
14:23:01,7451.29,-448.34402,-4.4834403e+11
14:23:20,7447.27,-456.22318,-4.562232e+11
14:23:31,7451.29,-462.4672,-4.624672e+11
14:23:50,7447.48,-465.59155,-4.6559153e+11
14:24:01,7451.29,-458.41974,-4.5841973e+11
14:24:20,7447.63,-458.45496,-4.5845496e+11
14:24:31,7451.29,-439.89307,-4.3989307e+11
14:24:50,7447.85,-460.52075,-4.6052075e+11
14:25:01,7451.29,-436.62634,-4.3662633e+11
14:25:20,7451.19,-408.33484,-4.0833483e+11
14:25:31,7451.29,-391.07663,-3.9107664e+11
14:25:50,7449.35,-424.9071,-4.249071e+11
14:26:01,7451.29,-422.44278,-4.224428e+11
14:26:20,7449.08,-446.56873,-4.4656873e+11
14:26:31,7451.29,-430.21954,-4.3021953e+11
14:26:50,7450.6,-410.47318,-4.104732e+11
14:27:01,7451.29,-397.70963,-3.9770964e+11
14:27:20,7450.83,-396.31256,-3.9631254e+11
14:27:31,7451.29,-406.52057,-4.0652056e+11
14:27:50,7451.76,-401.47275,-4.0147275e+11
14:28:01,7451.29,-385.47467,-3.8547466e+11
14:28:20,7453.67,-357.96948,-3.579695e+11
14:28:31,7451.29,-353.70508,-3.5370507e+11
14:28:50,7454.16,-358.21274,-3.5821276e+11
14:29:01,7451.29,-344.90695,-3.4490696e+11
14:29:31,7453.88,-365.84818,-3.658482e+11
14:29:34,7452.83,-367.55957,-3.6755957e+11
14:29:44,7453.69,-380.3901,-3.8039008e+11
14:30:01,7453.88,-347.58,-3.4757997e+11
14:30:14,7454.54,-356.62534,-3.5662532e+11
14:30:31,7453.88,-337.90854,-3.3790856e+11
14:30:44,7457.58,-317.83194,-3.1783194e+11
14:31:01,7453.88,-304.8751,-3.0487508e+11
14:31:14,7457.3,-312.1904,-3.121904e+11
14:31:31,7453.88,-289.70428,-2.8970428e+11
14:31:44,7458.89,-305.24875,-3.0524876e+11
14:32:01,7453.88,-254.44916,-2.5444916e+11
14:32:14,7459.58,-270.0969,-2.7009688e+11
14:32:31,7453.88,-281.08694,-2.8108695e+11
14:32:44,7458.09,-290.65295,-2.9065295e+11
14:33:01,7459.55,-278.0192,-2.780192e+11
14:33:26,7460.49,-257.09128,-2.5709129e+11
14:33:31,7459.82,-239.22481,-2.3922482e+11
14:33:36,7460.38,-249.02309,-2.4902309e+11
14:34:01,7459.82,-234.40779,-2.3440779e+11
14:34:06,7459.2,-246.43784,-2.4643784e+11
14:34:31,7459.82,-336.59116,-3.3659116e+11
14:34:36,7455.85,-326.0252,-3.260252e+11
14:35:01,7459.82,-327.71085,-3.2771083e+11
14:35:06,7456.06,-336.1363,-3.3613627e+11
14:35:31,7459.82,-282.73932,-2.827393e+11
14:35:36,7458.56,-288.41513,-2.8841512e+11
14:36:01,7459.82,-322.94638,-3.229464e+11
14:36:06,7456.98,-334.19833,-3.3419834e+11
14:36:31,7459.82,-327.7861,-3.277861e+11
14:36:36,7457.05,-338.4877,-3.384877e+11
14:37:01,7459.82,-332.12585,-3.3212586e+11
14:37:06,7456.45,-337.82736,-3.3782736e+11
14:37:31,7459.82,-328.05798,-3.2805798e+11
14:37:36,7456.25,-338.5175,-3.385175e+11
14:38:01,7459.82,-291.75894,-2.9175896e+11
14:38:06,7459.48,-294.08774,-2.9408775e+11
14:38:31,7459.82,-279.58975,-2.7958975e+11
14:38:36,7459.43,-283.6548,-2.8365478e+11
14:39:01,7459.82,-292.63837,-2.9263836e+11
14:39:06,7457.47,-301.2668,-3.012668e+11
14:39:31,7459.82,-312.6799,-3.126799e+11
14:39:36,7458.88,-317.58862,-3.1758864e+11
14:40:01,7459.82,-295.60748,-2.956075e+11
14:40:06,7458.83,-303.1774,-3.031774e+11
14:40:31,7459.82,-283.17984,-2.8317984e+11
14:40:36,7458.2,-295.60278,-2.9560278e+11
14:41:01,7459.82,-296.4025,-2.964025e+11
14:41:06,7458.01,-302.7813,-3.027813e+11
14:41:31,7459.82,-292.37277,-2.9237277e+11
14:41:36,7458.09,-300.17957,-3.001796e+11
14:42:01,7459.82,-314.49475,-3.1449475e+11
14:42:06,7458.68,-328.34558,-3.2834558e+11
14:42:31,7459.82,-293.2561,-2.932561e+11
14:42:36,7458.89,-294.6193,-2.9461928e+11
14:43:01,7459.82,-278.8606,-2.788606e+11
14:43:06,7458.18,-303.52185,-3.0352186e+11
14:43:31,7459.82,-275.70236,-2.7570235e+11
14:43:36,7459.68,-283.52707,-2.835271e+11
14:44:01,7459.82,-282.71246,-2.8271247e+11
14:44:06,7459.67,-287.72888,-2.8772886e+11
14:44:31,7459.82,-272.31183,-2.7231183e+11
14:44:36,7459.68,-273.3922,-2.7339222e+11
14:45:01,7459.82,-307.33853,-3.073385e+11
14:45:06,7456.34,-312.62897,-3.1262897e+11
14:45:31,7459.82,-370.26273,-3.7026274e+11
14:45:36,7453.07,-384.6798,-3.846798e+11
14:46:01,7459.82,-404.06033,-4.0406034e+11
14:46:31,7453.08,-379.74063,-3.7974062e+11
14:46:50,7453.43,-391.216,-3.91216e+11
14:47:00,7453.24,-384.2506,-3.842506e+11
14:47:01,7453.08,-383.28842,-3.832884e+11
14:47:30,7454.8,-358.9201,-3.5892013e+11
14:47:31,7453.08,-345.91324,-3.4591323e+11
14:48:00,7456.39,-353.70386,-3.5370385e+11
14:48:01,7453.08,-328.51138,-3.285114e+11
14:48:30,7456.05,-344.0544,-3.440544e+11
14:48:31,7453.08,-323.16028,-3.2316028e+11
14:49:00,7458.5,-312.89044,-3.1289046e+11
14:49:01,7453.08,-300.16208,-3.001621e+11
14:49:30,7459.66,-278.46103,-2.7846102e+11
14:49:31,7453.08,-270.4814,-2.7048142e+11
14:50:00,7459.68,-283.07156,-2.8307158e+11
14:50:01,7453.08,-265.66513,-2.6566513e+11
14:50:30,7458.84,-287.92267,-2.8792265e+11
14:50:31,7453.08,-286.84836,-2.8684835e+11
14:51:00,7459.17,-278.61224,-2.7861225e+11
14:51:01,7453.08,-267.71558,-2.6771558e+11
14:51:30,7460.36,-240.49835,-2.4049836e+11
14:51:31,7453.08,-244.29805,-2.4429804e+11
14:52:00,7459.77,-267.50278,-2.6750276e+11
14:52:01,7453.08,-257.09915,-2.5709917e+11
14:52:30,7461.97,-228.55391,-2.285539e+11
14:52:31,7453.08,-209.0572,-2.0905722e+11
14:53:00,7460.96,-243.53908,-2.4353908e+11
14:53:01,7453.08,-238.09366,-2.3809365e+11
14:53:30,7458.23,-279.05853,-2.7905855e+11
14:53:31,7453.08,-294.78055,-2.9478057e+11
14:54:00,7458.69,-291.972,-2.91972e+11
14:54:01,7453.08,-281.41095,-2.8141093e+11
14:54:30,7457.44,-297.99908,-2.9799907e+11
14:54:31,7453.08,-302.92908,-3.029291e+11
14:55:00,7455.88,-331.5906,-3.315906e+11
14:55:01,7453.08,-332.13043,-3.3213042e+11
14:55:31,7456.7,-330.51797,-3.3051797e+11
14:55:48,7456.22,-346.6023,-3.4660227e+11
14:55:57,7456.16,-346.84457,-3.4684456e+11
14:56:01,7456.7,-334.82083,-3.3482084e+11
14:56:31,7454.04,-370.10565,-3.7010565e+11
14:56:47,7453.2,-400.30124,-4.0030123e+11
14:56:57,7453.51,-403.3121,-4.0331208e+11
14:57:01,7454.04,-384.34534,-3.8434534e+11
14:57:27,7454.53,-376.25055,-3.7625056e+11
14:57:31,7454.04,-362.52188,-3.625219e+11
14:57:57,7455.99,-336.6258,-3.366258e+11
14:58:01,7454.04,-343.11377,-3.4311376e+11
14:58:27,7455.75,-330.4932,-3.304932e+11
14:58:31,7454.04,-349.82822,-3.4982822e+11
14:58:57,7455.96,-362.78558,-3.627856e+11
14:59:01,7454.04,-342.33115,-3.4233116e+11
14:59:27,7454.64,-367.3374,-3.673374e+11
14:59:31,7454.04,-368.72415,-3.6872415e+11
14:59:57,7456.72,-349.3143,-3.493143e+11
15:00:01,7454.04,-324.44467,-3.244447e+11
15:00:27,7456.45,-311.1231,-3.111231e+11
15:00:31,7454.04,-309.9229,-3.099229e+11
15:00:57,7453.19,-391.7671,-3.917671e+11
15:01:01,7454.04,-405.5468,-4.0554683e+11
15:01:31,7452.37,-410.28165,-4.1028164e+11
15:02:01,7452.54,-404.40762,-4.044076e+11
15:02:25,7453.02,-388.7843,-3.887843e+11
15:02:31,7452.36,-395.04807,-3.9504806e+11
15:02:35,7453.17,-399.7558,-3.9975577e+11
15:03:01,7452.36,-398.70654,-3.9870657e+11
15:03:05,7453.5,-408.96667,-4.0896666e+11
15:03:31,7452.36,-385.22253,-3.8522254e+11
15:03:35,7453.47,-393.051,-3.9305098e+11
15:04:01,7452.36,-413.9881,-4.139881e+11
15:04:05,7451.68,-423.27,-4.2327e+11
15:04:31,7452.36,-499.60513,-4.9960514e+11
15:04:35,7444.64,-488.3353,-4.8833528e+11
15:05:01,7452.36,-562.49243,-5.624924e+11
15:05:05,7445,-582.62445,-5.826244e+11
15:05:31,7452.36,-566.873,-5.66873e+11
15:05:35,7442.33,-574.75,-5.7475e+11
15:06:01,7452.36,-586.02814,-5.8602815e+11
15:06:05,7441.49,-596.913,-5.9691296e+11
15:06:31,7452.36,-574.41364,-5.744137e+11
15:06:35,7445,-584.41504,-5.8441505e+11
15:07:01,7452.36,-509.83972,-5.098397e+11
15:07:05,7446.71,-519.0763,-5.1907628e+11
15:07:31,7452.36,-527.2291,-5.272291e+11
15:07:35,7444.26,-535.178,-5.35178e+11
15:08:01,7452.36,-506.8624,-5.0686237e+11
15:08:05,7445.84,-514.2208,-5.1422082e+11
15:08:31,7452.36,-501.15646,-5.0115648e+11
15:08:35,7446.36,-500.00552,-5.0000554e+11
15:09:01,7452.36,-519.5967,-5.1959667e+11
15:09:05,7445.62,-529.88196,-5.29882e+11
15:09:31,7452.36,-502.7143,-5.0271427e+11
15:09:35,7447.09,-517.8238,-5.1782382e+11
15:10:01,7452.36,-515.1799,-5.1517987e+11
15:10:05,7445.74,-535.66156,-5.3566154e+11
15:10:31,7452.36,-536.6419,-5.366419e+11
15:10:35,7443.36,-526.8039,-5.2680386e+11
15:11:01,7452.36,-521.0688,-5.210688e+11
15:11:05,7446.25,-530.6492,-5.3064915e+11
15:11:31,7452.36,-519.7903,-5.1979026e+11
15:11:35,7446.72,-528.20135,-5.2820132e+11
15:12:01,7452.36,-502.2956,-5.022956e+11
15:12:05,7446.99,-509.4455,-5.094455e+11
15:12:31,7452.36,-510.78677,-5.1078676e+11
15:12:35,7446.56,-541.4769,-5.4147695e+11
15:13:01,7452.36,-495.96613,-4.9596613e+11
15:13:05,7447.42,-503.94168,-5.039417e+11
15:13:31,7452.36,-484.1676,-4.841676e+11
15:13:35,7449.16,-474.8543,-4.748543e+11
15:14:01,7452.36,-480.185,-4.80185e+11
15:14:05,7447.71,-484.3331,-4.843331e+11
15:14:31,7452.36,-485.00488,-4.8500487e+11
15:14:35,7448.01,-493.54492,-4.9354493e+11
15:15:01,7452.36,-494.00983,-4.9400984e+11
15:15:05,7447.73,-502.43484,-5.0243482e+11
15:15:31,7452.36,-491.54047,-4.9154048e+11
15:15:35,7446.95,-511.90704,-5.1190707e+11
15:16:01,7452.36,-516.1938,-5.1619378e+11
15:16:05,7446.12,-521.27374,-5.2127377e+11
15:16:31,7452.36,-553.29736,-5.532974e+11
15:16:35,7444.45,-563.51465,-5.6351464e+11
15:17:01,7452.36,-539.8465,-5.3984648e+11
15:17:05,7444.52,-541.2708,-5.412708e+11
15:17:31,7452.36,-544.7212,-5.447212e+11
15:17:35,7445.18,-557.0558,-5.570558e+11
15:18:01,7452.36,-529.98004,-5.2998006e+11
15:18:05,7444.85,-558.6822,-5.586822e+11
15:18:31,7443.67,-572.4231,-5.724231e+11
15:19:01,7443.12,-571.1191,-5.711191e+11
15:19:07,7444.65,-537.65607,-5.3765607e+11
15:19:16,7445.17,-556.39624,-5.5639625e+11
15:19:31,7443.12,-537.98004,-5.3798004e+11
15:19:46,7447.32,-526.98694,-5.2698694e+11
15:20:01,7443.12,-496.79578,-4.9679578e+11
15:20:16,7445.73,-539.0742,-5.3907423e+11
15:20:31,7443.12,-542.9528,-5.4295282e+11
15:20:46,7444.37,-585.13306,-5.8513306e+11
15:21:01,7443.12,-567.43,-5.6743e+11
15:21:16,7443.83,-574.03937,-5.740393e+11
15:21:31,7443.12,-566.06793,-5.660679e+11
15:21:46,7443.89,-575.0495,-5.750495e+11
15:22:01,7443.12,-568.9839,-5.689839e+11
15:22:16,7444.1,-575.7919,-5.757919e+11
15:22:31,7443.12,-581.08997,-5.8108995e+11
15:22:46,7443.59,-587.60504,-5.87605e+11
15:23:01,7443.12,-586.0042,-5.8600423e+11
15:23:16,7444.04,-569.3324,-5.693324e+11
15:23:31,7443.12,-570.0933,-5.7009334e+11
15:23:46,7443.26,-599.9528,-5.9995285e+11
15:24:01,7443.12,-576.6919,-5.766919e+11
15:24:16,7443.17,-603.72894,-6.037289e+11
15:24:31,7443.12,-597.6574,-5.976574e+11
15:24:46,7443.71,-587.2029,-5.872029e+11
15:25:01,7443.12,-583.5667,-5.835667e+11
15:25:16,7442.86,-599.2637,-5.992637e+11
15:25:31,7443.12,-588.59326,-5.8859323e+11
15:25:46,7442.35,-606.5541,-6.065541e+11
15:26:01,7443.12,-574.10266,-5.7410263e+11
15:26:16,7442.46,-606.35565,-6.0635565e+11
15:26:31,7443.12,-593.9766,-5.939766e+11
15:26:46,7444.17,-596.0773,-5.9607725e+11
15:27:01,7443.12,-560.24316,-5.6024315e+11
15:27:16,7446.72,-528.2213,-5.282213e+11
15:27:31,7443.12,-517.18933,-5.1718934e+11
15:27:46,7445.19,-557.25836,-5.572584e+11
15:28:01,7443.12,-520.6241,-5.2062408e+11
15:28:16,7447.77,-501.11908,-5.0111906e+11
15:28:31,7443.12,-482.39218,-4.8239218e+11
15:28:46,7450.88,-430.27725,-4.3027723e+11
15:29:01,7443.12,-388.98877,-3.8898876e+11
15:29:16,7453.1,-361.02408,-3.610241e+11
15:29:31,7443.12,-346.07986,-3.4607985e+11
15:29:46,7453.7,-359.9045,-3.599045e+11
15:30:01,7443.12,-436.34424,-4.3634426e+11
15:30:16,7450.36,-417.51624,-4.1751626e+11
15:30:31,7443.12,-397.5278,-3.9752778e+11
15:30:46,7451.83,-367.32587,-3.6732587e+11
15:31:01,7443.12,-381.6802,-3.816802e+11
15:31:16,7453.27,-369.7323,-3.6973232e+11
15:31:31,7443.12,-379.09726,-3.790973e+11
15:31:46,7451.82,-403.23816,-4.0323816e+11
15:32:01,7443.12,-379.91547,-3.7991544e+11
15:32:16,7452.15,-391.9309,-3.9193094e+11
15:32:31,7443.12,-393.402,-3.9340202e+11
15:32:46,7454.26,-332.81976,-3.328198e+11
15:33:01,7443.12,-353.9788,-3.539788e+11
15:33:16,7455.15,-337.99176,-3.3799176e+11
15:33:31,7443.12,-295.86307,-2.9586306e+11
15:33:46,7454.62,-331.74292,-3.317429e+11
15:34:01,7443.12,-298.63803,-2.9863802e+11
15:34:16,7455.94,-298.97995,-2.9897995e+11
15:34:31,7443.12,-289.88965,-2.8988965e+11
15:34:46,7456.26,-285.26608,-2.852661e+11
15:35:01,7443.12,-272.04623,-2.7204623e+11
15:35:16,7456.46,-290.58316,-2.9058315e+11
15:35:31,7443.12,-271.64487,-2.7164487e+11
15:35:46,7457.43,-271.28998,-2.7128999e+11
15:36:01,7443.12,-257.22272,-2.5722272e+11
15:36:16,7456.84,-311.7327,-3.117327e+11
15:36:31,7443.12,-268.50787,-2.6850787e+11
15:36:46,7456.63,-286.09723,-2.8609724e+11
15:37:01,7443.12,-306.05692,-3.0605692e+11
15:37:16,7453.35,-378.55603,-3.7855602e+11
15:37:31,7443.12,-341.90723,-3.4190724e+11
15:37:46,7456.1,-324.26126,-3.2426125e+11
15:38:01,7443.12,-299.6748,-2.996748e+11
15:38:16,7458.15,-242.36514,-2.4236515e+11
15:38:31,7443.12,-216.46677,-2.1646677e+11
15:38:46,7458.89,-221.45308,-2.2145307e+11
15:39:01,7443.12,-238.22644,-2.3822644e+11
15:39:16,7458.06,-242.39307,-2.4239306e+11
15:39:31,7443.12,-280.778,-2.80778e+11
15:39:46,7457.05,-275.3042,-2.7530422e+11
15:40:01,7443.12,-253.81024,-2.5381025e+11
15:40:16,7456.22,-277.60263,-2.7760263e+11
15:40:31,7443.12,-266.2978,-2.6629779e+11
15:40:46,7457.69,-281.94565,-2.8194567e+11
15:41:01,7443.12,-269.14935,-2.6914937e+11
15:41:16,7456.78,-269.09033,-2.6909032e+11
15:41:31,7443.12,-294.51776,-2.9451774e+11
15:41:46,7457.92,-291.9285,-2.919285e+11
15:42:01,7443.12,-252.20107,-2.5220107e+11
15:42:16,7455.6,-299.6851,-2.996851e+11
15:42:31,7443.12,-305.7866,-3.057866e+11
15:42:46,7456.52,-303.08405,-3.0308404e+11
15:43:01,7443.12,-278.0771,-2.7807708e+11
15:43:16,7457.35,-262.06802,-2.6206803e+11
15:43:31,7443.12,-251.60945,-2.5160945e+11
15:43:46,7460.08,-232.37064,-2.3237063e+11
15:44:01,7443.12,-197.30202,-1.9730201e+11
15:44:16,7459.34,-227.8962,-2.278962e+11
15:44:31,7443.12,-221.30757,-2.2130757e+11
15:44:46,7460.57,-191.5437,-1.915437e+11
15:45:01,7443.12,-184.88348,-1.848835e+11
15:45:16,7459.7,-214.67451,-2.1467452e+11
15:45:31,7443.12,-185.03278,-1.8503279e+11
15:45:46,7460.44,-183.41206,-1.8341206e+11
15:46:01,7443.12,-188.76506,-1.8876506e+11
15:46:16,7458.15,-201.54169,-2.0154168e+11
15:46:31,7443.12,-262.39957,-2.6239957e+11
15:46:46,7458.79,-252.99153,-2.5299154e+11
15:47:01,7443.12,-245.16748,-2.4516749e+11
15:47:16,7459.16,-234.68765,-2.3468764e+11
15:47:31,7443.12,-220.30229,-2.203023e+11
15:48:01,7458.44,-256.845,-2.5684502e+11
15:48:08,7458.61,-240.6537,-2.406537e+11
15:48:17,7458.3,-252.07365,-2.5207366e+11
15:48:31,7458.44,-235.0514,-2.3505142e+11
15:48:47,7458.15,-244.83957,-2.4483958e+11
15:49:01,7458.44,-234.72552,-2.3472552e+11
15:49:31,7458.34,-240.1366,-2.401366e+11
15:49:42,7457.73,-230.64365,-2.3064365e+11
15:49:52,7458.79,-273.29367,-2.7329369e+11
15:50:01,7458.34,-239.36023,-2.3936023e+11
15:50:22,7464.97,11.592072,1.1592071e+10
15:50:31,7458.34,-35.149776,-3.5149775e+10
15:50:52,7466.91,-24.628378,-2.4628378e+10
15:51:01,7458.34,8.514205,8.5142047e+09
15:51:22,7465.74,-10.302281,-1.0302281e+10
15:51:31,7458.34,-15.321538,-1.5321538e+10
15:51:52,7466.74,-26.205677,-2.6205678e+10
15:52:01,7458.34,-5.521302,-5.5213025e+09
15:52:22,7468.69,29.537237,2.9537237e+10
15:52:31,7458.34,21.71572,2.1715718e+10
15:52:52,7467.48,9.981601,9.981601e+09
15:53:01,7458.34,-26.106485,-2.6106485e+10
15:53:22,7469.16,31.388853,3.1388852e+10
15:53:31,7458.34,44.04416,4.404416e+10
15:53:52,7467.4,-18.573908,-1.8573908e+10
15:54:01,7458.34,10.6456175,1.0645618e+10
15:54:22,7467.92,-5.66448,-5.6644803e+09
15:54:31,7458.34,-23.675112,-2.3675111e+10
15:54:52,7471.98,103.40432,1.0340432e+11
15:55:01,7458.34,61.449234,6.1449232e+10
15:55:22,7473.07,58.387386,5.8387386e+10
15:55:31,7458.34,60.046524,6.0046524e+10
15:55:52,7473.63,82.59049,8.259049e+10
15:56:01,7458.34,100.969536,1.0096954e+11
15:56:22,7474.81,133.52687,1.3352687e+11
15:56:31,7458.34,119.51855,1.1951855e+11
15:56:52,7475.61,160.12653,1.6012653e+11
15:57:01,7458.34,145.50348,1.4550347e+11
15:57:22,7477.55,223.7364,2.237364e+11
15:57:31,7458.34,265.34235,2.6534234e+11
15:57:52,7478.53,284.4218,2.844218e+11
15:58:01,7458.34,301.49704,3.0149702e+11
15:58:22,7477.79,249.15369,2.4915368e+11
15:58:31,7458.34,259.6305,2.5963048e+11
15:58:52,7481.68,325.02118,3.2502117e+11
15:59:01,7458.34,365.53702,3.65537e+11
15:59:22,7482.01,385.73615,3.8573615e+11
15:59:31,7458.34,326.1107,3.261107e+11
15:59:52,7482.13,330.01624,3.3001623e+11
18:00:01,7458.34,10.264179,1.026418e+10
18:00:08,7483.24,10.539844,1.0539844e+10
18:00:31,7458.34,10.5068445,1.0506844e+10
18:00:38,7483.24,10.539844,1.0539844e+10
18:01:01,7458.34,10.5068445,1.0506844e+10
18:01:08,7483.24,10.539844,1.0539844e+10
18:01:31,7458.34,10.5068445,1.0506844e+10
18:01:38,7483.24,10.539844,1.0539844e+10
18:02:01,7458.34,10.5068445,1.0506844e+10
18:02:08,7483.24,10.539844,1.0539844e+10
18:02:31,7458.34,10.5068445,1.0506844e+10
18:02:38,7483.24,10.539844,1.0539844e+10
18:03:01,7458.34,10.5068445,1.0506844e+10
18:03:08,7483.24,10.539844,1.0539844e+10
18:03:31,7458.34,10.5068445,1.0506844e+10
18:03:38,7483.24,10.539844,1.0539844e+10
18:04:01,7458.34,10.5068445,1.0506844e+10
18:04:08,7483.24,10.539844,1.0539844e+10
18:04:31,7458.34,10.5068445,1.0506844e+10
18:04:38,7483.24,10.539844,1.0539844e+10
18:05:01,7458.34,10.5068445,1.0506844e+10
18:05:08,7483.24,10.539844,1.0539844e+10
18:05:31,7458.34,10.5068445,1.0506844e+10
18:05:38,7483.24,10.539844,1.0539844e+10
18:06:01,7458.34,10.5068445,1.0506844e+10
18:06:08,7483.24,10.539844,1.0539844e+10
18:06:31,7458.34,10.5068445,1.0506844e+10
18:06:38,7483.24,10.539844,1.0539844e+10
18:07:01,7458.34,10.5068445,1.0506844e+10
18:07:08,7483.24,10.539844,1.0539844e+10
18:07:31,7458.34,10.5068445,1.0506844e+10
18:07:38,7483.24,10.539844,1.0539844e+10
18:08:01,7458.34,10.5068445,1.0506844e+10
18:08:08,7483.24,10.539844,1.0539844e+10
18:08:31,7458.34,10.5068445,1.0506844e+10
18:08:38,7483.24,10.539844,1.0539844e+10
18:09:01,7458.34,10.5068445,1.0506844e+10
18:09:08,7483.24,10.539844,1.0539844e+10
18:09:31,7458.34,10.5068445,1.0506844e+10
18:09:38,7483.24,10.539844,1.0539844e+10
18:10:01,7458.34,10.5068445,1.0506844e+10
18:10:08,7483.24,10.539844,1.0539844e+10
18:10:31,7458.34,10.5068445,1.0506844e+10
18:10:38,7483.24,10.539844,1.0539844e+10
18:11:01,7458.34,10.5068445,1.0506844e+10
18:11:08,7483.24,10.539844,1.0539844e+10
18:11:31,7458.34,10.5068445,1.0506844e+10
18:11:38,7483.24,10.539844,1.0539844e+10
18:12:01,7458.34,10.5068445,1.0506844e+10
18:12:08,7483.24,10.539844,1.0539844e+10
18:12:31,7458.34,10.5068445,1.0506844e+10
18:12:38,7483.24,10.539844,1.0539844e+10
18:13:01,7458.34,10.5068445,1.0506844e+10
18:13:08,7483.24,10.539844,1.0539844e+10
18:13:31,7458.34,10.5068445,1.0506844e+10
18:13:38,7483.24,10.539844,1.0539844e+10
18:14:01,7458.34,10.5068445,1.0506844e+10
18:14:08,7483.24,10.539844,1.0539844e+10
18:14:31,7458.34,10.5068445,1.0506844e+10
18:14:38,7483.24,10.539844,1.0539844e+10
18:15:01,7458.34,10.5068445,1.0506844e+10
18:15:08,7483.24,10.539844,1.0539844e+10
18:15:31,7458.34,10.5068445,1.0506844e+10
18:15:38,7483.24,10.539844,1.0539844e+10
18:16:01,7458.34,10.5068445,1.0506844e+10
18:16:08,7483.24,10.539844,1.0539844e+10
18:16:31,7458.34,10.5068445,1.0506844e+10
18:16:38,7483.24,10.539844,1.0539844e+10
18:17:01,7458.34,10.5068445,1.0506844e+10
18:17:08,7483.24,10.539844,1.0539844e+10
18:17:31,7458.34,10.5068445,1.0506844e+10
18:17:38,7483.24,10.539844,1.0539844e+10
18:18:01,7458.34,10.5068445,1.0506844e+10
18:18:08,7483.24,10.539844,1.0539844e+10
18:18:31,7458.34,10.5068445,1.0506844e+10
18:18:38,7483.24,10.539844,1.0539844e+10
18:19:01,7458.34,10.5068445,1.0506844e+10
18:19:08,7483.24,10.539844,1.0539844e+10
18:19:31,7458.34,10.5068445,1.0506844e+10
18:19:38,7483.24,10.539844,1.0539844e+10
18:20:01,7458.34,10.5068445,1.0506844e+10
18:20:08,7483.24,10.539844,1.0539844e+10
18:20:31,7458.34,10.5068445,1.0506844e+10
18:20:38,7483.24,10.539844,1.0539844e+10
18:21:01,7458.34,10.5068445,1.0506844e+10
18:21:08,7483.24,10.539844,1.0539844e+10
18:21:31,7458.34,10.5068445,1.0506844e+10
18:21:38,7483.24,10.539844,1.0539844e+10
18:22:01,7458.34,10.5068445,1.0506844e+10
18:22:08,7483.24,10.539844,1.0539844e+10
18:22:31,7458.34,10.5068445,1.0506844e+10
18:22:38,7483.24,10.539844,1.0539844e+10
18:23:01,7458.34,10.5068445,1.0506844e+10
18:23:08,7483.24,10.539844,1.0539844e+10
18:23:31,7458.34,10.5068445,1.0506844e+10
18:23:38,7483.24,10.539844,1.0539844e+10
18:24:01,7458.34,10.5068445,1.0506844e+10
18:24:08,7483.24,10.539844,1.0539844e+10
18:24:31,7458.34,10.5068445,1.0506844e+10
18:24:38,7483.24,10.539844,1.0539844e+10
18:25:01,7458.34,10.5068445,1.0506844e+10
18:25:08,7483.24,10.539844,1.0539844e+10
18:25:31,7458.34,10.5068445,1.0506844e+10
18:25:38,7483.24,10.539844,1.0539844e+10
18:26:01,7458.34,10.5068445,1.0506844e+10
18:26:08,7483.24,10.539844,1.0539844e+10
18:26:31,7458.34,10.5068445,1.0506844e+10
18:26:38,7483.24,10.539844,1.0539844e+10
18:27:01,7458.34,10.5068445,1.0506844e+10
18:27:08,7483.24,10.539844,1.0539844e+10
18:27:31,7458.34,10.5068445,1.0506844e+10
18:27:38,7483.24,10.539844,1.0539844e+10
18:28:01,7458.34,10.5068445,1.0506844e+10
18:28:08,7483.24,10.539844,1.0539844e+10
18:28:31,7458.34,10.5068445,1.0506844e+10
18:28:38,7483.24,10.539844,1.0539844e+10
18:29:01,7458.34,10.5068445,1.0506844e+10
18:29:08,7483.24,10.539844,1.0539844e+10
18:29:31,7458.34,10.5068445,1.0506844e+10
18:29:38,7483.24,10.539844,1.0539844e+10
18:30:01,7458.34,10.5068445,1.0506844e+10
18:30:08,7483.24,10.539844,1.0539844e+10
18:30:31,7458.34,10.5068445,1.0506844e+10
18:30:38,7483.24,10.539844,1.0539844e+10
18:31:01,7458.34,10.5068445,1.0506844e+10
18:31:08,7483.24,10.539844,1.0539844e+10
18:31:31,7458.34,10.5068445,1.0506844e+10
18:31:38,7483.24,10.539844,1.0539844e+10
18:32:01,7458.34,10.5068445,1.0506844e+10
18:32:08,7483.24,10.539844,1.0539844e+10
18:32:31,7458.34,10.5068445,1.0506844e+10
18:32:38,7483.24,10.539844,1.0539844e+10
18:33:01,7458.34,10.5068445,1.0506844e+10
18:33:08,7483.24,10.539844,1.0539844e+10
18:33:31,7458.34,10.5068445,1.0506844e+10
18:33:38,7483.24,10.539844,1.0539844e+10
18:34:01,7458.34,10.5068445,1.0506844e+10
18:34:08,7483.24,10.539844,1.0539844e+10
18:34:31,7458.34,10.5068445,1.0506844e+10
18:34:38,7483.24,10.539844,1.0539844e+10
18:35:01,7458.34,10.5068445,1.0506844e+10
18:35:08,7483.24,10.539844,1.0539844e+10
18:35:31,7458.34,10.5068445,1.0506844e+10
18:35:38,7483.24,10.539844,1.0539844e+10
18:36:01,7458.34,10.5068445,1.0506844e+10
18:36:08,7483.24,10.539844,1.0539844e+10
18:36:31,7458.34,10.5068445,1.0506844e+10
18:36:38,7483.24,10.539844,1.0539844e+10
18:37:01,7458.34,10.5068445,1.0506844e+10
18:37:08,7483.24,10.539844,1.0539844e+10
18:37:31,7458.34,10.5068445,1.0506844e+10
18:37:38,7483.24,10.539844,1.0539844e+10
18:38:01,7458.34,10.5068445,1.0506844e+10
18:38:08,7483.24,10.539844,1.0539844e+10
18:38:31,7458.34,10.5068445,1.0506844e+10
18:38:38,7483.24,10.539844,1.0539844e+10
18:39:01,7458.34,10.5068445,1.0506844e+10
18:39:08,7483.24,10.539844,1.0539844e+10
18:39:31,7458.34,10.5068445,1.0506844e+10
18:39:38,7483.24,10.539844,1.0539844e+10
18:40:01,7458.34,10.5068445,1.0506844e+10
18:40:08,7483.24,10.539844,1.0539844e+10
18:40:31,7458.34,10.5068445,1.0506844e+10
18:40:38,7483.24,10.539844,1.0539844e+10
18:41:01,7458.34,10.5068445,1.0506844e+10
18:41:08,7483.24,10.539844,1.0539844e+10
18:41:31,7458.34,10.5068445,1.0506844e+10
18:41:38,7483.24,10.539844,1.0539844e+10
18:42:01,7458.34,10.5068445,1.0506844e+10
18:42:08,7483.24,10.539844,1.0539844e+10
18:42:31,7458.34,10.5068445,1.0506844e+10
18:42:38,7483.24,10.539844,1.0539844e+10
18:43:01,7458.34,10.5068445,1.0506844e+10
18:43:08,7483.24,10.539844,1.0539844e+10
18:43:31,7458.34,10.5068445,1.0506844e+10
18:43:38,7483.24,10.539844,1.0539844e+10
18:44:01,7458.34,10.5068445,1.0506844e+10
18:44:08,7483.24,10.539844,1.0539844e+10
18:44:31,7458.34,10.5068445,1.0506844e+10
18:44:38,7483.24,10.539844,1.0539844e+10
18:45:01,7458.34,10.5068445,1.0506844e+10
18:45:08,7483.24,10.539844,1.0539844e+10
18:45:31,7458.34,10.5068445,1.0506844e+10
18:45:38,7483.24,10.539844,1.0539844e+10
18:46:01,7458.34,10.5068445,1.0506844e+10
18:46:08,7483.24,10.539844,1.0539844e+10
18:46:31,7458.34,10.5068445,1.0506844e+10
18:46:38,7483.24,10.539844,1.0539844e+10
18:47:01,7458.34,10.5068445,1.0506844e+10
18:47:08,7483.24,10.539844,1.0539844e+10
18:47:31,7458.34,10.5068445,1.0506844e+10
18:47:38,7483.24,10.539844,1.0539844e+10
18:48:01,7458.34,10.5068445,1.0506844e+10
18:48:08,7483.24,10.539844,1.0539844e+10
18:48:31,7458.34,10.5068445,1.0506844e+10
18:48:38,7483.24,10.539844,1.0539844e+10
18:49:01,7458.34,10.5068445,1.0506844e+10
18:49:08,7483.24,10.539844,1.0539844e+10
18:49:31,7458.34,10.5068445,1.0506844e+10
18:49:38,7483.24,10.539844,1.0539844e+10
18:50:01,7458.34,10.5068445,1.0506844e+10
18:50:08,7483.24,10.539844,1.0539844e+10
18:50:31,7458.34,10.5068445,1.0506844e+10
18:50:38,7483.24,10.539844,1.0539844e+10
18:51:01,7458.34,10.5068445,1.0506844e+10
18:51:08,7483.24,10.539844,1.0539844e+10
18:51:31,7458.34,10.5068445,1.0506844e+10
18:51:38,7483.24,10.539844,1.0539844e+10
18:52:01,7458.34,10.5068445,1.0506844e+10
18:52:08,7483.24,10.539844,1.0539844e+10
18:52:31,7458.34,10.5068445,1.0506844e+10
18:52:38,7483.24,10.539844,1.0539844e+10
18:53:01,7458.34,10.5068445,1.0506844e+10
18:53:08,7483.24,10.539844,1.0539844e+10
18:53:31,7458.34,10.5068445,1.0506844e+10
18:53:38,7483.24,10.539844,1.0539844e+10
18:54:01,7458.34,10.5068445,1.0506844e+10
18:54:08,7483.24,10.539844,1.0539844e+10
18:54:31,7458.34,10.5068445,1.0506844e+10
18:54:38,7483.24,10.539844,1.0539844e+10
18:55:01,7458.34,10.5068445,1.0506844e+10
18:55:08,7483.24,10.539844,1.0539844e+10
18:55:31,7458.34,10.5068445,1.0506844e+10
18:55:38,7483.24,10.539844,1.0539844e+10
18:56:01,7458.34,10.5068445,1.0506844e+10
18:56:08,7483.24,10.539844,1.0539844e+10
18:56:31,7458.34,10.5068445,1.0506844e+10
18:56:38,7483.24,10.539844,1.0539844e+10
18:57:01,7458.34,10.5068445,1.0506844e+10
18:57:08,7483.24,10.539844,1.0539844e+10
18:57:31,7458.34,10.5068445,1.0506844e+10
18:57:38,7483.24,10.539844,1.0539844e+10
18:58:01,7458.34,10.5068445,1.0506844e+10
18:58:08,7483.24,10.539844,1.0539844e+10
18:58:31,7458.34,10.5068445,1.0506844e+10
18:58:38,7483.24,10.539844,1.0539844e+10
18:59:01,7458.34,10.5068445,1.0506844e+10
18:59:08,7483.24,10.539844,1.0539844e+10
18:59:31,7458.34,10.5068445,1.0506844e+10
18:59:38,7483.24,10.539844,1.0539844e+10
19:00:01,7458.34,10.5068445,1.0506844e+10
19:00:08,7483.24,10.539844,1.0539844e+10
19:00:31,7458.34,10.5068445,1.0506844e+10
19:00:38,7483.24,10.539844,1.0539844e+10
19:01:01,7458.34,10.5068445,1.0506844e+10
19:01:08,7483.24,10.539844,1.0539844e+10
19:01:31,7458.34,10.5068445,1.0506844e+10
19:01:38,7483.24,10.539844,1.0539844e+10
19:02:01,7458.34,10.5068445,1.0506844e+10
19:02:08,7483.24,10.539844,1.0539844e+10
19:02:31,7458.34,10.5068445,1.0506844e+10
19:02:38,7483.24,10.539844,1.0539844e+10
19:03:01,7458.34,10.5068445,1.0506844e+10
19:03:08,7483.24,10.539844,1.0539844e+10
19:03:31,7458.34,10.5068445,1.0506844e+10
19:03:38,7483.24,10.539844,1.0539844e+10
19:04:01,7458.34,10.5068445,1.0506844e+10
19:04:08,7483.24,10.539844,1.0539844e+10
19:04:31,7458.34,10.5068445,1.0506844e+10
19:04:38,7483.24,10.539844,1.0539844e+10
19:05:01,7458.34,10.5068445,1.0506844e+10
19:05:08,7483.24,10.539844,1.0539844e+10
19:05:31,7458.34,10.5068445,1.0506844e+10
19:05:38,7483.24,10.539844,1.0539844e+10
19:06:01,7458.34,10.5068445,1.0506844e+10
19:06:08,7483.24,10.539844,1.0539844e+10
19:06:31,7458.34,10.5068445,1.0506844e+10
19:06:38,7483.24,10.539844,1.0539844e+10
19:07:01,7458.34,10.5068445,1.0506844e+10
19:07:08,7483.24,10.539844,1.0539844e+10
19:07:31,7458.34,10.5068445,1.0506844e+10
19:07:38,7483.24,10.539844,1.0539844e+10
19:08:01,7458.34,10.5068445,1.0506844e+10
19:08:08,7483.24,10.539844,1.0539844e+10
19:08:31,7458.34,10.5068445,1.0506844e+10
19:08:38,7483.24,10.539844,1.0539844e+10
19:09:01,7458.34,10.5068445,1.0506844e+10
19:09:08,7483.24,10.539844,1.0539844e+10
19:09:31,7458.34,10.5068445,1.0506844e+10
19:09:38,7483.24,10.539844,1.0539844e+10
19:10:01,7458.34,10.5068445,1.0506844e+10
19:10:08,7483.24,10.539844,1.0539844e+10
19:10:31,7458.34,10.5068445,1.0506844e+10
19:10:38,7483.24,10.539844,1.0539844e+10
19:11:01,7458.34,10.5068445,1.0506844e+10
19:11:08,7483.24,10.539844,1.0539844e+10
19:11:31,7458.34,10.5068445,1.0506844e+10
19:11:38,7483.24,10.539844,1.0539844e+10
19:12:01,7458.34,10.5068445,1.0506844e+10
19:12:08,7483.24,10.539844,1.0539844e+10
19:12:31,7458.34,10.5068445,1.0506844e+10
19:12:38,7483.24,10.539844,1.0539844e+10
19:13:01,7458.34,10.5068445,1.0506844e+10
19:13:08,7483.24,10.539844,1.0539844e+10
19:13:31,7458.34,10.5068445,1.0506844e+10
19:13:38,7483.24,10.539844,1.0539844e+10
19:14:01,7458.34,10.5068445,1.0506844e+10
19:14:08,7483.24,10.539844,1.0539844e+10
19:14:31,7458.34,10.5068445,1.0506844e+10
19:14:38,7483.24,10.539844,1.0539844e+10
19:15:01,7458.34,10.5068445,1.0506844e+10
19:15:08,7483.24,10.539844,1.0539844e+10
19:15:31,7458.34,10.5068445,1.0506844e+10
19:15:38,7483.24,10.539844,1.0539844e+10
19:16:01,7458.34,10.5068445,1.0506844e+10
19:16:08,7483.24,10.539844,1.0539844e+10
19:16:31,7458.34,10.5068445,1.0506844e+10
19:16:38,7483.24,10.539844,1.0539844e+10
19:17:01,7458.34,10.5068445,1.0506844e+10
19:17:08,7483.24,10.539844,1.0539844e+10
19:17:31,7458.34,10.5068445,1.0506844e+10
19:17:38,7483.24,10.539844,1.0539844e+10
19:18:01,7458.34,10.5068445,1.0506844e+10
19:18:08,7483.24,10.539844,1.0539844e+10
19:18:31,7458.34,10.5068445,1.0506844e+10
19:18:38,7483.24,10.539844,1.0539844e+10
19:19:01,7458.34,10.5068445,1.0506844e+10
19:19:08,7483.24,10.539844,1.0539844e+10
19:19:31,7458.34,10.5068445,1.0506844e+10
19:19:38,7483.24,10.539844,1.0539844e+10
19:20:01,7458.34,10.5068445,1.0506844e+10
19:20:08,7483.24,10.539844,1.0539844e+10
19:20:31,7458.34,10.5068445,1.0506844e+10
19:20:38,7483.24,10.539844,1.0539844e+10
19:21:01,7458.34,10.5068445,1.0506844e+10
19:21:08,7483.24,10.539844,1.0539844e+10
19:21:31,7458.34,10.5068445,1.0506844e+10
19:21:38,7483.24,10.539844,1.0539844e+10
19:22:01,7458.34,10.5068445,1.0506844e+10
19:22:08,7483.24,10.539844,1.0539844e+10
19:22:31,7458.34,10.5068445,1.0506844e+10
19:22:38,7483.24,10.539844,1.0539844e+10
19:23:01,7458.34,10.5068445,1.0506844e+10
19:23:08,7483.24,10.539844,1.0539844e+10
19:23:31,7458.34,10.5068445,1.0506844e+10
19:23:38,7483.24,10.539844,1.0539844e+10
19:24:01,7458.34,10.5068445,1.0506844e+10
19:24:08,7483.24,10.539844,1.0539844e+10
19:24:31,7458.34,10.5068445,1.0506844e+10
19:24:38,7483.24,10.539844,1.0539844e+10
19:25:01,7458.34,10.5068445,1.0506844e+10
19:25:08,7483.24,10.539844,1.0539844e+10
19:25:31,7458.34,10.5068445,1.0506844e+10
19:25:38,7483.24,10.539844,1.0539844e+10
19:26:01,7458.34,10.5068445,1.0506844e+10
19:26:08,7483.24,10.539844,1.0539844e+10
19:26:31,7458.34,10.5068445,1.0506844e+10
19:26:38,7483.24,10.539844,1.0539844e+10
19:27:01,7458.34,10.5068445,1.0506844e+10
19:27:08,7483.24,10.539844,1.0539844e+10
19:27:31,7458.34,10.5068445,1.0506844e+10
19:27:38,7483.24,10.539844,1.0539844e+10
19:28:01,7458.34,10.5068445,1.0506844e+10
19:28:08,7483.24,10.539844,1.0539844e+10
19:28:31,7458.34,10.5068445,1.0506844e+10
19:28:38,7483.24,10.539844,1.0539844e+10
19:29:01,7458.34,10.5068445,1.0506844e+10
19:29:08,7483.24,10.539844,1.0539844e+10
19:29:31,7458.34,10.5068445,1.0506844e+10
19:29:38,7483.24,10.539844,1.0539844e+10
19:30:01,7458.34,10.5068445,1.0506844e+10
19:30:08,7483.24,10.539844,1.0539844e+10
19:30:31,7458.34,10.5068445,1.0506844e+10
19:30:38,7483.24,10.539844,1.0539844e+10
19:31:01,7458.34,10.5068445,1.0506844e+10
19:31:08,7483.24,10.539844,1.0539844e+10
19:31:31,7458.34,10.5068445,1.0506844e+10
19:31:38,7483.24,10.539844,1.0539844e+10
19:32:01,7458.34,10.5068445,1.0506844e+10
19:32:08,7483.24,10.539844,1.0539844e+10
19:32:31,7458.34,10.5068445,1.0506844e+10
19:32:38,7483.24,10.539844,1.0539844e+10
19:33:01,7458.34,10.5068445,1.0506844e+10
19:33:08,7483.24,10.539844,1.0539844e+10
19:33:31,7458.34,10.5068445,1.0506844e+10
19:33:38,7483.24,10.539844,1.0539844e+10
19:34:01,7458.34,10.5068445,1.0506844e+10
19:34:08,7483.24,10.539844,1.0539844e+10
19:34:31,7458.34,10.5068445,1.0506844e+10
19:34:38,7483.24,10.539844,1.0539844e+10
19:35:01,7458.34,10.5068445,1.0506844e+10
19:35:08,7483.24,10.539844,1.0539844e+10
19:35:31,7458.34,10.5068445,1.0506844e+10
19:35:38,7483.24,10.539844,1.0539844e+10
19:36:01,7458.34,10.5068445,1.0506844e+10
19:36:08,7483.24,10.539844,1.0539844e+10
19:36:31,7458.34,10.5068445,1.0506844e+10
19:36:38,7483.24,10.539844,1.0539844e+10
19:37:01,7458.34,10.5068445,1.0506844e+10
19:37:08,7483.24,10.539844,1.0539844e+10
19:37:31,7458.34,10.5068445,1.0506844e+10
19:37:38,7483.24,10.539844,1.0539844e+10
19:38:01,7458.34,10.5068445,1.0506844e+10
19:38:08,7483.24,10.539844,1.0539844e+10
19:38:31,7458.34,10.5068445,1.0506844e+10
19:38:38,7483.24,10.539844,1.0539844e+10
19:39:01,7458.34,10.5068445,1.0506844e+10
19:39:08,7483.24,10.539844,1.0539844e+10
19:39:31,7458.34,10.5068445,1.0506844e+10
19:39:38,7483.24,10.539844,1.0539844e+10
19:40:01,7458.34,10.5068445,1.0506844e+10
19:40:08,7483.24,10.539844,1.0539844e+10
19:40:31,7458.34,10.5068445,1.0506844e+10
19:40:38,7483.24,10.539844,1.0539844e+10
19:41:01,7458.34,10.5068445,1.0506844e+10
19:41:08,7483.24,10.539844,1.0539844e+10
19:41:31,7458.34,10.5068445,1.0506844e+10
19:41:38,7483.24,10.539844,1.0539844e+10
19:42:01,7458.34,10.5068445,1.0506844e+10
19:42:08,7483.24,10.539844,1.0539844e+10
19:42:31,7458.34,10.5068445,1.0506844e+10
19:42:38,7483.24,10.539844,1.0539844e+10
19:43:01,7458.34,10.5068445,1.0506844e+10
19:43:08,7483.24,10.539844,1.0539844e+10
19:43:31,7458.34,10.5068445,1.0506844e+10
19:43:38,7483.24,10.539844,1.0539844e+10
19:44:01,7458.34,10.5068445,1.0506844e+10
19:44:08,7483.24,10.539844,1.0539844e+10
19:44:31,7458.34,10.5068445,1.0506844e+10
19:44:38,7483.24,10.539844,1.0539844e+10
19:45:01,7458.34,10.5068445,1.0506844e+10
19:45:08,7483.24,10.539844,1.0539844e+10
19:45:31,7458.34,10.5068445,1.0506844e+10
19:45:38,7483.24,10.539844,1.0539844e+10
19:46:01,7458.34,10.5068445,1.0506844e+10
19:46:08,7483.24,10.539844,1.0539844e+10
19:46:31,7458.34,10.5068445,1.0506844e+10
19:46:38,7483.24,10.539844,1.0539844e+10
19:47:01,7458.34,10.5068445,1.0506844e+10
19:47:08,7483.24,10.539844,1.0539844e+10
19:47:31,7458.34,10.5068445,1.0506844e+10
19:47:38,7483.24,10.539844,1.0539844e+10
19:48:01,7458.34,10.5068445,1.0506844e+10
19:48:08,7483.24,10.539844,1.0539844e+10
19:48:31,7458.34,10.5068445,1.0506844e+10
19:48:38,7483.24,10.539844,1.0539844e+10
19:49:01,7458.34,10.5068445,1.0506844e+10
19:49:08,7483.24,10.539844,1.0539844e+10
19:49:31,7458.34,10.5068445,1.0506844e+10
19:49:38,7483.24,10.539844,1.0539844e+10
19:50:01,7458.34,10.5068445,1.0506844e+10
19:50:08,7483.24,10.539844,1.0539844e+10
19:50:31,7458.34,10.5068445,1.0506844e+10
19:50:38,7483.24,10.539844,1.0539844e+10
19:51:01,7458.34,10.5068445,1.0506844e+10
19:51:08,7483.24,10.539844,1.0539844e+10
19:51:31,7458.34,10.5068445,1.0506844e+10
19:51:38,7483.24,10.539844,1.0539844e+10
19:52:01,7458.34,10.5068445,1.0506844e+10
19:52:08,7483.24,10.539844,1.0539844e+10
19:52:31,7458.34,10.5068445,1.0506844e+10
19:52:38,7483.24,10.539844,1.0539844e+10
19:53:01,7458.34,10.5068445,1.0506844e+10
19:53:08,7483.24,10.539844,1.0539844e+10
19:53:31,7458.34,10.5068445,1.0506844e+10
19:53:38,7483.24,10.539844,1.0539844e+10
19:54:01,7458.34,10.5068445,1.0506844e+10
19:54:08,7483.24,10.539844,1.0539844e+10
19:54:31,7458.34,10.5068445,1.0506844e+10
19:54:38,7483.24,10.539844,1.0539844e+10
19:55:01,7458.34,10.5068445,1.0506844e+10
19:55:08,7483.24,10.539844,1.0539844e+10
19:55:31,7458.34,10.5068445,1.0506844e+10
19:55:38,7483.24,10.539844,1.0539844e+10
19:56:01,7458.34,10.5068445,1.0506844e+10
19:56:08,7483.24,10.539844,1.0539844e+10
19:56:31,7458.34,10.5068445,1.0506844e+10
19:56:38,7483.24,10.539844,1.0539844e+10
19:57:01,7458.34,10.5068445,1.0506844e+10
19:57:08,7483.24,10.539844,1.0539844e+10
19:57:31,7458.34,10.5068445,1.0506844e+10
19:57:38,7483.24,10.539844,1.0539844e+10
19:58:01,7458.34,10.5068445,1.0506844e+10
19:58:08,7483.24,10.539844,1.0539844e+10
19:58:31,7458.34,10.5068445,1.0506844e+10
19:58:38,7483.24,10.539844,1.0539844e+10
19:59:01,7458.34,10.5068445,1.0506844e+10
19:59:08,7483.24,10.539844,1.0539844e+10
19:59:31,7458.34,10.5068445,1.0506844e+10
19:59:38,7483.24,10.539844,1.0539844e+10
20:00:01,7458.34,10.5068445,1.0506844e+10
20:00:08,7483.24,10.539844,1.0539844e+10
20:00:31,7458.34,10.5068445,1.0506844e+10
20:00:38,7483.24,10.539844,1.0539844e+10
20:01:01,7458.34,10.5068445,1.0506844e+10
20:01:08,7483.24,10.539844,1.0539844e+10
20:01:31,7458.34,10.5068445,1.0506844e+10
20:01:38,7483.24,10.539844,1.0539844e+10
20:02:01,7458.34,10.5068445,1.0506844e+10
20:02:08,7483.24,10.539844,1.0539844e+10
20:02:31,7458.34,10.5068445,1.0506844e+10
20:02:38,7483.24,10.539844,1.0539844e+10
20:03:01,7458.34,10.5068445,1.0506844e+10
20:03:08,7483.24,10.539844,1.0539844e+10
20:03:31,7458.34,10.5068445,1.0506844e+10
20:03:38,7483.24,10.539844,1.0539844e+10
20:04:01,7458.34,10.5068445,1.0506844e+10
20:04:08,7483.24,10.539844,1.0539844e+10
20:04:31,7458.34,10.5068445,1.0506844e+10
20:04:38,7483.24,10.539844,1.0539844e+10
20:05:01,7458.34,10.5068445,1.0506844e+10
20:05:08,7483.24,10.539844,1.0539844e+10
20:05:31,7458.34,10.5068445,1.0506844e+10
20:05:38,7483.24,10.539844,1.0539844e+10
20:06:01,7458.34,10.5068445,1.0506844e+10
20:06:08,7483.24,10.539844,1.0539844e+10
20:06:31,7458.34,10.5068445,1.0506844e+10
20:06:38,7483.24,10.539844,1.0539844e+10
20:07:01,7458.34,10.5068445,1.0506844e+10
20:07:08,7483.24,10.539844,1.0539844e+10
20:07:31,7458.34,10.5068445,1.0506844e+10
20:07:38,7483.24,10.539844,1.0539844e+10
20:08:01,7458.34,10.5068445,1.0506844e+10
20:08:08,7483.24,10.539844,1.0539844e+10
20:08:31,7458.34,10.5068445,1.0506844e+10
20:08:38,7483.24,10.539844,1.0539844e+10
20:09:01,7458.34,10.5068445,1.0506844e+10
20:09:08,7483.24,10.539844,1.0539844e+10
20:09:31,7458.34,10.5068445,1.0506844e+10
20:09:38,7483.24,10.539844,1.0539844e+10
20:10:01,7458.34,10.5068445,1.0506844e+10
20:10:08,7483.24,10.539844,1.0539844e+10
20:10:31,7458.34,10.5068445,1.0506844e+10
20:10:38,7483.24,10.539844,1.0539844e+10
20:11:01,7458.34,10.5068445,1.0506844e+10
20:11:08,7483.24,10.539844,1.0539844e+10
20:11:31,7458.34,10.5068445,1.0506844e+10
20:11:38,7483.24,10.539844,1.0539844e+10
20:12:01,7458.34,10.5068445,1.0506844e+10
20:12:08,7483.24,10.539844,1.0539844e+10
20:12:31,7458.34,10.5068445,1.0506844e+10
20:12:38,7483.24,10.539844,1.0539844e+10
20:13:01,7458.34,10.5068445,1.0506844e+10
20:13:08,7483.24,10.539844,1.0539844e+10
20:13:31,7458.34,10.5068445,1.0506844e+10
20:13:38,7483.24,10.539844,1.0539844e+10
20:14:01,7458.34,10.5068445,1.0506844e+10
20:14:08,7483.24,10.539844,1.0539844e+10
20:14:31,7458.34,10.5068445,1.0506844e+10
20:14:38,7483.24,10.539844,1.0539844e+10
20:15:01,7458.34,10.5068445,1.0506844e+10
20:15:08,7483.24,10.539844,1.0539844e+10
20:15:31,7458.34,10.5068445,1.0506844e+10
20:15:38,7483.24,10.539844,1.0539844e+10
20:16:01,7458.34,9.8329735,9.832973e+09
20:16:08,7483.24,10.055011,1.005501e+10
20:16:31,7458.34,9.8329735,9.832973e+09
20:16:38,7483.24,10.055011,1.005501e+10
20:17:01,7458.34,10.119114,1.0119114e+10
20:17:08,7483.24,10.232362,1.0232362e+10
20:17:31,7458.34,10.119114,1.0119114e+10
20:17:38,7483.24,10.232362,1.0232362e+10
20:18:01,7458.34,10.169193,1.0169193e+10
20:18:08,7483.24,10.267542,1.0267542e+10
20:18:31,7458.34,10.169193,1.0169193e+10
20:18:38,7483.24,10.267542,1.0267542e+10
20:19:01,7458.34,10.21273,1.0212731e+10
20:19:08,7483.24,10.373919,1.0373919e+10
20:19:31,7458.34,10.21273,1.0212731e+10
20:19:38,7483.24,10.373919,1.0373919e+10
20:20:01,7458.34,10.3442135,1.0344214e+10
20:20:08,7483.24,10.34083,1.034083e+10
20:20:31,7458.34,10.3442135,1.0344214e+10
20:20:38,7483.24,10.34083,1.034083e+10
20:21:01,7458.34,10.2247505,1.0224751e+10
20:21:08,7483.24,10.337045,1.0337044e+10
20:21:31,7458.34,10.2247505,1.0224751e+10
20:21:38,7483.24,10.337045,1.0337044e+10
20:22:01,7458.34,10.104802,1.0104802e+10
20:22:08,7483.24,10.225939,1.0225939e+10
20:22:31,7458.34,10.104802,1.0104802e+10
20:22:38,7483.24,10.225939,1.0225939e+10
20:23:01,7458.34,10.245284,1.0245284e+10
20:23:08,7483.24,10.374108,1.0374108e+10
20:23:31,7458.34,10.245284,1.0245284e+10
20:23:38,7483.24,10.374108,1.0374108e+10
20:24:01,7458.34,10.294537,1.0294536e+10
20:24:08,7483.24,10.329532,1.0329531e+10
20:24:31,7458.34,10.294537,1.0294536e+10
20:24:38,7483.24,10.329532,1.0329531e+10
20:25:01,7458.34,10.310539,1.0310539e+10
20:25:08,7483.24,10.246896,1.0246897e+10
20:25:31,7458.34,10.310539,1.0310539e+10
20:25:38,7483.24,10.246896,1.0246897e+10
20:26:01,7458.34,10.173092,1.0173092e+10
20:26:08,7483.24,10.366202,1.0366202e+10
20:26:31,7458.34,10.173092,1.0173092e+10
20:26:38,7483.24,10.366202,1.0366202e+10
20:27:01,7458.34,10.333011,1.033301e+10
20:27:08,7483.24,10.415365,1.0415365e+10
20:27:31,7458.34,10.333011,1.033301e+10
20:27:38,7483.24,10.415365,1.0415365e+10
20:28:01,7458.34,10.381653,1.0381652e+10
20:28:08,7483.24,10.4047165,1.0404717e+10
20:28:31,7458.34,10.381653,1.0381652e+10
20:28:38,7483.24,10.4047165,1.0404717e+10
20:29:01,7458.34,10.368285,1.0368285e+10
20:29:08,7483.24,10.422175,1.0422175e+10
20:29:31,7458.34,10.368285,1.0368285e+10
20:29:38,7483.24,10.422175,1.0422175e+10
20:30:01,7458.34,10.383768,1.0383768e+10
20:30:08,7483.24,10.421458,1.0421459e+10
20:30:31,7458.34,10.383768,1.0383768e+10
20:30:38,7483.24,10.421458,1.0421459e+10
20:31:01,7458.34,10.585894,1.0585893e+10
20:31:08,7483.24,10.71822,1.071822e+10
20:31:31,7458.34,10.585894,1.0585893e+10
20:31:38,7483.24,10.71822,1.071822e+10
20:32:01,7458.34,10.502026,1.0502026e+10
20:32:08,7483.24,10.543815,1.0543815e+10
20:32:31,7458.34,10.502026,1.0502026e+10
20:32:38,7483.24,10.543815,1.0543815e+10
20:33:01,7458.34,10.48759,1.048759e+10
20:33:08,7483.24,10.559431,1.0559431e+10
20:33:31,7458.34,10.48759,1.048759e+10
20:33:38,7483.24,10.559431,1.0559431e+10
20:34:01,7458.34,10.501561,1.0501561e+10
20:34:08,7483.24,10.570745,1.0570746e+10
20:34:31,7458.34,10.501561,1.0501561e+10
20:34:38,7483.24,10.570745,1.0570746e+10
20:35:01,7458.34,10.43357,1.043357e+10
20:35:08,7483.24,10.500481,1.0500481e+10
20:35:31,7458.34,10.43357,1.043357e+10
20:35:38,7483.24,10.500481,1.0500481e+10
20:36:01,7458.34,10.361178,1.0361179e+10
20:36:31,7458.34,10.361178,1.0361179e+10
20:36:43,7483.24,2.2408068,2.2408067e+09
20:36:52,7483.24,2.2408068,2.2408067e+09
20:37:01,7458.34,10.153286,1.0153286e+10
20:37:22,7483.24,2.2408068,2.2408067e+09
20:37:31,7458.34,10.153286,1.0153286e+10
20:37:52,7483.24,1.9127417,1.9127416e+09
20:38:01,7458.34,10.01779,1.001779e+10
20:38:22,7483.24,1.9127417,1.9127416e+09
20:38:31,7458.34,10.01779,1.001779e+10
20:38:52,7483.24,0.9701092,9.701092e+08
20:39:01,7458.34,9.60327,9.60327e+09
20:39:22,7483.24,0.9701092,9.701092e+08
20:39:31,7458.34,9.60327,9.60327e+09
20:39:52,7483.24,1.6750375,1.6750376e+09
20:40:01,7458.34,9.684764,9.684764e+09
20:40:22,7483.24,1.6750375,1.6750376e+09
20:40:31,7458.34,9.684764,9.684764e+09
20:40:52,7483.24,1.5478187,1.5478186e+09
20:41:01,7458.34,9.694971,9.694971e+09
20:41:31,7458.34,9.694971,9.694971e+09
20:42:01,7458.34,9.777512,9.777512e+09
20:42:05,7483.24,0.7275194,7.275194e+08
20:42:15,7483.24,0.7275194,7.275194e+08
20:42:31,7458.34,9.777512,9.777512e+09
20:42:45,7483.24,0.7275194,7.275194e+08
20:43:01,7458.34,9.823633,9.823633e+09
20:43:31,7458.34,9.823633,9.823633e+09
20:43:34,7483.24,1.3270634,1.3270634e+09
20:43:44,7483.24,1.3270634,1.3270634e+09
20:44:01,7458.34,9.959018,9.959017e+09
20:44:14,7483.24,1.3270634,1.3270634e+09
20:44:31,7458.34,9.959018,9.959017e+09
20:44:44,7483.24,1.249002,1.249002e+09
20:45:01,7458.34,10.016609,1.0016609e+10
20:45:14,7483.24,1.249002,1.249002e+09
20:45:31,7458.34,10.016609,1.0016609e+10
20:45:44,7483.24,1.3727512,1.3727512e+09
20:46:01,7458.34,10.0430975,1.0043098e+10
20:46:14,7483.24,1.3727512,1.3727512e+09
20:46:31,7458.34,10.0430975,1.0043098e+10
20:46:44,7483.24,1.5543969,1.5543968e+09
20:47:01,7458.34,10.077621,1.0077621e+10
20:47:14,7483.24,1.5543969,1.5543968e+09
20:47:31,7458.34,10.077621,1.0077621e+10
20:47:44,7483.24,1.3359598,1.3359598e+09
20:48:01,7458.34,9.961441,9.961441e+09
20:48:14,7483.24,1.3359598,1.3359598e+09
20:48:31,7458.34,9.961441,9.961441e+09
20:48:44,7483.24,1.1299893,1.1299892e+09
20:49:01,7458.34,10.004478,1.0004479e+10
20:49:14,7483.24,1.1299893,1.1299892e+09
20:49:31,7458.34,10.004478,1.0004479e+10
20:49:44,7483.24,1.3336535,1.3336535e+09
20:50:01,7458.34,9.992686,9.992686e+09
20:50:14,7483.24,1.3336535,1.3336535e+09
20:50:31,7458.34,9.992686,9.992686e+09
20:50:44,7483.24,1.0939097,1.0939098e+09
20:51:01,7458.34,9.942224,9.942224e+09
20:51:14,7483.24,1.0939097,1.0939098e+09
20:51:31,7458.34,9.942224,9.942224e+09
20:51:44,7483.24,1.19266,1.19266e+09
20:52:01,7458.34,9.977627,9.977627e+09
20:52:14,7483.24,1.19266,1.19266e+09
20:52:31,7458.34,9.977627,9.977627e+09
20:52:44,7483.24,1.107109,1.107109e+09
20:53:01,7458.34,9.90193,9.901929e+09
20:53:14,7483.24,1.107109,1.107109e+09
20:53:31,7458.34,9.90193,9.901929e+09
20:53:44,7483.24,1.2886307,1.2886308e+09
20:54:01,7458.34,9.936351,9.93635e+09
20:54:14,7483.24,1.2886307,1.2886308e+09
20:54:31,7458.34,9.936351,9.93635e+09
20:54:44,7483.24,1.5724224,1.5724224e+09
20:55:01,7458.34,10.21654,1.021654e+10
20:55:14,7483.24,1.5724224,1.5724224e+09
20:55:31,7458.34,10.21654,1.021654e+10
20:55:44,7483.24,1.4480268,1.4480268e+09
20:56:01,7458.34,10.223248,1.0223247e+10
20:56:14,7483.24,1.4480268,1.4480268e+09
20:56:31,7458.34,10.223248,1.0223247e+10
20:56:44,7483.24,1.7566894,1.7566894e+09
20:57:01,7458.34,10.192593,1.0192592e+10
20:57:14,7483.24,1.7566894,1.7566894e+09
20:57:31,7458.34,10.192593,1.0192592e+10
20:57:44,7483.24,1.5453274,1.5453275e+09
20:58:01,7458.34,10.167687,1.0167688e+10
20:58:14,7483.24,1.5453274,1.5453275e+09
20:58:31,7458.34,10.167687,1.0167688e+10
20:58:44,7483.24,1.6899189,1.6899188e+09
20:59:01,7458.34,10.150678,1.0150678e+10
20:59:14,7483.24,1.6899189,1.6899188e+09
20:59:31,7458.34,10.150678,1.0150678e+10
20:59:44,7483.24,1.7368078,1.7368078e+09
21:00:01,7458.34,10.095119,1.0095119e+10
21:00:14,7483.24,1.7368078,1.7368078e+09
21:00:31,7458.34,10.095119,1.0095119e+10
21:00:44,7483.24,1.4801844,1.4801844e+09
21:01:01,7458.34,9.969858,9.969859e+09
21:01:14,7483.24,1.4801844,1.4801844e+09
21:01:31,7458.34,9.969858,9.969859e+09
21:01:44,7483.24,1.316428,1.3164279e+09
21:02:01,7458.34,9.802543,9.802543e+09
21:02:14,7483.24,1.316428,1.3164279e+09
21:02:31,7458.34,9.802543,9.802543e+09
21:02:44,7483.24,0.9725857,9.725857e+08
21:03:01,7458.34,9.690754,9.690754e+09
21:03:14,7483.24,0.9725857,9.725857e+08
21:03:31,7458.34,9.690754,9.690754e+09
21:03:44,7483.24,0.49261802,4.9261802e+08
21:04:01,7458.34,9.591677,9.591676e+09
21:04:14,7483.24,0.49261802,4.9261802e+08
21:04:31,7458.34,9.591677,9.591676e+09
21:04:44,7483.24,-0.84876007,-8.4876006e+08
21:05:01,7458.34,9.000645,9.000646e+09
21:05:14,7483.24,-0.84876007,-8.4876006e+08
21:05:31,7458.34,9.000645,9.000646e+09
21:05:44,7483.24,-1.189754,-1.189754e+09
21:06:01,7458.34,8.752524,8.752524e+09
21:06:14,7483.24,-1.189754,-1.189754e+09
21:06:31,7458.34,8.752524,8.752524e+09
21:06:44,7483.24,-2.2459629,-2.2459628e+09
21:07:01,7458.34,8.832886,8.832886e+09
21:07:14,7483.24,-2.2459629,-2.2459628e+09
21:07:31,7458.34,8.832886,8.832886e+09
21:07:44,7483.24,-2.3579853,-2.3579853e+09
21:08:01,7458.34,8.948022,8.948022e+09
21:08:14,7483.24,-2.3579853,-2.3579853e+09
21:08:31,7458.34,8.948022,8.948022e+09
21:08:44,7483.24,-2.5128396,-2.5128394e+09
21:09:01,7458.34,9.080322,9.080323e+09
21:09:14,7483.24,-2.5128396,-2.5128394e+09
21:09:31,7458.34,9.080322,9.080323e+09
21:09:44,7483.24,-2.4148715,-2.4148713e+09
21:10:01,7458.34,8.999756,8.999756e+09
21:10:14,7483.24,-2.4148715,-2.4148713e+09
21:10:31,7458.34,8.999756,8.999756e+09
21:10:44,7483.24,-2.329348,-2.329348e+09
21:11:01,7458.34,8.825859,8.825859e+09
21:11:14,7483.24,-2.329348,-2.329348e+09
21:11:31,7458.34,8.825859,8.825859e+09
21:11:44,7483.24,-2.4778821,-2.477882e+09
21:12:01,7458.34,8.735797,8.735797e+09
21:12:14,7483.24,-2.4778821,-2.477882e+09
21:12:31,7458.34,8.735797,8.735797e+09
21:12:44,7483.24,-2.410799,-2.4107988e+09
21:13:01,7458.34,8.574513,8.5745137e+09
21:13:14,7483.24,-2.410799,-2.4107988e+09
21:13:31,7458.34,8.574513,8.5745137e+09
21:13:44,7483.24,-2.2572489,-2.2572488e+09
21:14:01,7458.34,8.437624,8.4376243e+09
21:14:14,7483.24,-2.2572489,-2.2572488e+09
21:14:31,7458.34,8.437624,8.4376243e+09
21:14:44,7483.24,-2.5593743,-2.5593743e+09
21:15:01,7458.34,8.534011,8.5340104e+09
21:15:14,7483.24,-2.5593743,-2.5593743e+09
21:15:31,7458.34,8.534011,8.5340104e+09
21:15:44,7483.24,-2.5238047,-2.5238047e+09
21:16:01,7458.34,8.509161,8.5091604e+09
21:16:14,7483.24,-2.5238047,-2.5238047e+09
21:16:31,7458.34,8.509161,8.5091604e+09
21:16:44,7483.24,-2.4724565,-2.4724564e+09
21:17:01,7458.34,8.409509,8.409509e+09
21:17:14,7483.24,-2.4724565,-2.4724564e+09
21:17:31,7458.34,8.409509,8.409509e+09
21:17:44,7483.24,-2.2093349,-2.2093348e+09
21:18:01,7458.34,8.255498,8.2554977e+09
21:18:14,7483.24,-2.2093349,-2.2093348e+09
21:18:31,7458.34,8.255498,8.2554977e+09
21:18:44,7483.24,-2.527024,-2.5270239e+09
21:19:01,7458.34,8.110049,8.110049e+09
21:19:14,7483.24,-2.527024,-2.5270239e+09
21:19:31,7458.34,8.110049,8.110049e+09
21:19:44,7483.24,-2.7007127,-2.7007127e+09
21:20:01,7458.34,8.220544,8.2205435e+09
21:20:14,7483.24,-2.7007127,-2.7007127e+09
21:20:31,7458.34,8.220544,8.2205435e+09
21:20:44,7483.24,-2.6329007,-2.6329006e+09
21:21:01,7458.34,8.270653,8.2706534e+09
21:21:14,7483.24,-2.6329007,-2.6329006e+09
21:21:31,7458.34,8.270653,8.2706534e+09
21:21:44,7483.24,-2.6738675,-2.6738675e+09
21:22:01,7458.34,8.413198,8.413199e+09
21:22:14,7483.24,-2.6738675,-2.6738675e+09
21:22:31,7458.34,8.413198,8.413199e+09
21:22:44,7483.24,-2.7428346,-2.7428347e+09
21:23:01,7458.34,8.364883,8.364883e+09
21:23:14,7483.24,-2.7428346,-2.7428347e+09
21:23:31,7458.34,8.364883,8.364883e+09
21:23:44,7483.24,-2.7032342,-2.7032343e+09
21:24:01,7458.34,8.411435,8.411435e+09
21:24:14,7483.24,-2.7032342,-2.7032343e+09
21:24:31,7458.34,8.411435,8.411435e+09
21:24:44,7483.24,-2.6819324,-2.6819325e+09
21:25:01,7458.34,8.38266,8.38266e+09
21:25:14,7483.24,-2.6819324,-2.6819325e+09
21:25:31,7458.34,8.38266,8.38266e+09
21:25:44,7483.24,-2.6925955,-2.6925955e+09
21:26:01,7458.34,8.555823,8.5558236e+09
21:26:14,7483.24,-2.6925955,-2.6925955e+09
21:26:31,7458.34,8.555823,8.5558236e+09
21:26:44,7483.24,-2.678753,-2.678753e+09
21:27:01,7458.34,8.577873,8.5778734e+09
21:27:14,7483.24,-2.678753,-2.678753e+09
21:27:31,7458.34,8.577873,8.5778734e+09
21:27:44,7483.24,-2.614557,-2.6145572e+09
21:28:01,7458.34,8.452335,8.452335e+09
21:28:14,7483.24,-2.614557,-2.6145572e+09
21:28:31,7458.34,8.452335,8.452335e+09
21:28:44,7483.24,-2.7048764,-2.7048763e+09
21:29:01,7458.34,8.656184,8.656184e+09
21:29:14,7483.24,-2.7048764,-2.7048763e+09
21:29:31,7458.34,8.656184,8.656184e+09
21:29:44,7483.24,-2.6429021,-2.642902e+09
21:30:01,7458.34,8.600852,8.600852e+09
21:30:14,7483.24,-2.6429021,-2.642902e+09
21:30:31,7458.34,8.600852,8.600852e+09
21:30:44,7483.24,-2.463339,-2.4633393e+09
21:31:01,7458.34,8.443977,8.4439767e+09
21:31:14,7483.24,-2.463339,-2.4633393e+09
21:31:31,7458.34,8.443977,8.4439767e+09
21:31:44,7483.24,-2.6649973,-2.6649974e+09
21:32:01,7458.34,8.470206,8.4702065e+09
21:32:14,7483.24,-2.6649973,-2.6649974e+09
21:32:31,7458.34,8.470206,8.4702065e+09
21:32:44,7483.24,-2.5795183,-2.5795185e+09
21:33:01,7458.34,8.537025,8.537025e+09
21:33:14,7483.24,-2.5795183,-2.5795185e+09
21:33:31,7458.34,8.537025,8.537025e+09
21:33:44,7483.24,-2.6954472,-2.6954473e+09
21:34:01,7458.34,8.689131,8.689132e+09
21:34:14,7483.24,-2.6954472,-2.6954473e+09
21:34:31,7458.34,8.689131,8.689132e+09
21:34:44,7483.24,-2.7204487,-2.7204485e+09
21:35:01,7458.34,8.605714,8.605714e+09
21:35:14,7483.24,-2.7204487,-2.7204485e+09
21:35:31,7458.34,8.605714,8.605714e+09
21:35:44,7483.24,-2.805197,-2.805197e+09
21:36:01,7458.34,8.5793295,8.5793295e+09
21:36:14,7483.24,-2.805197,-2.805197e+09
21:36:31,7458.34,8.5793295,8.5793295e+09
21:36:44,7483.24,-2.660546,-2.660546e+09
21:37:01,7458.34,8.514985,8.514985e+09
21:37:14,7483.24,-2.660546,-2.660546e+09
21:37:31,7458.34,8.514985,8.514985e+09
21:37:44,7483.24,-2.6075366,-2.6075366e+09
21:38:01,7458.34,8.5230665,8.523067e+09
21:38:14,7483.24,-2.6075366,-2.6075366e+09
21:38:31,7458.34,8.5230665,8.523067e+09
21:38:44,7483.24,-2.6443763,-2.6443763e+09
21:39:01,7458.34,8.549715,8.5497155e+09
21:39:14,7483.24,-2.6443763,-2.6443763e+09
21:39:31,7458.34,8.549715,8.5497155e+09
21:39:44,7483.24,-2.674383,-2.6743828e+09
21:40:01,7458.34,8.54196,8.541959e+09
21:40:14,7483.24,-2.674383,-2.6743828e+09
21:40:31,7458.34,8.54196,8.541959e+09
21:40:44,7483.24,-2.7196567,-2.7196567e+09
21:41:01,7458.34,8.677645,8.677644e+09
21:41:14,7483.24,-2.7196567,-2.7196567e+09
21:41:31,7458.34,8.677645,8.677644e+09
21:41:44,7483.24,-2.7637088,-2.763709e+09
21:42:01,7458.34,8.791954,8.791953e+09
21:42:14,7483.24,-2.7637088,-2.763709e+09
21:42:31,7458.34,8.791954,8.791953e+09
21:42:44,7483.24,-2.686681,-2.686681e+09
21:43:01,7458.34,8.7049465,8.704947e+09
21:43:14,7483.24,-2.686681,-2.686681e+09
21:43:31,7458.34,8.7049465,8.704947e+09
21:43:44,7483.24,-2.6788588,-2.6788588e+09
21:44:01,7458.34,8.684733,8.684733e+09
21:44:14,7483.24,-2.6788588,-2.6788588e+09
21:44:31,7458.34,8.684733,8.684733e+09
21:44:44,7483.24,-2.7427752,-2.7427753e+09
21:45:01,7458.34,8.766048,8.766048e+09
21:45:14,7483.24,-2.7427752,-2.7427753e+09
21:45:31,7458.34,8.766048,8.766048e+09
21:45:44,7483.24,-2.6594532,-2.6594532e+09
21:46:01,7458.34,8.659818,8.659817e+09
21:46:14,7483.24,-2.6594532,-2.6594532e+09
21:46:31,7458.34,8.659818,8.659817e+09
21:46:44,7483.24,-2.6650214,-2.6650214e+09
21:47:01,7458.34,8.645033,8.645033e+09
21:47:14,7483.24,-2.6650214,-2.6650214e+09
21:47:31,7458.34,8.645033,8.645033e+09
21:47:44,7483.24,-2.692603,-2.6926031e+09
21:48:01,7458.34,8.687204,8.687204e+09
21:48:14,7483.24,-2.692603,-2.6926031e+09
21:48:31,7458.34,8.687204,8.687204e+09
21:48:44,7483.24,-2.7156572,-2.7156572e+09
21:49:01,7458.34,8.73059,8.73059e+09
21:49:14,7483.24,-2.7156572,-2.7156572e+09
21:49:31,7458.34,8.73059,8.73059e+09
21:49:44,7483.24,-2.7764533,-2.7764534e+09
21:50:01,7458.34,8.76969,8.76969e+09
21:50:14,7483.24,-2.7764533,-2.7764534e+09
21:50:31,7458.34,8.76969,8.76969e+09
21:50:44,7483.24,-2.7470412,-2.7470413e+09
21:51:01,7458.34,8.721929,8.721928e+09
21:51:14,7483.24,-2.7470412,-2.7470413e+09
21:51:31,7458.34,8.721929,8.721928e+09
21:51:44,7483.24,-2.7163866,-2.7163866e+09
21:52:01,7458.34,8.771235,8.771235e+09
21:52:14,7483.24,-2.7163866,-2.7163866e+09
21:52:31,7458.34,8.771235,8.771235e+09
21:52:44,7483.24,-2.6323931,-2.632393e+09
21:53:01,7458.34,8.584923,8.584923e+09
21:53:14,7483.24,-2.6323931,-2.632393e+09
21:53:31,7458.34,8.584923,8.584923e+09
21:53:44,7483.24,-2.7306962,-2.7306962e+09
21:54:01,7458.34,8.7251,8.7251e+09
21:54:14,7483.24,-2.7306962,-2.7306962e+09
21:54:31,7458.34,8.7251,8.7251e+09
21:54:44,7483.24,-2.7109823,-2.7109824e+09
21:55:01,7458.34,8.688021,8.68802e+09
21:55:14,7483.24,-2.7109823,-2.7109824e+09
21:55:31,7458.34,8.688021,8.68802e+09
21:55:44,7483.24,-2.7924283,-2.7924283e+09
21:56:01,7458.34,8.719986,8.719987e+09
21:56:19,7483.24,-0.17341046,-1.7341046e+08
21:56:28,7483.24,-0.17341046,-1.7341046e+08
21:56:31,7458.34,8.719986,8.719987e+09
21:56:58,7483.24,-0.17341046,-1.7341046e+08
21:57:01,7458.34,8.773855,8.773855e+09
21:57:28,7483.24,-0.1498991,-1.498991e+08
21:57:31,7458.34,8.773855,8.773855e+09
21:57:58,7483.24,-0.1498991,-1.498991e+08
21:58:01,7458.34,8.768547,8.768547e+09
21:58:28,7483.24,-0.15939316,-1.5939317e+08
21:58:31,7458.34,8.768547,8.768547e+09
21:58:58,7483.24,-0.15939316,-1.5939317e+08
21:59:01,7458.34,8.762781,8.762782e+09
21:59:28,7483.24,-0.15250282,-1.5250282e+08
21:59:31,7458.34,8.762781,8.762782e+09
21:59:58,7483.24,-0.15250282,-1.5250282e+08
22:00:01,7458.34,8.75236,8.75236e+09
22:00:28,7483.24,-0.13275425,-1.3275425e+08
22:00:31,7458.34,8.75236,8.75236e+09
22:00:58,7483.24,-0.13275425,-1.3275425e+08
22:01:01,7458.34,8.784919,8.784919e+09
22:01:28,7483.24,-0.14323543,-1.4323542e+08
22:01:31,7458.34,8.784919,8.784919e+09
22:02:01,7458.34,8.774624,8.774623e+09
22:02:31,7458.34,8.774624,8.774623e+09
22:02:54,7483.24,0.90260965,9.026096e+08
22:03:01,7458.34,8.781884,8.781884e+09
22:03:03,7483.24,0.90260965,9.026096e+08
22:03:31,7458.34,8.781884,8.781884e+09
22:03:33,7483.24,0.90260965,9.026096e+08
22:04:01,7458.34,8.774627,8.774626e+09
22:04:03,7483.24,0.89741385,8.974139e+08
22:04:31,7458.34,8.774627,8.774626e+09
22:04:33,7483.24,0.89741385,8.974139e+08
22:05:01,7458.34,8.803651,8.803651e+09
22:05:03,7483.24,0.9096082,9.096082e+08
22:05:31,7458.34,8.803651,8.803651e+09
22:06:01,7458.34,8.902317,8.902317e+09
22:06:01,7483.24,0.89189184,8.9189184e+08
22:06:11,7483.24,0.89189184,8.9189184e+08
22:06:31,7458.34,8.902317,8.902317e+09
22:06:41,7483.24,0.89189184,8.9189184e+08
22:07:01,7458.34,9.106458,9.106458e+09
22:07:11,7483.24,0.96482193,9.648219e+08
22:07:31,7458.34,9.106458,9.106458e+09
22:07:41,7483.24,0.96482193,9.648219e+08
22:08:01,7458.34,9.100701,9.100701e+09
22:08:11,7483.24,0.9660444,9.660445e+08
22:08:31,7458.34,9.100701,9.100701e+09
22:08:41,7483.24,0.9660444,9.660445e+08
22:09:01,7458.34,9.081855,9.081855e+09
22:09:11,7483.24,0.9592605,9.5926054e+08
22:09:31,7458.34,9.081855,9.081855e+09
22:09:41,7483.24,0.9592605,9.5926054e+08
22:10:01,7458.34,9.145743,9.145743e+09
22:10:11,7483.24,0.96305954,9.630595e+08
22:10:31,7458.34,9.145743,9.145743e+09
22:10:41,7483.24,0.96305954,9.630595e+08
22:11:01,7458.34,9.128162,9.128162e+09
22:11:11,7483.24,0.98958844,9.895884e+08
22:11:31,7458.34,9.128162,9.128162e+09
22:11:41,7483.24,0.98958844,9.895884e+08
22:12:01,7458.34,8.912817,8.912817e+09
22:12:11,7483.24,0.9443757,9.443757e+08
22:12:31,7458.34,8.912817,8.912817e+09
22:12:41,7483.24,0.9443757,9.443757e+08
22:13:01,7458.34,8.875065,8.875065e+09
22:13:11,7483.24,0.9493319,9.493319e+08
22:13:31,7458.34,8.875065,8.875065e+09
22:13:41,7483.24,0.9493319,9.493319e+08
22:14:01,7458.34,8.789573,8.789573e+09
22:14:11,7483.24,0.94226366,9.422637e+08
22:14:31,7458.34,8.789573,8.789573e+09
22:14:41,7483.24,0.94226366,9.422637e+08
22:15:01,7458.34,8.699171,8.699171e+09
22:15:11,7483.24,0.92915064,9.2915066e+08
22:15:31,7458.34,8.699171,8.699171e+09
22:15:41,7483.24,0.92915064,9.2915066e+08
22:16:01,7458.34,8.712378,8.712377e+09
22:16:11,7483.24,0.93092555,9.309255e+08
22:16:31,7458.34,8.712378,8.712377e+09
22:16:41,7483.24,0.93092555,9.309255e+08
22:17:01,7458.34,8.781523,8.781522e+09
22:17:11,7483.24,0.9374829,9.374829e+08
22:17:31,7458.34,8.781523,8.781522e+09
22:18:01,7458.34,8.781523,8.781522e+09
22:18:31,7458.34,8.781523,8.781522e+09
22:18:33,7483.24,0.9404741,9.4047405e+08
22:18:43,7483.24,0.9404741,9.4047405e+08
22:19:01,7458.34,8.896348,8.896347e+09
22:19:13,7483.24,0.9404741,9.4047405e+08
22:19:31,7458.34,8.896348,8.896347e+09
22:19:43,7483.24,0.93808234,9.3808237e+08
22:20:01,7458.34,8.77806,8.77806e+09
22:20:13,7483.24,0.93808234,9.3808237e+08
22:20:31,7458.34,8.77806,8.77806e+09
22:20:43,7483.24,0.9449599,9.449599e+08
22:21:01,7458.34,8.878901,8.8789e+09
22:21:13,7483.24,0.9449599,9.449599e+08
22:21:31,7458.34,8.878901,8.8789e+09
22:21:43,7483.24,0.93214333,9.3214336e+08
22:22:01,7458.34,8.844219,8.844219e+09
22:22:13,7483.24,0.93214333,9.3214336e+08
22:22:31,7458.34,8.844219,8.844219e+09
22:22:43,7483.24,0.92703724,9.2703725e+08
22:23:01,7458.34,8.884159,8.884159e+09
22:23:13,7483.24,0.92703724,9.2703725e+08
22:23:31,7458.34,8.884159,8.884159e+09
22:23:43,7483.24,0.9291966,9.291966e+08
22:24:01,7458.34,8.927575,8.927575e+09
22:24:13,7483.24,0.9291966,9.291966e+08
22:24:31,7458.34,8.927575,8.927575e+09
22:24:43,7483.24,0.9279218,9.279217e+08
22:25:01,7458.34,8.875934,8.875934e+09
22:25:13,7483.24,0.9279218,9.279217e+08
22:25:31,7458.34,8.875934,8.875934e+09
22:25:43,7483.24,0.9244491,9.244491e+08
22:26:01,7458.34,9.027437,9.027438e+09
22:26:13,7483.24,0.9244491,9.244491e+08
22:26:31,7458.34,9.027437,9.027438e+09
22:26:43,7483.24,0.89393395,8.9393395e+08
22:27:01,7458.34,8.872586,8.872586e+09
22:27:13,7483.24,0.89393395,8.9393395e+08
22:27:31,7458.34,8.872586,8.872586e+09
22:27:43,7483.24,0.90037304,9.0037306e+08
22:28:01,7458.34,8.866967,8.866967e+09
22:28:13,7483.24,0.90037304,9.0037306e+08
22:28:31,7458.34,8.866967,8.866967e+09
22:28:43,7483.24,0.9033903,9.033903e+08
22:29:01,7458.34,8.92075,8.920749e+09
22:29:13,7483.24,0.9033903,9.033903e+08
22:29:31,7458.34,8.92075,8.920749e+09
22:29:43,7483.24,0.8847461,8.847461e+08
22:30:01,7458.34,8.93012,8.930121e+09
22:30:13,7483.24,0.8847461,8.847461e+08
22:30:31,7458.34,8.93012,8.930121e+09
22:30:43,7483.24,0.87471855,8.747185e+08
22:31:01,7458.34,8.919643,8.919643e+09
22:31:13,7483.24,0.87471855,8.747185e+08
22:31:31,7458.34,8.919643,8.919643e+09
22:31:43,7483.24,0.8829195,8.829195e+08
22:32:01,7458.34,8.819697,8.819698e+09
22:32:13,7483.24,0.8829195,8.829195e+08
22:32:31,7458.34,8.819697,8.819698e+09
22:32:43,7483.24,0.8798391,8.798391e+08
22:33:01,7458.34,8.831631,8.831631e+09
22:33:13,7483.24,0.8798391,8.798391e+08
22:33:31,7458.34,8.831631,8.831631e+09
22:33:43,7483.24,0.8826779,8.8267795e+08
22:34:01,7458.34,8.833787,8.833787e+09
22:34:13,7483.24,0.8826779,8.8267795e+08
22:34:31,7458.34,8.833787,8.833787e+09
22:34:43,7483.24,0.870688,8.70688e+08
22:35:01,7458.34,8.786603,8.786603e+09
22:35:13,7483.24,0.870688,8.70688e+08
22:35:31,7458.34,8.786603,8.786603e+09
22:35:43,7483.24,0.8650009,8.650009e+08
22:36:01,7458.34,8.693768,8.693768e+09
22:36:13,7483.24,0.8650009,8.650009e+08
22:36:31,7458.34,8.693768,8.693768e+09
22:36:43,7483.24,0.86755776,8.6755776e+08
22:37:01,7458.34,8.641139,8.641139e+09
22:37:13,7483.24,0.86755776,8.6755776e+08
22:37:31,7458.34,8.641139,8.641139e+09
22:37:43,7483.24,0.97890747,9.7890746e+08
22:38:01,7458.34,8.966411,8.96641e+09
22:38:13,7483.24,0.97890747,9.7890746e+08
22:38:31,7458.34,8.966411,8.96641e+09
22:38:43,7483.24,0.92759496,9.2759494e+08
22:39:01,7458.34,9.150162,9.150162e+09
22:39:13,7483.24,0.92759496,9.2759494e+08
22:39:31,7458.34,9.150162,9.150162e+09
22:39:43,7483.24,0.964638,9.6463795e+08
22:40:01,7458.34,9.149857,9.149857e+09
22:40:13,7483.24,0.964638,9.6463795e+08
22:40:31,7458.34,9.149857,9.149857e+09
22:40:43,7483.24,1.0267496,1.02674963e+09
22:41:01,7458.34,9.12603,9.126029e+09
22:41:13,7483.24,1.0267496,1.02674963e+09
22:41:31,7458.34,9.12603,9.126029e+09
22:41:43,7483.24,0.99575454,9.9575456e+08
22:42:01,7458.34,9.106755,9.106755e+09
22:42:13,7483.24,0.99575454,9.9575456e+08
22:42:31,7458.34,9.106755,9.106755e+09
22:42:43,7483.24,0.99682677,9.9682675e+08
22:43:01,7458.34,9.00864,9.008641e+09
22:43:13,7483.24,0.99682677,9.9682675e+08
22:43:31,7458.34,9.00864,9.008641e+09
22:43:43,7483.24,1.0000501,1.0000501e+09
22:44:01,7458.34,8.9911785,8.991179e+09
22:44:13,7483.24,1.0000501,1.0000501e+09
22:44:31,7458.34,8.9911785,8.991179e+09
22:44:43,7483.24,0.94475627,9.447563e+08
22:45:01,7458.34,8.971236,8.971236e+09
22:45:13,7483.24,0.94475627,9.447563e+08
22:45:31,7458.34,8.971236,8.971236e+09
22:45:43,7483.24,0.9776913,9.7769126e+08
22:46:01,7458.34,9.273913,9.273913e+09
22:46:13,7483.24,0.9776913,9.7769126e+08
22:46:31,7458.34,9.273913,9.273913e+09
22:46:43,7483.24,1.0290143,1.02901434e+09
22:47:01,7458.34,9.331871,9.331871e+09
22:47:13,7483.24,1.0290143,1.02901434e+09
22:47:31,7458.34,9.331871,9.331871e+09
22:47:43,7483.24,1.0305758,1.03057574e+09
22:48:01,7458.34,9.513668,9.513669e+09
22:48:13,7483.24,1.0305758,1.03057574e+09
22:48:31,7458.34,9.513668,9.513669e+09
22:48:43,7483.24,1.0157225,1.0157225e+09
22:49:01,7458.34,9.598136,9.598135e+09
22:49:13,7483.24,1.0157225,1.0157225e+09
22:49:31,7458.34,9.598136,9.598135e+09
22:49:43,7483.24,1.0682858,1.0682859e+09
22:50:01,7458.34,9.650227,9.650226e+09
22:50:31,7458.34,9.650227,9.650226e+09
22:50:47,7483.24,1.1712165,1.1712165e+09
22:50:57,7483.24,1.1712165,1.1712165e+09
22:51:01,7458.34,9.601631,9.601631e+09
22:51:27,7483.24,1.1712165,1.1712165e+09
22:51:31,7458.34,9.601631,9.601631e+09
22:51:57,7483.24,1.1867065,1.1867066e+09
22:52:01,7458.34,9.651511,9.651511e+09
22:52:27,7483.24,1.1867065,1.1867066e+09
22:52:31,7458.34,9.651511,9.651511e+09
22:52:57,7483.24,1.176527,1.176527e+09
22:53:01,7458.34,9.701824,9.701825e+09
22:53:27,7483.24,1.176527,1.176527e+09
22:53:31,7458.34,9.701824,9.701825e+09
22:53:57,7483.24,1.1804407,1.1804406e+09
22:54:01,7458.34,9.717171,9.717171e+09
22:54:27,7483.24,1.1804407,1.1804406e+09
22:54:31,7458.34,9.717171,9.717171e+09
22:54:57,7483.24,1.1917155,1.1917155e+09
22:55:01,7458.34,9.635817,9.635816e+09
22:55:27,7483.24,1.1917155,1.1917155e+09
22:55:31,7458.34,9.635817,9.635816e+09
22:55:57,7483.24,1.1828411,1.1828411e+09
22:56:01,7458.34,9.670315,9.670314e+09
22:56:27,7483.24,1.1828411,1.1828411e+09
22:56:31,7458.34,9.670315,9.670314e+09
22:56:57,7483.24,1.2170321,1.2170321e+09
22:57:01,7458.34,9.703802,9.703802e+09
22:57:27,7483.24,1.2170321,1.2170321e+09
22:57:31,7458.34,9.703802,9.703802e+09
22:57:57,7483.24,1.2109212,1.2109212e+09
22:58:01,7458.34,9.724866,9.724867e+09
22:58:27,7483.24,1.2109212,1.2109212e+09
22:58:31,7458.34,9.724866,9.724867e+09
22:58:57,7483.24,1.2194972,1.2194972e+09
22:59:01,7458.34,9.878577,9.878577e+09
22:59:27,7483.24,1.2194972,1.2194972e+09
22:59:31,7458.34,9.878577,9.878577e+09
22:59:57,7483.24,1.223369,1.2233691e+09
23:00:01,7458.34,9.868083,9.868082e+09
23:00:27,7483.24,1.223369,1.2233691e+09
23:00:31,7458.34,9.868083,9.868082e+09
23:00:57,7483.24,1.227807,1.2278071e+09
23:01:01,7458.34,9.817643,9.817643e+09
23:01:27,7483.24,1.227807,1.2278071e+09
23:01:31,7458.34,9.817643,9.817643e+09
23:01:57,7483.24,1.2263808,1.2263808e+09
23:02:01,7458.34,9.760217,9.760217e+09
23:02:31,7458.34,9.760217,9.760217e+09
23:02:56,7483.24,1.195446,1.195446e+09
23:03:01,7458.34,9.755961,9.755961e+09
23:03:06,7483.24,1.195446,1.195446e+09
23:03:31,7458.34,9.755961,9.755961e+09
23:03:36,7483.24,1.195446,1.195446e+09
23:04:01,7458.34,9.757589,9.75759e+09
23:04:06,7483.24,1.2017094,1.2017094e+09
23:04:31,7458.34,9.757589,9.75759e+09
23:04:36,7483.24,1.2017094,1.2017094e+09
23:05:01,7458.34,9.71746,9.71746e+09
23:05:06,7483.24,1.1875874,1.1875875e+09
23:05:31,7458.34,9.71746,9.71746e+09
23:05:36,7483.24,1.1875874,1.1875875e+09
23:06:01,7458.34,9.687395,9.687395e+09
23:06:06,7483.24,1.1923985,1.1923986e+09
23:06:31,7458.34,9.687395,9.687395e+09
23:06:36,7483.24,1.1923985,1.1923986e+09
23:07:01,7458.34,9.788762,9.788762e+09
23:07:06,7483.24,1.199995,1.1999951e+09
23:07:31,7458.34,9.788762,9.788762e+09
23:07:36,7483.24,1.199995,1.1999951e+09
23:08:01,7458.34,9.648132,9.648133e+09
23:08:06,7483.24,1.2017354,1.2017354e+09
23:08:31,7458.34,9.648132,9.648133e+09
23:08:36,7483.24,1.2017354,1.2017354e+09
23:09:01,7458.34,9.616112,9.616112e+09
23:09:06,7483.24,1.187582,1.1875821e+09
23:09:31,7458.34,9.616112,9.616112e+09
23:09:36,7483.24,1.187582,1.1875821e+09
23:10:01,7458.34,9.645668,9.645668e+09
23:10:06,7483.24,1.1980323,1.1980323e+09
23:10:31,7458.34,9.645668,9.645668e+09
23:10:36,7483.24,1.1980323,1.1980323e+09
23:11:01,7458.34,9.656043,9.656044e+09
23:11:06,7483.24,1.2091815,1.2091816e+09
23:11:31,7458.34,9.656043,9.656044e+09
23:11:36,7483.24,1.2091815,1.2091816e+09
23:12:01,7458.34,9.545541,9.545541e+09
23:12:06,7483.24,1.20159,1.2015899e+09
23:12:31,7458.34,9.545541,9.545541e+09
23:12:36,7483.24,1.20159,1.2015899e+09
23:13:01,7458.34,9.571475,9.571474e+09
23:13:06,7483.24,1.2114326,1.2114326e+09
23:13:31,7458.34,9.571475,9.571474e+09
23:13:36,7483.24,1.2114326,1.2114326e+09
23:14:01,7458.34,9.589301,9.589301e+09
23:14:06,7483.24,1.210866,1.2108659e+09
23:14:31,7458.34,9.589301,9.589301e+09
23:14:36,7483.24,1.210866,1.2108659e+09
23:15:01,7458.34,9.63272,9.63272e+09
23:15:06,7483.24,1.2103215,1.2103215e+09
23:15:31,7458.34,9.63272,9.63272e+09
23:15:36,7483.24,1.2103215,1.2103215e+09
23:16:01,7458.34,9.809217,9.809218e+09
23:16:06,7483.24,1.2054126,1.2054126e+09
23:16:31,7458.34,9.809217,9.809218e+09
23:16:36,7483.24,1.2054126,1.2054126e+09
23:17:01,7458.34,9.935452,9.935452e+09
23:17:06,7483.24,1.2250994,1.2250994e+09
23:17:31,7458.34,9.935452,9.935452e+09
23:17:36,7483.24,1.2250994,1.2250994e+09
23:18:01,7458.34,9.8982525,9.898252e+09
23:18:06,7483.24,1.2395904,1.2395904e+09
23:18:31,7458.34,9.8982525,9.898252e+09
23:18:36,7483.24,1.2395904,1.2395904e+09
23:19:01,7458.34,9.895372,9.895372e+09
23:19:06,7483.24,1.2421124,1.2421124e+09
23:19:31,7458.34,9.895372,9.895372e+09
23:19:36,7483.24,1.2421124,1.2421124e+09
23:20:01,7458.34,9.889617,9.889618e+09
23:20:06,7483.24,1.2373873,1.2373874e+09
23:20:31,7458.34,9.889617,9.889618e+09
23:20:36,7483.24,1.2373873,1.2373874e+09
23:21:01,7458.34,9.897641,9.897641e+09
23:21:06,7483.24,1.2396907,1.2396906e+09
23:21:31,7458.34,9.897641,9.897641e+09
23:21:36,7483.24,1.2396907,1.2396906e+09
23:22:01,7458.34,9.935634,9.935634e+09
23:22:06,7483.24,1.2206738,1.2206738e+09
23:22:31,7458.34,9.935634,9.935634e+09
23:22:36,7483.24,1.2206738,1.2206738e+09
23:23:01,7458.34,9.903786,9.903786e+09
23:23:06,7483.24,1.2215022,1.2215022e+09
23:23:31,7458.34,9.903786,9.903786e+09
23:23:36,7483.24,1.2215022,1.2215022e+09
23:24:01,7458.34,9.903579,9.903578e+09
23:24:06,7483.24,1.2216777,1.2216777e+09
23:24:31,7458.34,9.903579,9.903578e+09
23:24:36,7483.24,1.2216777,1.2216777e+09
23:25:01,7458.34,9.851496,9.851495e+09
23:25:06,7483.24,1.2214174,1.2214175e+09
23:25:31,7458.34,9.851496,9.851495e+09
23:25:36,7483.24,1.2214174,1.2214175e+09
23:26:01,7458.34,9.819404,9.819403e+09
23:26:06,7483.24,1.2282941,1.2282941e+09
23:26:31,7458.34,9.819404,9.819403e+09
23:26:36,7483.24,1.2282941,1.2282941e+09
23:27:01,7458.34,9.811656,9.811656e+09
23:27:06,7483.24,1.2181971,1.2181971e+09
23:27:31,7458.34,9.811656,9.811656e+09
23:27:36,7483.24,1.2181971,1.2181971e+09
23:28:01,7458.34,9.868126,9.868126e+09
23:28:06,7483.24,1.2178277,1.2178277e+09
23:28:31,7458.34,9.868126,9.868126e+09
23:28:36,7483.24,1.2178277,1.2178277e+09
23:29:01,7458.34,9.8903055,9.890306e+09
23:29:06,7483.24,1.2086474,1.2086474e+09
23:29:31,7458.34,9.8903055,9.890306e+09
23:29:36,7483.24,1.2086474,1.2086474e+09
23:30:01,7458.34,9.949783,9.949784e+09
23:30:06,7483.24,1.2093318,1.2093317e+09
23:30:31,7458.34,9.949783,9.949784e+09
23:30:36,7483.24,1.2093318,1.2093317e+09
23:31:01,7458.34,10.104516,1.0104517e+10
23:31:06,7483.24,1.2304655,1.2304655e+09
23:31:31,7458.34,10.104516,1.0104517e+10
23:31:36,7483.24,1.2304655,1.2304655e+09
23:32:01,7458.34,10.1498995,1.0149899e+10
23:32:06,7483.24,1.231136,1.2311359e+09
23:32:31,7458.34,10.1498995,1.0149899e+10
23:32:36,7483.24,1.231136,1.2311359e+09
23:33:01,7458.34,9.94781,9.94781e+09
23:33:06,7483.24,1.226034,1.226034e+09
23:33:31,7458.34,9.94781,9.94781e+09
23:33:36,7483.24,1.226034,1.226034e+09
23:34:01,7458.34,9.998494,9.998495e+09
23:34:06,7483.24,1.2323891,1.2323891e+09
23:34:31,7458.34,9.998494,9.998495e+09
23:34:36,7483.24,1.2323891,1.2323891e+09
23:35:01,7458.34,9.86011,9.86011e+09
23:35:06,7483.24,1.2168684,1.2168684e+09
23:35:31,7458.34,9.86011,9.86011e+09
23:35:36,7483.24,1.2168684,1.2168684e+09
23:36:01,7458.34,9.85542,9.855419e+09
23:36:06,7483.24,1.2237746,1.2237746e+09
23:36:31,7458.34,9.85542,9.855419e+09
23:36:36,7483.24,1.2237746,1.2237746e+09
23:37:01,7458.34,9.813169,9.813169e+09
23:37:06,7483.24,1.2368568,1.2368568e+09
23:37:31,7458.34,9.813169,9.813169e+09
23:37:36,7483.24,1.2368568,1.2368568e+09
23:38:01,7458.34,9.598828,9.598829e+09
23:38:06,7483.24,1.2204996,1.2204996e+09
23:38:31,7458.34,9.598828,9.598829e+09
23:38:36,7483.24,1.2204996,1.2204996e+09
23:39:01,7458.34,9.635525,9.635525e+09
23:39:06,7483.24,1.2310666,1.2310665e+09
23:39:31,7458.34,9.635525,9.635525e+09
23:39:36,7483.24,1.2310666,1.2310665e+09
23:40:01,7458.34,9.588396,9.588396e+09
23:40:06,7483.24,1.2101408,1.2101408e+09
23:40:31,7458.34,9.588396,9.588396e+09
23:40:36,7483.24,1.2101408,1.2101408e+09
23:41:01,7458.34,9.466675,9.466675e+09
23:41:06,7483.24,1.2008189,1.200819e+09
23:41:31,7458.34,9.466675,9.466675e+09
23:41:36,7483.24,1.2008189,1.200819e+09
23:42:01,7458.34,9.3766575,9.376657e+09
23:42:06,7483.24,1.2002621,1.2002621e+09
23:42:31,7458.34,9.3766575,9.376657e+09
23:42:36,7483.24,1.2002621,1.2002621e+09
23:43:01,7458.34,9.368704,9.368704e+09
23:43:06,7483.24,1.1874714,1.1874715e+09
23:43:31,7458.34,9.368704,9.368704e+09
23:43:36,7483.24,1.1874714,1.1874715e+09
23:44:01,7458.34,9.346382,9.346382e+09
23:44:06,7483.24,1.1840016,1.1840017e+09
23:44:31,7458.34,9.346382,9.346382e+09
23:44:36,7483.24,1.1840016,1.1840017e+09
23:45:01,7458.34,9.304497,9.304497e+09
23:45:06,7483.24,1.1940038,1.1940038e+09
23:45:31,7458.34,9.304497,9.304497e+09
23:45:36,7483.24,1.1940038,1.1940038e+09
23:46:01,7458.34,9.322557,9.322557e+09
23:46:06,7483.24,1.1858213,1.1858213e+09
23:46:31,7458.34,9.322557,9.322557e+09
23:46:36,7483.24,1.1858213,1.1858213e+09
23:47:01,7458.34,9.551394,9.551395e+09
23:47:06,7483.24,1.2084738,1.2084739e+09
23:47:31,7458.34,9.551394,9.551395e+09
23:47:36,7483.24,1.2084738,1.2084739e+09
23:48:01,7458.34,9.637662,9.637662e+09
23:48:06,7483.24,1.2082506,1.2082506e+09
23:48:31,7458.34,9.637662,9.637662e+09
23:48:36,7483.24,1.2082506,1.2082506e+09
23:49:01,7458.34,9.742559,9.742559e+09
23:49:06,7483.24,1.2194885,1.2194885e+09
23:49:31,7458.34,9.742559,9.742559e+09
23:49:36,7483.24,1.2194885,1.2194885e+09
23:50:01,7458.34,9.735068,9.735069e+09
23:50:06,7483.24,1.2185172,1.2185172e+09
23:50:31,7458.34,9.735068,9.735069e+09
23:50:36,7483.24,1.2185172,1.2185172e+09
23:51:01,7458.34,9.73135,9.73135e+09
23:51:06,7483.24,1.2130258,1.2130258e+09
23:51:31,7458.34,9.73135,9.73135e+09
23:51:36,7483.24,1.2130258,1.2130258e+09
23:52:01,7458.34,9.84802,9.84802e+09
23:52:06,7483.24,1.232819,1.232819e+09
23:52:31,7458.34,9.84802,9.84802e+09
23:52:36,7483.24,1.232819,1.232819e+09
23:53:01,7458.34,9.846521,9.846521e+09
23:53:06,7483.24,1.2282887,1.2282886e+09
23:53:31,7458.34,9.846521,9.846521e+09
23:53:36,7483.24,1.2282887,1.2282886e+09
23:54:01,7458.34,9.813823,9.813823e+09
23:54:06,7483.24,1.2207359,1.2207359e+09
23:54:31,7458.34,9.813823,9.813823e+09
23:54:36,7483.24,1.2207359,1.2207359e+09
23:55:01,7458.34,9.794343,9.794343e+09
23:55:06,7483.24,1.2203515,1.2203515e+09
23:55:31,7458.34,9.794343,9.794343e+09
23:55:36,7483.24,1.2203515,1.2203515e+09
23:56:01,7458.34,9.872902,9.872902e+09
23:56:06,7483.24,1.2307924,1.2307924e+09
23:56:31,7458.34,9.872902,9.872902e+09
23:56:36,7483.24,1.2307924,1.2307924e+09
23:57:01,7458.34,9.963838,9.963837e+09
23:57:06,7483.24,1.2452602,1.2452603e+09
23:57:31,7458.34,9.963838,9.963837e+09
23:57:36,7483.24,1.2452602,1.2452603e+09
23:58:01,7458.34,10.105935,1.0105935e+10
23:58:06,7483.24,1.2462763,1.2462762e+09
23:58:31,7458.34,10.105935,1.0105935e+10
23:58:36,7483.24,1.2462763,1.2462762e+09
23:59:01,7458.34,10.1399975,1.0139997e+10
23:59:06,7483.24,1.2600176,1.2600177e+09
23:59:31,7458.34,10.1399975,1.0139997e+10
23:59:36,7483.24,1.2600176,1.2600177e+09
