20150102 160000,0.503250,0.507000,0.495275,0.503250,113660480
20150105 160000,0.503250,0.504750,0.492500,0.494750,197917960
20150106 160000,0.495500,0.496000,0.479250,0.479750,197762440
20150107 160000,0.483250,0.487500,0.477000,0.478375,321799440
20150108 160000,0.484000,0.499500,0.483750,0.496500,283781360
20150109 160000,0.498250,0.502250,0.491375,0.498500,209540040
20150112 160000,0.499750,0.499875,0.487750,0.492250,190732280
20150113 160000,0.496000,0.506000,0.488125,0.491375,236718400
20150114 160000,0.486250,0.495000,0.485000,0.493500,155261240
20150115 160000,0.497000,0.500000,0.489750,0.490000,188932480
20150116 160000,0.489250,0.499500,0.487750,0.499000,181512000
20150120 160000,0.502500,0.505250,0.494250,0.500500,140306760
20150121 160000,0.497750,0.508750,0.494250,0.507500,144779760
20150122 160000,0.508500,0.517625,0.503250,0.516250,159712400
20150123 160000,0.516750,0.518625,0.512500,0.517750,120410600
20150126 160000,0.515500,0.518000,0.512250,0.515375,133222320
20150127 160000,0.507500,0.508000,0.489750,0.490750,357884840
20150128 160000,0.496750,0.498750,0.482500,0.482750,272706560
20150129 160000,0.483000,0.497250,0.480750,0.494500,235341240
20150130 160000,0.491000,0.496725,0.479250,0.480125,298423520
20150202 160000,0.483000,0.492500,0.473500,0.490500,259603560
20150203 160000,0.494000,0.503250,0.491500,0.502750,183466800
20150204 160000,0.501250,0.509625,0.499625,0.504000,181494880
20150205 160000,0.504250,0.512500,0.504000,0.512125,140441400
20150206 160000,0.511750,0.517750,0.507750,0.510000,210522920
20150209 160000,0.507000,0.511000,0.503750,0.509500,273967720
20150210 160000,0.516250,0.524000,0.507750,0.523750,226196640
20150211 160000,0.525000,0.525000,0.516750,0.520250,319767280
20150212 160000,0.550000,0.562500,0.546750,0.557500,676881760
20150213 160000,0.555000,0.558500,0.547750,0.557750,310085960
20150217 160000,0.556750,0.562250,0.553250,0.559375,203334640
20150218 160000,0.558750,0.559750,0.552000,0.553000,170949200
20150219 160000,0.559500,0.561000,0.552000,0.554375,169414400
20150220 160000,0.554000,0.558750,0.550000,0.558375,157752800
20150223 160000,0.558250,0.558250,0.551250,0.554000,125009320
20150224 160000,0.554000,0.557750,0.549000,0.557750,149354640
20150225 160000,0.555500,0.558000,0.550875,0.553500,123789040
20150226 160000,0.554000,0.558125,0.550500,0.555000,152835880
20150227 160000,0.553500,0.554750,0.549525,0.551500,157490920
20150302 160000,0.550000,0.568000,0.549275,0.564875,301491240
20150303 160000,0.560750,0.563500,0.552750,0.554500,160345520
20150304 160000,0.553250,0.562000,0.550250,0.560750,226837880
20150305 160000,0.560750,0.572500,0.559250,0.571500,323054520
20150306 160000,0.568250,0.571000,0.563125,0.563750,257392280
20150309 160000,0.564000,0.569500,0.562750,0.565250,222387720
20150310 160000,0.568000,0.578725,0.566750,0.574875,527210680
20150311 160000,0.575000,0.582500,0.570375,0.572000,262118600
20150312 160000,0.566500,0.570750,0.556000,0.566750,406952600
20150313 160000,0.564000,0.569000,0.556250,0.567500,359287520
20150316 160000,0.572000,0.577750,0.568250,0.574250,236949320
20150317 160000,0.573000,0.581500,0.569000,0.581250,299939920
20150318 160000,0.581250,0.584250,0.566500,0.571750,413843360
20150319 160000,0.573750,0.582500,0.569500,0.580375,310754360
20150320 160000,0.585250,0.590125,0.579750,0.586750,462074040
20150323 160000,0.569000,0.576750,0.567500,0.567750,425884440
20150324 160000,0.566000,0.570000,0.557500,0.560000,330306040
20150325 160000,0.559750,0.559750,0.524250,0.526000,542464600
20150326 160000,0.518000,0.526375,0.511500,0.524125,311911880
20150327 160000,0.527250,0.536500,0.518750,0.534500,318274080
20150330 160000,0.537000,0.539500,0.530000,0.536750,252344680
20150331 160000,0.532000,0.535750,0.522750,0.523125,357006480
20150401 160000,0.525250,0.527000,0.516250,0.525250,329810760
20150402 160000,0.528250,0.529750,0.522000,0.526500,192191440
20150406 160000,0.524250,0.543500,0.518750,0.541625,513729920
20150407 160000,0.540750,0.552500,0.538750,0.546500,413666440
20150408 160000,0.546250,0.552500,0.541750,0.550500,366429440
20150409 160000,0.546250,0.565000,0.546000,0.563125,379409080
20150410 160000,0.563750,0.569250,0.561750,0.569000,258728760
20150413 160000,0.567750,0.571000,0.561250,0.563750,233992680
20150414 160000,0.561500,0.563750,0.553595,0.559000,220242080
20150415 160000,0.560500,0.569875,0.557750,0.565750,239550440
20150416 160000,0.562500,0.567250,0.558250,0.562250,153418360
20150417 160000,0.550500,0.560500,0.550250,0.555000,289740760
20150420 160000,0.557500,0.561000,0.551250,0.552250,231605840
20150421 160000,0.559000,0.559000,0.548750,0.551375,229783640
20150422 160000,0.554750,0.558500,0.546250,0.557750,207200480
20150423 160000,0.547500,0.560750,0.541250,0.555500,254659640
20150424 160000,0.555250,0.555500,0.544500,0.550750,240958880
20150427 160000,0.552500,0.564750,0.547750,0.555000,244312880
20150428 160000,0.554000,0.559625,0.548750,0.557625,231700600
20150429 160000,0.553500,0.559250,0.551250,0.553500,195156760
20150430 160000,0.550750,0.557625,0.549500,0.554875,215158080
20150501 160000,0.559500,0.570500,0.557000,0.568750,256967400
20150504 160000,0.568250,0.572000,0.563500,0.565250,200720960
20150505 160000,0.563250,0.564000,0.548250,0.550750,292927800
20150506 160000,0.553750,0.559000,0.545250,0.552500,316444440
20150507 160000,0.550250,0.564000,0.548503,0.562250,527051200
20150508 160000,0.525000,0.546000,0.512250,0.520625,1146550320
20150511 160000,0.513500,0.521000,0.509500,0.515750,544137760
20150512 160000,0.512000,0.525000,0.511750,0.520750,388674040
20150513 160000,0.524500,0.528500,0.518750,0.523750,308522800
20150514 160000,0.525250,0.535000,0.524000,0.532250,293050600
20150515 160000,0.534500,0.537000,0.529250,0.532500,215824760
20150518 160000,0.531250,0.535000,0.528750,0.531750,324971680
20150519 160000,0.531000,0.531750,0.525000,0.526000,250340880
20150520 160000,0.526250,0.532500,0.525500,0.526000,196821360
20150521 160000,0.526250,0.528500,0.521750,0.522250,239690000
20150522 160000,0.523500,0.525375,0.520250,0.521500,212591280
20150526 160000,0.519000,0.522500,0.514350,0.518250,259731080
20150527 160000,0.521750,0.548375,0.520000,0.546000,432320040
20150528 160000,0.546000,0.555347,0.545000,0.553500,327617240
20150529 160000,0.553500,0.557000,0.552500,0.553250,335169760
20150601 160000,0.556750,0.565003,0.553250,0.559500,372612960
20150602 160000,0.556000,0.559000,0.548000,0.548375,223457880
20150603 160000,0.550000,0.554250,0.541500,0.542500,250655680
20150604 160000,0.539250,0.554000,0.539250,0.552250,323692600
20150605 160000,0.550500,0.559000,0.544750,0.556500,313320040
20150608 160000,0.554750,0.558500,0.537500,0.543750,342812040
20150609 160000,0.544250,0.550500,0.543250,0.546500,256807280
20150610 160000,0.540000,0.543500,0.533750,0.536750,529425040
20150611 160000,0.536750,0.546250,0.536750,0.542500,283037840
20150612 160000,0.539000,0.542250,0.526500,0.527750,323726560
20150615 160000,0.525000,0.529125,0.521000,0.526750,306426920
20150616 160000,0.525750,0.534000,0.520500,0.533250,256890120
20150617 160000,0.533000,0.542500,0.531750,0.539500,233537920
20150618 160000,0.544000,0.552000,0.542500,0.548500,299331960
20150619 160000,0.548500,0.553000,0.541750,0.546750,355556080
20150622 160000,0.547750,0.550750,0.536250,0.544375,514153160
20150623 160000,0.545500,0.549750,0.526250,0.530500,414022280
20150624 160000,0.529750,0.532500,0.522750,0.525250,253362160
20150625 160000,0.528500,0.532500,0.525250,0.529250,350417880
20150626 160000,0.525000,0.529250,0.516250,0.518500,421267720
20150629 160000,0.512500,0.517750,0.502250,0.503000,391723840
20150630 160000,0.506000,0.508250,0.499250,0.502750,315812320
20150701 160000,0.514000,0.522500,0.505500,0.510000,302920040
20150702 160000,0.509750,0.513750,0.507250,0.510500,145738600
20150706 160000,0.506250,0.513250,0.500375,0.504250,214768520
20150707 160000,0.501250,0.503250,0.479000,0.494750,594228280
20150708 160000,0.492000,0.495000,0.487250,0.491250,332491480
20150709 160000,0.499000,0.501250,0.482252,0.485250,357589800
20150710 160000,0.491500,0.498250,0.490250,0.493750,216708680
20150713 160000,0.498750,0.499747,0.493625,0.497000,212470760
20150714 160000,0.497750,0.498250,0.490750,0.497250,249217160
20150715 160000,0.496000,0.499250,0.489250,0.493750,265686920
20150716 160000,0.496750,0.504750,0.495000,0.504750,282881840
20150717 160000,0.503000,0.503500,0.495247,0.501750,220372320
20150720 160000,0.501750,0.503750,0.491250,0.492500,188406360
20150721 160000,0.491500,0.501750,0.491500,0.494750,149188360
20150722 160000,0.490250,0.491250,0.479250,0.485125,356442760
20150723 160000,0.486250,0.498500,0.485250,0.491250,169854600
20150724 160000,0.494750,0.495250,0.483500,0.485500,188843960
20150727 160000,0.481250,0.488250,0.477250,0.482750,192412800
20150728 160000,0.484000,0.496500,0.479000,0.493250,198309320
20150729 160000,0.492250,0.503250,0.490250,0.499250,232637320
20150730 160000,0.498000,0.505500,0.498000,0.500500,190165160
20150731 160000,0.502500,0.502750,0.495750,0.498750,218368440
20150803 160000,0.502750,0.507750,0.496250,0.507250,397008400
20150804 160000,0.505750,0.510750,0.503500,0.509250,260064560
20150805 160000,0.521750,0.522250,0.513375,0.514500,234577680
20150806 160000,0.513250,0.517000,0.502750,0.511250,651107680
20150807 160000,0.560000,0.584250,0.547000,0.574500,1405152240
20150810 160000,0.572000,0.598750,0.567000,0.594500,662247640
20150811 160000,0.588750,0.597250,0.585750,0.591500,434966680
20150812 160000,0.582000,0.597250,0.582000,0.593000,384068480
20150813 160000,0.593750,0.595000,0.586500,0.588000,276841840
20150814 160000,0.587500,0.592000,0.584000,0.588500,214592440
20150817 160000,0.587500,0.587500,0.577500,0.584750,273874920
20150818 160000,0.580500,0.584500,0.572500,0.577000,287078000
20150819 160000,0.576250,0.582625,0.568500,0.574750,249248280
20150820 160000,0.568250,0.571000,0.551250,0.554000,426931960
20150821 160000,0.550000,0.559250,0.536250,0.536750,382574160
20150824 160000,0.506750,0.545750,0.500000,0.517750,681867920
20150825 160000,0.540500,0.542500,0.507000,0.507000,622610760
20150826 160000,0.523500,0.545750,0.519500,0.545250,614832320
20150827 160000,0.551000,0.566000,0.547750,0.565750,463691320
20150828 160000,0.565500,0.571750,0.561625,0.568250,320945280
20150831 160000,0.565750,0.569500,0.559625,0.562000,219346440
20150901 160000,0.545750,0.555000,0.535000,0.539000,353408800
20150902 160000,0.553250,0.555500,0.544500,0.555250,344038320
20150903 160000,0.563500,0.566250,0.555750,0.556750,262557520
20150904 160000,0.547250,0.556000,0.543500,0.543750,287957800
20150908 160000,0.557000,0.569250,0.554800,0.567000,238356720
20150909 160000,0.568750,0.573500,0.554500,0.555750,289385960
20150910 160000,0.553000,0.571500,0.549875,0.564500,357075840
20150911 160000,0.558250,0.570000,0.555875,0.566250,301584320
20150914 160000,0.569000,0.570750,0.564253,0.567250,192465440
20150915 160000,0.567500,0.576500,0.565750,0.573500,327976480
20150916 160000,0.572500,0.580750,0.568125,0.577500,173507360
20150917 160000,0.587500,0.592750,0.581500,0.582750,268614760
20150918 160000,0.574750,0.587250,0.571250,0.582250,326073920
20150921 160000,0.583000,0.589500,0.580000,0.588250,281862640
20150922 160000,0.575500,0.579500,0.569125,0.572250,228316920
20150923 160000,0.572750,0.578500,0.570503,0.575000,161633960
20150924 160000,0.571500,0.592000,0.562500,0.586000,382425240
20150925 160000,0.593250,0.601750,0.584500,0.590250,369682720
20150928 160000,0.590250,0.593875,0.578750,0.582500,395582440
20150929 160000,0.588750,0.593750,0.580500,0.592750,380678920
20150930 160000,0.598250,0.617000,0.594750,0.616250,556384240
20151001 160000,0.616250,0.618000,0.586750,0.604250,489297080
20151002 160000,0.601000,0.620015,0.594750,0.620000,386145560
20151005 160000,0.624000,0.643250,0.620750,0.635500,482022840
20151006 160000,0.632500,0.646500,0.626250,0.643750,454419840
20151007 160000,0.645250,0.657000,0.634750,0.650500,310151960
20151008 160000,0.647750,0.655998,0.636750,0.654250,460009640
20151009 160000,0.650750,0.657000,0.639500,0.651750,423248400
20151012 160000,0.652500,0.662500,0.647625,0.658750,227501080
20151013 160000,0.653500,0.663875,0.651250,0.660000,298442840
20151014 160000,0.660750,0.694625,0.660000,0.684000,612167880
20151015 160000,0.685250,0.699750,0.678250,0.685750,526038040
20151016 160000,0.688000,0.703000,0.686250,0.696500,448395880
20151019 160000,0.698750,0.701875,0.687250,0.695250,294675200
20151020 160000,0.692250,0.697500,0.687000,0.694250,264796520
20151021 160000,0.696250,0.702750,0.684000,0.685250,386403760
20151022 160000,0.693250,0.712250,0.692250,0.710000,306727520
20151023 160000,0.716250,0.719500,0.705500,0.714750,381774280
20151026 160000,0.715250,0.717000,0.705000,0.711500,247437400
20151027 160000,0.708000,0.715437,0.707500,0.711000,208267120
20151028 160000,0.715500,0.716750,0.705000,0.716750,217034080
20151029 160000,0.705250,0.712500,0.690750,0.692000,327167080
20151030 160000,0.699500,0.714250,0.694250,0.709250,301158600
20151102 160000,0.711500,0.718250,0.707250,0.717500,190087880
20151103 160000,0.712500,0.717250,0.704500,0.712500,376761200
20151104 160000,0.715750,0.715750,0.697500,0.700750,442260840
20151105 160000,0.704250,0.706125,0.690750,0.692750,477947840
20151106 160000,0.761250,0.798500,0.745500,0.788750,1172271080
20151109 160000,0.781000,0.787500,0.774250,0.785250,492563440
20151110 160000,0.775000,0.779250,0.753752,0.770250,552215680
20151111 160000,0.772500,0.776250,0.760000,0.762750,620126280
20151112 160000,0.761000,0.768000,0.756750,0.760000,291063880
20151113 160000,0.760750,0.764000,0.741250,0.745000,292934680
20151116 160000,0.754750,0.760500,0.748750,0.760000,344213520
20151117 160000,0.762000,0.766500,0.756837,0.760000,257046520
20151118 160000,0.760250,0.776750,0.751875,0.775750,350178480
20151119 160000,0.778500,0.785750,0.772247,0.778000,254056120
20151120 160000,0.783750,0.789250,0.779000,0.784750,239741240
20151123 160000,0.786250,0.791250,0.770125,0.773000,242550040
20151124 160000,0.773000,0.786000,0.769500,0.779250,195427680
20151125 160000,0.777750,0.787000,0.775500,0.778250,138299040
20151127 160000,0.779750,0.787250,0.775750,0.784750,87008080
20151130 160000,0.785500,0.796500,0.784750,0.793000,326745480
20151201 160000,0.800000,0.819500,0.799250,0.818750,409489400
20151202 160000,0.820000,0.828500,0.810750,0.812500,294209760
20151203 160000,0.820250,0.827500,0.806750,0.810750,246650200
20151204 160000,0.810750,0.845250,0.810750,0.843750,458689960
20151207 160000,0.843500,0.843500,0.825250,0.827750,333516240
20151208 160000,0.817500,0.842500,0.812250,0.839000,314481160
20151209 160000,0.838750,0.843750,0.809250,0.817750,372674840
20151210 160000,0.820250,0.829000,0.817500,0.824500,236515080
20151211 160000,0.816250,0.822000,0.810500,0.812250,227301520
20151214 160000,0.813000,0.818750,0.804500,0.814250,276310760
20151215 160000,0.823500,0.830000,0.819000,0.824250,306978320
20151216 160000,0.826000,0.832000,0.818750,0.829250,236245640
20151217 160000,0.830500,0.839000,0.816250,0.816750,254143160
20151218 160000,0.811000,0.819250,0.802500,0.803500,390438400
20151221 160000,0.812250,0.823250,0.805000,0.822375,284214920
20151222 160000,0.825000,0.831500,0.818250,0.823250,129435440
20151223 160000,0.824500,0.829625,0.823000,0.826375,122517560
20151224 160000,0.824000,0.831250,0.822750,0.829250,52449240
20151228 160000,0.820500,0.828500,0.809000,0.828500,142028120
20151229 160000,0.829000,0.844500,0.826750,0.842000,203633880
20151230 160000,0.841250,0.848500,0.834500,0.834750,180220800
20151231 160000,0.833500,0.837250,0.824000,0.824000,148528080
20160104 160000,0.807250,0.814500,0.801000,0.809250,358024280
20160105 160000,0.824500,0.836000,0.812500,0.822250,489506920
20160106 160000,0.808750,0.812500,0.779000,0.788250,449208800
20160107 160000,0.765500,0.773825,0.747000,0.757000,645185400
20160108 160000,0.766750,0.767500,0.739125,0.740750,398409280
20160111 160000,0.741500,0.747250,0.728750,0.742000,409383720
20160112 160000,0.755250,0.765500,0.749250,0.754500,469323760
20160113 160000,0.760250,0.765250,0.730750,0.731500,481667280
20160114 160000,0.713250,0.725000,0.695500,0.716750,600143520
20160115 160000,0.684750,0.696250,0.666000,0.677750,841364040
20160119 160000,0.696500,0.711250,0.680375,0.683250,453765480
20160120 160000,0.670250,0.695750,0.661250,0.687000,481178280
20160121 160000,0.690500,0.705750,0.680250,0.695000,481456880
20160122 160000,0.708250,0.716000,0.706750,0.711250,257994400
20160125 160000,0.711000,0.719125,0.708875,0.710500,270728120
20160126 160000,0.712000,0.720500,0.704625,0.717500,227967280
20160127 160000,0.716500,0.718625,0.695375,0.709000,231675120
20160128 160000,0.714750,0.717250,0.687500,0.701250,276778040
20160129 160000,0.707250,0.733625,0.704500,0.732250,310447480
20160201 160000,0.731500,0.736250,0.725250,0.732500,289875960
20160202 160000,0.725000,0.728750,0.696500,0.701500,341908400
20160203 160000,0.707000,0.711250,0.688750,0.705000,326774040
20160204 160000,0.706000,0.721250,0.698250,0.705250,348137280
20160205 160000,0.700500,0.708250,0.658750,0.660750,600419400
20160208 160000,0.650250,0.654000,0.621250,0.630500,608819800
20160209 160000,0.623000,0.663750,0.620000,0.637250,425359600
20160210 160000,0.641250,0.659750,0.632250,0.635750,335799200
20160211 160000,0.625250,0.639000,0.619500,0.632500,340145400
20160212 160000,0.642500,0.644500,0.618750,0.643250,340814680
20160216 160000,0.653500,0.675750,0.650500,0.674750,485112920
20160217 160000,0.688500,0.698000,0.680500,0.691500,765769440
20160218 160000,0.750000,0.774375,0.747500,0.751000,1068627960
20160219 160000,0.747000,0.767750,0.741250,0.761000,525441280
20160222 160000,0.772000,0.796750,0.770500,0.788000,449652880
20160223 160000,0.781750,0.797500,0.778000,0.790000,369333200
20160224 160000,0.778750,0.796697,0.765000,0.795500,336836200
20160225 160000,0.798500,0.801250,0.783000,0.797250,349610680
20160226 160000,0.801000,0.802905,0.784000,0.792000,361923920
20160229 160000,0.790250,0.800500,0.783500,0.784000,323340040
20160301 160000,0.786500,0.818750,0.784750,0.818750,348600480
20160302 160000,0.814250,0.826500,0.812750,0.823500,233868280
20160303 160000,0.822500,0.826000,0.805250,0.816250,301865520
20160304 160000,0.822500,0.823250,0.807500,0.813750,175305360
20160307 160000,0.809250,0.814750,0.797875,0.808500,240215800
20160308 160000,0.800250,0.805000,0.791125,0.793750,274939120
20160309 160000,0.800750,0.801875,0.783000,0.793250,222784120
20160310 160000,0.798000,0.802500,0.776000,0.792000,286079080
20160311 160000,0.803750,0.805750,0.794250,0.805500,277387440
20160314 160000,0.801750,0.810750,0.798000,0.807500,190310560
20160315 160000,0.803250,0.808500,0.789250,0.803500,226200200
20160316 160000,0.797500,0.830250,0.793750,0.827500,363642320
20160317 160000,0.824500,0.828500,0.809347,0.820500,353657960
20160318 160000,0.830250,0.856250,0.825000,0.845250,545494480
20160321 160000,0.837750,0.848000,0.828750,0.847750,337773560
20160322 160000,0.845000,0.852125,0.835750,0.846250,241974640
20160323 160000,0.850000,0.867000,0.846250,0.860750,428984600
20160324 160000,0.853000,0.863500,0.850250,0.862000,244950160
20160328 160000,0.860500,0.874500,0.859500,0.870750,265221000
20160329 160000,0.867000,0.886750,0.865000,0.884750,261799720
20160330 160000,0.888000,0.906250,0.887500,0.894000,376471680
20160331 160000,0.898000,0.900000,0.883750,0.890750,379809880
20160401 160000,0.885250,0.904250,0.878500,0.903750,348040840
20160404 160000,0.911250,0.916000,0.891500,0.895000,393942040
20160405 160000,0.887000,0.902000,0.883500,0.893750,339536880
20160406 160000,0.882500,0.895500,0.865750,0.895000,453261720
20160407 160000,0.892000,0.897250,0.882000,0.885750,378082760
20160408 160000,0.893000,0.898750,0.882625,0.891500,255928920
20160411 160000,0.896750,0.911750,0.894000,0.897000,387422120
20160412 160000,0.900000,0.901250,0.878500,0.896000,292615640
20160413 160000,0.900000,0.918750,0.900000,0.918500,350699440
20160414 160000,0.916000,0.925000,0.912250,0.921000,416457240
20160415 160000,0.920750,0.936500,0.917800,0.928250,436963920
20160418 160000,0.926500,0.926500,0.915250,0.924250,307313760
20160419 160000,0.927750,0.929500,0.902000,0.907750,308952520
20160420 160000,0.906250,0.916750,0.905250,0.911250,200177360
20160421 160000,0.911500,0.915750,0.906250,0.910250,178074000
20160422 160000,0.913250,0.919500,0.903625,0.906750,223491920
20160425 160000,0.907000,0.916250,0.904500,0.911250,191990600
20160426 160000,0.916750,0.927250,0.908000,0.912000,214453920
20160427 160000,0.909750,0.933250,0.908075,0.932750,352288600
20160428 160000,0.927000,0.932500,0.902750,0.905000,381214120
20160429 160000,0.901250,0.903250,0.878500,0.888250,321873280
20160502 160000,0.896750,0.905500,0.892500,0.900000,256073600
20160503 160000,0.889750,0.893500,0.881525,0.889250,224023880
20160504 160000,0.878500,0.879250,0.860000,0.869000,525756200
20160505 160000,0.876250,0.884500,0.867750,0.874250,246680520
20160506 160000,0.872750,0.885625,0.871000,0.883250,183240000
20160509 160000,0.885500,0.889250,0.874750,0.882000,333216760
20160510 160000,0.887500,0.900500,0.879000,0.899000,269409960
20160511 160000,0.901750,0.911500,0.896750,0.901500,327897560
20160512 160000,0.908000,0.912000,0.873250,0.889250,668266880
20160513 160000,0.975500,1.0250,0.975000,1.0245,2109536240
20160516 160000,1.0168,1.0700,1.0135,1.0547,972622280
20160517 160000,1.0500,1.0645,1.0365,1.0570,628154280
20160518 160000,1.0500,1.0962,1.0500,1.0840,540991560
20160519 160000,1.0797,1.0965,1.0783,1.0887,398869400
20160520 160000,1.0955,1.1127,1.0938,1.1082,390710880
20160523 160000,1.1130,1.1172,1.1033,1.1100,413473040
20160524 160000,1.1105,1.1375,1.1075,1.1340,415697040
20160525 160000,1.1375,1.1422,1.1202,1.1293,458245200
20160526 160000,1.1313,1.1495,1.1280,1.1412,309343640
20160527 160000,1.1425,1.1492,1.1387,1.1475,277415560
20160531 160000,1.1525,1.1704,1.1518,1.1680,412113880
20160601 160000,1.1625,1.1815,1.1590,1.1703,387041840
20160602 160000,1.1765,1.1885,1.1650,1.1785,328768240
20160603 160000,1.1675,1.1685,1.1415,1.1620,461074560
20160606 160000,1.1650,1.1740,1.1500,1.1560,321542640
20160607 160000,1.1627,1.1695,1.1578,1.1583,193324480
20160608 160000,1.1585,1.1627,1.1450,1.1545,234457240
20160609 160000,1.1505,1.1863,1.1480,1.1845,472097960
20160610 160000,1.1705,1.1810,1.1535,1.1550,400023680
20160613 160000,1.1563,1.1925,1.1563,1.1698,475530160
20160614 160000,1.1670,1.1775,1.1539,1.1720,297884440
20160615 160000,1.1818,1.1943,1.1687,1.1840,300152840
20160616 160000,1.1752,1.1907,1.1638,1.1887,246260720
20160617 160000,1.1903,1.1905,1.1633,1.1680,470837920
20160620 160000,1.1867,1.2043,1.1860,1.1890,292967840
20160621 160000,1.1940,1.1972,1.1800,1.1818,212490640
20160622 160000,1.1843,1.1920,1.1787,1.1807,201802640
20160623 160000,1.1920,1.2135,1.1912,1.2123,297520800
20160624 160000,1.1625,1.1840,1.1325,1.1432,1017654840
20160627 160000,1.1338,1.1425,1.1142,1.1310,449714760
20160628 160000,1.1525,1.1537,1.1318,1.1475,381370040
20160629 160000,1.1575,1.1752,1.1545,1.1663,318645160
20160630 160000,1.1683,1.1825,1.1587,1.1752,430709000
20160701 160000,1.1687,1.1840,1.1625,1.1665,218481920
20160705 160000,1.1600,1.1858,1.1507,1.1838,370953960
20160706 160000,1.1755,1.1981,1.1695,1.1912,272978960
20160707 160000,1.1970,1.2265,1.1938,1.2223,395038600
20160708 160000,1.2352,1.2773,1.2305,1.2712,481850840
20160711 160000,1.2895,1.3100,1.2880,1.3005,448684040
20160712 160000,1.3125,1.3320,1.2985,1.3200,436663680
20160713 160000,1.3188,1.3300,1.3175,1.3195,324451800
20160714 160000,1.3265,1.3450,1.3155,1.3330,316692320
20160715 160000,1.3160,1.3234,1.2960,1.3175,428349520
20160718 160000,1.3295,1.3357,1.3193,1.3242,252959480
20160719 160000,1.3235,1.3432,1.3210,1.3380,382608880
20160720 160000,1.3425,1.3626,1.3370,1.3555,296441880
20160721 160000,1.3525,1.3568,1.3260,1.3305,361247880
20160722 160000,1.3352,1.3668,1.3255,1.3668,315712560
20160725 160000,1.3750,1.3953,1.3690,1.3920,312487600
20160726 160000,1.4042,1.4230,1.4022,1.4158,514057200
20160727 160000,1.4280,1.4305,1.3930,1.4015,445958360
20160728 160000,1.4020,1.4150,1.4003,1.4045,220847800
20160729 160000,1.4098,1.4312,1.3845,1.4275,409525080
20160801 160000,1.4347,1.4387,1.4090,1.4183,299388280
20160802 160000,1.4250,1.4258,1.3875,1.4010,282288280
20160803 160000,1.3992,1.4075,1.3915,1.4047,299603400
20160804 160000,1.4115,1.4373,1.4087,1.4307,272246880
20160805 160000,1.4472,1.4557,1.4403,1.4550,371538720
20160808 160000,1.4750,1.4785,1.4530,1.4685,304786280
20160809 160000,1.4758,1.4865,1.4685,1.4723,372087920
20160810 160000,1.4852,1.4875,1.4581,1.4627,375060280
20160811 160000,1.4705,1.4988,1.4675,1.4925,665896880
20160812 160000,1.5475,1.5845,1.5158,1.5760,1424592080
20160815 160000,1.5780,1.5874,1.5533,1.5745,573050040
20160816 160000,1.5722,1.5748,1.5602,1.5650,287627920
20160817 160000,1.5650,1.5685,1.5164,1.5288,595056480
20160818 160000,1.5272,1.5550,1.5205,1.5525,331449840
20160819 160000,1.5517,1.5682,1.5450,1.5565,291229280
20160822 160000,1.5613,1.5653,1.5428,1.5630,244704440
20160823 160000,1.5760,1.5830,1.5682,1.5727,339657280
20160824 160000,1.5783,1.5790,1.5413,1.5485,298275200
20160825 160000,1.5490,1.5497,1.5190,1.5383,405854600
20160826 160000,1.5422,1.5595,1.5300,1.5508,299826480
20160829 160000,1.5570,1.5633,1.5471,1.5497,274009840
20160830 160000,1.5477,1.5561,1.5365,1.5408,285426800
20160831 160000,1.5437,1.5480,1.5290,1.5335,388386280
20160901 160000,1.5348,1.5845,1.5335,1.5787,428378760
20160902 160000,1.5820,1.5837,1.5455,1.5633,323149680
20160906 160000,1.5688,1.5780,1.5607,1.5780,306217480
20160907 160000,1.5730,1.5807,1.5457,1.5547,397912000
20160908 160000,1.5533,1.5685,1.5355,1.5660,315650560
20160909 160000,1.5488,1.5575,1.4750,1.4880,697499840
20160912 160000,1.4600,1.5216,1.4329,1.5188,597549640
20160913 160000,1.5150,1.5325,1.4883,1.4968,470934200
20160914 160000,1.5000,1.5150,1.4877,1.5100,319229160
20160915 160000,1.5125,1.5690,1.5090,1.5673,515254960
20160916 160000,1.5727,1.5813,1.5530,1.5710,902395480
20160919 160000,1.5875,1.6315,1.5802,1.5917,416355840
20160920 160000,1.5967,1.6100,1.5685,1.5773,331056680
20160921 160000,1.5820,1.6245,1.5817,1.6215,336104120
20160922 160000,1.6310,1.6360,1.6163,1.6255,308002560
20160923 160000,1.6253,1.6323,1.6165,1.6238,276122440
20160926 160000,1.6052,1.6150,1.5882,1.6085,229901400
20160927 160000,1.6023,1.6660,1.6015,1.6635,402549760
20160928 160000,1.6660,1.6707,1.6483,1.6695,319770240
20160929 160000,1.6667,1.6903,1.6513,1.6850,336571120
20160930 160000,1.6887,1.7297,1.6843,1.7130,429900280
20161003 160000,1.7183,1.7378,1.7083,1.7113,242551360
20161004 160000,1.7233,1.7425,1.6948,1.7075,281508440
20161005 160000,1.7172,1.7395,1.7005,1.7058,303552040
20161006 160000,1.6852,1.6957,1.6565,1.6835,359765080
20161007 160000,1.6948,1.6992,1.6665,1.6712,286247280
20161010 160000,1.6800,1.6890,1.6618,1.6775,287786640
20161011 160000,1.6672,1.6745,1.6405,1.6532,388530640
20161012 160000,1.6465,1.6695,1.6328,1.6608,419916440
20161013 160000,1.6413,1.6450,1.5925,1.6337,390050800
20161014 160000,1.6488,1.6650,1.6400,1.6497,330634040
20161017 160000,1.6495,1.6650,1.6380,1.6402,195066440
20161018 160000,1.6630,1.6747,1.6563,1.6652,268963800
20161019 160000,1.6540,1.6695,1.6455,1.6618,198938080
20161020 160000,1.6812,1.6987,1.6575,1.6933,311902960
20161021 160000,1.6872,1.6915,1.6725,1.6885,279506160
20161024 160000,1.7000,1.7698,1.6997,1.7677,339699920
20161025 160000,1.7648,1.8075,1.7563,1.7968,397150800
20161026 160000,1.7817,1.8237,1.7800,1.8040,333669160
20161027 160000,1.8177,1.8212,1.7596,1.7670,388570240
20161028 160000,1.7755,1.8025,1.7608,1.7640,290480640
20161031 160000,1.7698,1.7906,1.7688,1.7790,252206960
20161101 160000,1.7855,1.7953,1.7073,1.7262,472846200
20161102 160000,1.7395,1.7630,1.7159,1.7190,295609480
20161103 160000,1.7270,1.7285,1.6660,1.6990,309138120
20161104 160000,1.6878,1.7183,1.6644,1.6892,328755480
20161107 160000,1.7390,1.7930,1.7375,1.7817,487493120
20161108 160000,1.7885,1.7942,1.7625,1.7790,429202680
20161109 160000,1.7308,1.7725,1.7180,1.7490,456379440
20161110 160000,1.7860,1.7875,1.6690,1.6942,838444800
20161111 160000,1.9878,2.2192,1.9625,2.1993,2174592680
20161114 160000,2.1997,2.2047,2.0905,2.0910,1348242240
20161115 160000,2.1073,2.1863,2.0983,2.1547,623800400
20161116 160000,2.1835,2.3139,2.1586,2.2908,987571440
20161117 160000,2.3090,2.3698,2.2663,2.3098,832363160
20161118 160000,2.3098,2.3582,2.2950,2.3340,575451480
20161121 160000,2.3523,2.3587,2.3100,2.3245,436277920
20161122 160000,2.3325,2.3435,2.3095,2.3413,330084200
20161123 160000,2.3430,2.3812,2.3192,2.3493,442994880
20161125 160000,2.3605,2.3775,2.3352,2.3540,195563120
20161128 160000,2.3468,2.3685,2.3400,2.3527,278544720
20161129 160000,2.3500,2.3610,2.3133,2.3312,444180760
20161130 160000,2.3375,2.3540,2.3025,2.3050,440243920
20161201 160000,2.3028,2.3043,2.1193,2.1910,1035027400
20161202 160000,2.1525,2.2200,2.1280,2.2113,477807960
20161205 160000,2.2497,2.3152,2.2250,2.2970,601664600
20161206 160000,2.3053,2.3433,2.2893,2.3348,498643760
20161207 160000,2.3210,2.3825,2.3025,2.3767,480413640
20161208 160000,2.3798,2.4155,2.3263,2.3370,381336040
20161209 160000,2.3550,2.3567,2.2677,2.2955,382311960
20161212 160000,2.2462,2.2488,2.1885,2.2397,600817400
20161213 160000,2.2523,2.3073,2.2512,2.2793,386198200
20161214 160000,2.3130,2.4278,2.2893,2.4112,983130840
20161215 160000,2.4225,2.4985,2.4150,2.4677,746291680
20161216 160000,2.4958,2.5175,2.4432,2.5103,1089527320
20161219 160000,2.4925,2.5612,2.4750,2.5408,744264800
20161220 160000,2.6138,2.6532,2.6030,2.6292,846812640
20161221 160000,2.6410,2.6488,2.5927,2.6458,575762720
20161222 160000,2.6705,2.7218,2.6633,2.6778,718360360
20161223 160000,2.6595,2.7459,2.6567,2.7445,647612120
20161227 160000,2.8030,2.9340,2.7805,2.9330,1190178240
20161228 160000,2.9915,2.9983,2.7172,2.7313,2291066840
20161229 160000,2.6180,2.7872,2.5700,2.7858,2166395680
20161230 160000,2.7813,2.7980,2.6575,2.6685,1211996880
20170103 160000,2.6108,2.6593,2.4845,2.5503,1500408080
20170104 160000,2.5895,2.6375,2.5383,2.6098,1197751200
20170105 160000,2.6132,2.6455,2.5263,2.5435,983376080
20170106 160000,2.5625,2.6063,2.5300,2.5775,822479480
20170109 160000,2.5875,2.7000,2.5875,2.6820,915061280
20170110 160000,2.6947,2.7298,2.6407,2.6618,879493280
20170111 160000,2.6500,2.6550,2.6038,2.6290,525134760
20170112 160000,2.6058,2.6175,2.5405,2.5860,625135360
20170113 160000,2.5900,2.6250,2.5765,2.5857,457703880
20170117 160000,2.5790,2.5800,2.5142,2.5278,580421320
20170118 160000,2.5060,2.5808,2.4777,2.5737,653459640
20170119 160000,2.5767,2.6615,2.5745,2.6290,644400880
20170120 160000,2.6488,2.6700,2.5780,2.6002,490685120
20170123 160000,2.5938,2.6475,2.5925,2.6273,366178000
20170124 160000,2.6375,2.6895,2.6225,2.6833,426592640
20170125 160000,2.7237,2.7325,2.6584,2.6947,523018360
20170126 160000,2.6975,2.7488,2.6675,2.7412,458503000
20170127 160000,2.7488,2.7973,2.7212,2.7942,471341920
20170130 160000,2.7735,2.7753,2.6978,2.7505,495722720
20170131 160000,2.7237,2.7512,2.7050,2.7295,362044200
20170201 160000,2.7645,2.8530,2.7465,2.8487,588631320
20170202 160000,2.8327,2.8935,2.8015,2.8847,482694240
20170203 160000,2.8862,2.8975,2.8475,2.8595,372745320
20170206 160000,2.8500,2.9332,2.8500,2.9327,506309800
20170207 160000,2.9655,3.0230,2.9475,2.9783,745528160
20170208 160000,2.9600,2.9828,2.9095,2.9653,449139160
20170209 160000,2.9715,2.9765,2.8900,2.9095,811415480
20170210 160000,2.9992,3.0175,2.8150,2.8405,1650412560
20170213 160000,2.8348,2.8495,2.7050,2.7095,1178048760
20170214 160000,2.6978,2.7538,2.6573,2.7195,850320240
20170215 160000,2.7225,2.7450,2.6940,2.7250,372524680
20170216 160000,2.7348,2.7360,2.6415,2.6812,646329800
20170217 160000,2.6675,2.6852,2.6198,2.6808,563006680
20170221 160000,2.7058,2.7808,2.7055,2.7767,551619600
20170222 160000,2.7855,2.7950,2.7497,2.7690,429799680
20170223 160000,2.6400,2.6597,2.4920,2.5122,1581954080
20170224 160000,2.4253,2.5500,2.3925,2.5365,1028867960
20170227 160000,2.5528,2.6255,2.5390,2.6102,715095160
20170228 160000,2.6200,2.6300,2.5194,2.5370,625004520
20170301 160000,2.5907,2.6093,2.5278,2.5697,504532680
20170302 160000,2.5568,2.5710,2.4722,2.4750,753434360
20170303 160000,2.4642,2.4692,2.4055,2.4607,865400920
20170306 160000,2.4247,2.4525,2.3792,2.4417,882994320
20170307 160000,2.4410,2.4882,2.4287,2.4685,602731040
20170308 160000,2.5172,2.5325,2.4617,2.4640,621000080
20170309 160000,2.4478,2.4863,2.4350,2.4635,477506400
20170310 160000,2.4903,2.5023,2.4595,2.4780,499670520
20170313 160000,2.4885,2.5562,2.4878,2.5462,773321360
20170314 160000,2.5583,2.5688,2.5118,2.5445,521357560
20170315 160000,2.5525,2.5747,2.5080,2.5637,614494600
20170316 160000,2.5747,2.5957,2.5602,2.5953,519614880
20170317 160000,2.6130,2.6530,2.5953,2.6517,1117864920
20170320 160000,2.6695,2.7403,2.6532,2.7363,746958920
20170321 160000,2.7188,2.7490,2.6396,2.6477,912294960
20170322 160000,2.6365,2.7065,2.6325,2.7017,615862200
20170323 160000,2.6938,2.7139,2.6675,2.6772,532225720
20170324 160000,2.7247,2.7323,2.6605,2.6867,439210840
20170327 160000,2.6395,2.7101,2.5894,2.7062,506194800
20170328 160000,2.7073,2.7222,2.6818,2.6923,432357440
20170329 160000,2.6997,2.7123,2.6812,2.6835,349691320
20170330 160000,2.6907,2.7500,2.6850,2.7350,525010000
20170331 160000,2.7252,2.7473,2.7101,2.7233,440441120
20170403 160000,2.7237,2.7412,2.6855,2.7095,445004400
20170404 160000,2.5793,2.6105,2.5085,2.5195,1269684280
20170405 160000,2.5000,2.5593,2.4875,2.5008,746215320
20170406 160000,2.5060,2.5313,2.4602,2.5190,634816760
20170407 160000,2.5255,2.5433,2.4930,2.5082,425201480
20170410 160000,2.5063,2.5157,2.4400,2.4442,755429800
20170411 160000,2.4137,2.4725,2.4087,2.4530,617845520
20170412 160000,2.4547,2.4675,2.4275,2.4327,413632640
20170413 160000,2.4073,2.4303,2.3872,2.3872,506290160
20170417 160000,2.4005,2.4810,2.3950,2.4808,496900480
20170418 160000,2.4663,2.4885,2.4400,2.4823,369560360
20170419 160000,2.4992,2.5245,2.4852,2.4920,380632160
20170420 160000,2.5067,2.5362,2.4852,2.5315,403753320
20170421 160000,2.5210,2.5448,2.5090,2.5420,341491680
20170424 160000,2.5740,2.5870,2.5528,2.5737,371501880
20170425 160000,2.5885,2.6332,2.5667,2.6185,388198600
20170426 160000,2.6322,2.6347,2.5985,2.6005,326874560
20170427 160000,2.6080,2.6495,2.5897,2.6410,319373440
20170428 160000,2.6355,2.6410,2.6018,2.6075,348080280
20170501 160000,2.6117,2.6712,2.6113,2.6660,307339760
20170502 160000,2.6387,2.6399,2.5640,2.5870,624562520
20170503 160000,2.5737,2.6160,2.5650,2.6063,336043920
20170504 160000,2.6125,2.6238,2.5882,2.5962,209630680
20170505 160000,2.5845,2.6038,2.5688,2.5965,228379480
20170508 160000,2.6085,2.6100,2.5577,2.5692,364406240
20170509 160000,2.5790,2.6233,2.5665,2.5735,766153960
20170510 160000,2.8613,3.0455,2.8505,3.0323,2125287520
20170511 160000,3.0000,3.2608,2.9977,3.1625,1935362840
20170512 160000,3.1650,3.2400,3.1445,3.1972,961683720
20170515 160000,3.2390,3.3602,3.2345,3.3578,1084212560
20170516 160000,3.4112,3.4360,3.3341,3.4203,1118898000
20170517 160000,3.3475,3.3715,3.1887,3.1930,1268636200
20170518 160000,3.2375,3.3357,3.1763,3.3267,1153809920
20170519 160000,3.4282,3.4555,3.3805,3.4000,1011728840
20170522 160000,3.4443,3.4870,3.4333,3.4725,835716360
20170523 160000,3.4925,3.4947,3.3928,3.4257,680750160
20170524 160000,3.5250,3.5267,3.4520,3.4642,816592120
20170525 160000,3.5000,3.5008,3.4110,3.4565,607205640
20170526 160000,3.4455,3.6320,3.4278,3.5460,778005920
20170530 160000,3.5938,3.6573,3.5763,3.6218,987585560
20170531 160000,3.6673,3.6750,3.5513,3.6087,883861760
20170601 160000,3.6248,3.6258,3.5630,3.6090,500446840
20170602 160000,3.6060,3.6325,3.5850,3.5910,487024160
20170605 160000,3.5750,3.7132,3.5627,3.7002,815976240
20170606 160000,3.6955,3.7422,3.6700,3.6835,757246640
20170607 160000,3.7083,3.7470,3.6925,3.7280,606550080
20170608 160000,3.8382,4.0000,3.7947,3.9985,1150512280
20170609 160000,4.1248,4.2125,3.5688,3.7400,3688149040
20170612 160000,3.6368,3.7925,3.5528,3.7492,1690788560
20170613 160000,3.8625,3.8693,3.6413,3.7850,1669289240
20170614 160000,3.7880,3.8515,3.7125,3.7930,1181082440
20170615 160000,3.6750,3.8400,3.6625,3.8093,959752920
20170616 160000,3.8245,3.8675,3.7560,3.7905,920840960
20170619 160000,3.8445,3.9383,3.8315,3.9330,774266760
20170620 160000,3.9895,4.0435,3.9230,3.9272,1094323000
20170621 160000,3.9625,3.9905,3.8925,3.9867,680123520
20170622 160000,3.9855,4.0085,3.9350,3.9592,468587440
20170623 160000,3.9695,3.9830,3.8305,3.8458,1086755720
20170626 160000,3.8925,3.9150,3.7083,3.8037,1062981680
20170627 160000,3.7900,3.7947,3.6587,3.6645,997937960
20170628 160000,3.7425,3.7985,3.6437,3.7938,993597600
20170629 160000,3.7665,3.7680,3.6020,3.6670,1061035120
20170630 160000,3.6845,3.6983,3.5875,3.6140,730220160
20170703 160000,3.6292,3.6413,3.4645,3.4833,708987040
20170705 160000,3.5475,3.6055,3.5282,3.5763,818981600
20170706 160000,3.5475,3.6345,3.4940,3.5870,744274920
20170707 160000,3.6445,3.6875,3.6212,3.6690,651173160
20170710 160000,3.7417,3.8500,3.7171,3.8425,955611280
20170711 160000,3.8453,3.9047,3.8037,3.8970,756373000
20170712 160000,3.9570,4.0750,3.9140,4.0627,1137461920
20170713 160000,4.0750,4.1575,3.9688,4.0157,1367402240
20170714 160000,4.0393,4.1252,4.0252,4.1237,940298520
20170717 160000,4.1583,4.1875,4.0438,4.1063,925594360
20170718 160000,4.0445,4.1638,4.0325,4.1490,776033840
20170719 160000,4.1625,4.1850,4.1153,4.1275,684394520
20170720 160000,4.1482,4.1877,4.0978,4.1875,696559520
20170721 160000,4.1638,4.2325,4.1523,4.2025,638242200
20170724 160000,4.2097,4.2195,4.1430,4.1538,648481320
20170725 160000,4.1305,4.1482,4.0895,4.1338,493219520
20170726 160000,4.1975,4.2482,4.1463,4.1815,638546680
20170727 160000,4.2047,4.2185,3.9390,4.0435,762969360
20170728 160000,4.0090,4.1345,3.9820,4.1098,513273080
20170731 160000,4.1267,4.1600,4.0155,4.0627,558662920
20170801 160000,4.0503,4.1140,4.0250,4.1123,428605000
20170802 160000,4.1465,4.1478,4.0318,4.1098,465703600
20170803 160000,4.1123,4.1658,4.0920,4.1620,441962480
20170804 160000,4.1850,4.2517,4.1620,4.1803,588190800
20170807 160000,4.2080,4.3093,4.2000,4.3087,713966440
20170808 160000,4.3600,4.3640,4.2178,4.2575,751922800
20170809 160000,4.2118,4.3053,4.1917,4.3028,527317720
20170810 160000,4.3028,4.3165,4.1082,4.1185,1264866480
20170811 160000,3.9250,3.9750,3.8228,3.8990,1496555760
20170814 160000,3.9932,4.2138,3.9800,4.2100,1275217760
20170815 160000,4.2283,4.2417,4.1398,4.1745,763167360
20170816 160000,4.1980,4.2135,4.0960,4.1288,595433200
20170817 160000,4.1203,4.1375,4.0345,4.0367,521647680
20170818 160000,4.0920,4.1090,3.9910,4.0375,600258160
20170821 160000,4.0623,4.0737,3.9343,3.9788,612263400
20170822 160000,4.0118,4.0697,3.9928,4.0638,449227320
20170823 160000,4.0305,4.1563,4.0213,4.1450,578475400
20170824 160000,4.1810,4.1820,4.1030,4.1297,468776400
20170825 160000,4.1595,4.1645,4.0888,4.0953,356481880
20170828 160000,4.1145,4.1275,4.0583,4.1242,385104480
20170829 160000,4.0648,4.1395,4.0565,4.1175,323115240
20170830 160000,4.1392,4.1532,4.1067,4.1420,382654480
20170831 160000,4.1625,4.2400,4.1550,4.2360,612044160
20170901 160000,4.2487,4.2975,4.2400,4.2615,445239200
20170905 160000,4.1982,4.2146,4.0891,4.1478,695762560
20170906 160000,4.1763,4.1950,4.1100,4.1452,395825640
20170907 160000,4.1608,4.1972,4.1237,4.1645,352533480
20170908 160000,4.1575,4.1677,4.0678,4.0922,496608360
20170911 160000,4.1377,4.2358,4.1330,4.2250,566508640
20170912 160000,4.2500,4.2500,4.1742,4.2403,410596840
20170913 160000,4.2148,4.2885,4.1820,4.2592,580141400
20170914 160000,4.2197,4.3140,4.1950,4.2350,511613040
20170915 160000,4.3197,4.5028,4.3163,4.5028,1358026840
20170918 160000,4.6292,4.7800,4.6215,4.6888,1675747880
20170919 160000,4.6375,4.7462,4.6154,4.6837,871869200
20170920 160000,4.6843,4.7355,4.6052,4.6460,688877640
20170921 160000,4.5377,4.5675,4.4403,4.5190,1074521360
20170922 160000,4.5075,4.5578,4.4650,4.4750,490548600
20170925 160000,4.4437,4.4450,4.2540,4.2750,873204800
20170926 160000,4.4095,4.4670,4.2588,4.2990,1112294280
20170927 160000,4.3907,4.4068,4.3187,4.3933,710616920
20170928 160000,4.4030,4.4045,4.3440,4.3920,434568280
20170929 160000,4.4770,4.4932,4.4313,4.4693,618346640
20171002 160000,4.5250,4.5495,4.4250,4.4750,502724080
20171003 160000,4.4888,4.5145,4.4395,4.4843,389627240
20171004 160000,4.4867,4.5442,4.4535,4.5217,427322200
20171005 160000,4.5465,4.5500,4.4890,4.5193,436433440
20171006 160000,4.4760,4.5460,4.4750,4.5325,318504400
20171009 160000,4.5678,4.6682,4.5507,4.6347,561029960
20171010 160000,4.7828,4.8237,4.6815,4.7233,972973120
20171011 160000,4.7393,4.7750,4.6935,4.7735,528233880
20171012 160000,4.7773,4.8273,4.7483,4.7758,524775520
20171013 160000,4.8388,4.8750,4.7912,4.8647,627313080
20171016 160000,4.8900,4.9512,4.8310,4.9482,574511160
20171017 160000,4.9320,4.9725,4.9087,4.9437,465172240
20171018 160000,4.9525,4.9535,4.8330,4.9395,566240760
20171019 160000,4.8610,4.9500,4.8113,4.9450,567059520
20171020 160000,4.9737,4.9897,4.9135,4.9225,450523160
20171023 160000,4.9445,4.9712,4.8950,4.9155,427840240
20171024 160000,4.9235,4.9688,4.8985,4.9670,403790000
20171025 160000,4.9263,4.9805,4.7792,4.8415,827292800
20171026 160000,4.8773,4.9040,4.8453,4.8922,320390040
20171027 160000,4.9450,5.0468,4.9188,5.0465,571351680
20171030 160000,5.0500,5.1522,5.0305,5.0960,503296280
20171031 160000,5.1282,5.1972,5.1225,5.1703,410241600
20171101 160000,5.2310,5.2492,5.1150,5.1800,498618080
20171102 160000,5.1550,5.1952,5.0913,5.1485,341574280
20171103 160000,5.1800,5.2172,5.1335,5.2172,352674600
20171106 160000,5.1800,5.2495,5.1675,5.2408,388706040
20171107 160000,5.2637,5.3225,5.2514,5.3007,426724920
20171108 160000,5.2975,5.3000,5.1810,5.2290,521200760
20171109 160000,5.1307,5.1583,5.0092,5.1330,944625720
20171110 160000,5.3310,5.4667,5.2908,5.4035,1252260760
20171113 160000,5.4035,5.4292,5.3003,5.3157,581084240
20171114 160000,5.3250,5.3700,5.2807,5.3545,528043360
20171115 160000,5.3000,5.3000,5.1950,5.2495,500341680
20171116 160000,5.3245,5.3550,5.2813,5.2903,439402400
20171117 160000,5.3438,5.3838,5.2687,5.2840,514478360
20171120 160000,5.3000,5.3643,5.2625,5.3520,394835400
20171121 160000,5.3940,5.4130,5.3600,5.4013,398279960
20171122 160000,5.4167,5.4250,5.3403,5.3733,356381720
20171124 160000,5.3948,5.4250,5.3650,5.4240,180752000
20171127 160000,5.4328,5.4340,5.3502,5.3535,422308240
20171128 160000,5.3640,5.3682,5.2060,5.2678,511763360
20171129 160000,5.2500,5.2531,4.7807,4.9105,1394722680
20171130 160000,4.9800,5.0670,4.9162,5.0178,822981040
20171201 160000,4.9810,5.0032,4.8117,4.9420,810191720
20171204 160000,5.0000,5.0075,4.6125,4.6665,1239008280
20171205 160000,4.5580,4.8175,4.5145,4.6935,980403760
20171206 160000,4.6413,4.7535,4.6210,4.7315,464229400
20171207 160000,4.7990,4.8400,4.7530,4.7998,535778600
20171208 160000,4.8518,4.8695,4.7788,4.7873,461488560
20171211 160000,4.8015,4.8695,4.7855,4.8665,371009840
20171212 160000,4.8323,4.8460,4.7472,4.7710,453488160
20171213 160000,4.8057,4.8138,4.6470,4.6545,553385720
20171214 160000,4.6482,4.7335,4.6150,4.6617,436841880
20171215 160000,4.7203,4.8095,4.6405,4.7890,668697640
20171218 160000,4.8435,4.9505,4.8000,4.9475,475579920
20171219 160000,4.9432,4.9432,4.8740,4.9028,371250040
20171220 160000,4.9388,4.9517,4.8638,4.9200,288515480
20171221 160000,4.9248,4.9487,4.8887,4.8972,300476760
20171222 160000,4.8600,4.8913,4.7813,4.8818,466065040
20171226 160000,4.8258,4.9437,4.7955,4.9360,354320760
20171227 160000,4.9245,4.9992,4.9078,4.9292,328984400
20171228 160000,4.9532,4.9845,4.9288,4.9350,239918440
20171229 160000,4.9515,4.9615,4.8375,4.8375,279516600
20180102 160000,4.8945,4.9875,4.8625,4.9837,347718120
20180103 160000,5.1050,5.3425,5.0938,5.3117,910377480
20180104 160000,5.3943,5.4512,5.3172,5.3398,581321800
20180105 160000,5.3500,5.4227,5.2770,5.3850,577037240
20180108 160000,5.5005,5.6250,5.4645,5.5500,870638200
20180109 160000,5.5500,5.5955,5.4660,5.5485,496144760
20180110 160000,5.4525,5.5955,5.4000,5.5920,581653280
20180111 160000,5.6250,5.6568,5.5803,5.6020,405369440
20180112 160000,5.5900,5.6248,5.5335,5.5745,359639240
20180116 160000,5.6013,5.6877,5.4173,5.5028,690012080
20180117 160000,5.5157,5.6280,5.4225,5.6180,537135080
20180118 160000,5.6000,5.6660,5.5670,5.6110,407207080
20180119 160000,5.7023,5.7773,5.6750,5.7528,590154680
20180122 160000,5.7620,5.8440,5.7025,5.8422,548848280
20180123 160000,5.9000,5.9958,5.8775,5.9727,471870520
20180124 160000,5.9820,6.0123,5.8388,5.8950,579945080
20180125 160000,5.9500,5.9938,5.8937,5.9087,408840240
20180126 160000,5.9670,6.0835,5.9400,6.0833,514948400
20180129 160000,6.0685,6.2027,6.0152,6.1712,454432440
20180130 160000,6.0295,6.1605,5.9603,6.0680,568525360
20180131 160000,6.1443,6.2317,6.1113,6.1450,476253080
20180201 160000,5.9630,6.1725,5.9515,6.0125,514731560
20180202 160000,5.9257,5.9493,5.7792,5.8380,715603280
20180205 160000,5.6750,5.8308,5.1250,5.3425,1158641000
20180206 160000,5.1123,5.6425,5.1000,5.6395,1105496560
20180207 160000,5.7412,5.8742,5.6675,5.7200,801356520
20180208 160000,5.8500,5.8805,5.4377,5.4380,1073509880
20180209 160000,5.9472,5.9722,5.4380,5.8020,1672623120
20180212 160000,5.8842,5.8870,5.6258,5.7008,1091938560
20180213 160000,5.6625,5.8625,5.6312,5.8157,624706320
20180214 160000,5.7752,6.0648,5.7637,6.0355,741690360
20180215 160000,6.1240,6.2092,6.0380,6.1625,697111040
20180216 160000,6.1433,6.2500,6.0868,6.0960,637129560
20180220 160000,6.1188,6.2968,6.1150,6.2270,684665720
20180221 160000,6.2968,6.2992,6.0340,6.0377,844270440
20180222 160000,6.0672,6.1407,5.9875,6.0537,533189520
20180223 160000,6.1143,6.1482,6.0630,6.1482,413856000
20180226 160000,6.1903,6.1995,6.1015,6.1645,467140640
20180227 160000,6.1322,6.2227,6.1282,6.1515,454369800
20180228 160000,6.1625,6.2025,6.0382,6.0500,520762560
20180301 160000,6.0503,6.1022,5.7031,5.8053,1039249440
20180302 160000,5.7030,5.9200,5.5462,5.9135,912333640
20180305 160000,5.8537,5.9313,5.7380,5.8913,619399320
20180306 160000,5.9775,6.0735,5.9340,6.0540,625316160
20180307 160000,5.9500,6.0987,5.9487,6.0460,580697480
20180308 160000,6.0687,6.0737,5.9848,6.0295,413709080
20180309 160000,6.0737,6.1463,6.0613,6.1333,504789880
20180312 160000,6.1750,6.3250,6.1668,6.2440,603703680
20180313 160000,6.2870,6.3625,6.1510,6.1928,618294840
20180314 160000,6.2363,6.2637,6.1555,6.2185,504432480
20180315 160000,6.2500,6.3155,6.1910,6.2335,400984640
20180316 160000,6.2500,6.2813,6.2120,6.2620,398881400
20180319 160000,6.2000,6.2337,5.9250,6.0250,708388600
20180320 160000,6.0345,6.2788,6.0280,6.2395,552827800
20180321 160000,6.2330,6.3000,6.1833,6.2140,437871520
20180322 160000,6.1500,6.1970,6.0085,6.0462,548547960
20180323 160000,6.0542,6.0667,5.8130,5.8243,735048040
20180326 160000,5.9512,6.1132,5.8975,6.1120,610240800
20180327 160000,6.2000,6.2500,5.4961,5.6380,1405023680
20180328 160000,5.6033,5.7348,5.4250,5.5337,944144440
20180329 160000,5.5898,5.8875,5.5175,5.7897,913169760
20180402 160000,5.7203,5.8662,5.4375,5.5263,917692680
20180403 160000,5.6960,5.7588,5.5337,5.6338,665832520
20180404 160000,5.3780,5.6665,5.3500,5.6560,787687360
20180405 160000,5.7150,5.7283,5.4623,5.5345,696167160
20180406 160000,5.4375,5.5400,5.3268,5.3563,662167720
20180409 160000,5.4132,5.5492,5.3650,5.3853,496807240
20180410 160000,5.6190,5.7250,5.5602,5.6978,762250760
20180411 160000,5.6850,5.7244,5.6230,5.6560,459077160
20180412 160000,5.7498,5.8830,5.7054,5.8650,591026520
20180413 160000,5.9287,5.9377,5.7388,5.7875,502290560
20180416 160000,5.7925,5.8210,5.6920,5.7873,349793240
20180417 160000,5.8425,5.9600,5.7837,5.9385,445671920
20180418 160000,5.8875,5.9813,5.8193,5.9093,390317840
20180419 160000,5.7882,5.8275,5.6700,5.7260,470515000
20180420 160000,5.7172,5.8025,5.6862,5.7178,383515600
20180423 160000,5.7375,5.7875,5.5708,5.5970,412569880
20180424 160000,5.6230,5.7200,5.4640,5.5300,412862320
20180425 160000,5.5000,5.5394,5.2575,5.4165,584877320
20180426 160000,5.5905,5.6387,5.5133,5.6305,372059560
20180427 160000,5.7375,5.7575,5.6155,5.6583,400145080
20180430 160000,5.6703,5.7250,5.6030,5.6225,327317760
20180501 160000,5.6143,5.6813,5.5550,5.6785,252244400
20180502 160000,5.6750,5.7200,5.6312,5.6578,267620760
20180503 160000,5.6888,5.8513,5.6443,5.8247,440985720
20180504 160000,5.7957,5.9797,5.7782,5.9765,399262360
20180507 160000,6.0750,6.2748,6.0722,6.2170,686119160
20180508 160000,6.2170,6.2627,6.1677,6.2600,503452560
20180509 160000,6.2750,6.3967,6.2528,6.3945,593431080
20180510 160000,6.4400,6.5125,6.4300,6.5032,958463360
20180511 160000,6.3170,6.4948,6.2635,6.3632,1212890000
20180514 160000,6.4017,6.4623,6.3600,6.3840,522317600
20180515 160000,6.3125,6.3225,6.0375,6.1390,960627840
20180516 160000,6.1000,6.2130,6.0627,6.1502,551899240
20180517 160000,6.1570,6.2875,6.1357,6.1928,518917640
20180518 160000,6.2468,6.3093,6.1435,6.1485,482599080
20180521 160000,6.2500,6.2508,6.0122,6.1060,637902640
20180522 160000,6.1240,6.1450,6.0062,6.0675,517842440
20180523 160000,6.0090,6.1898,6.0062,6.1885,441927040
20180524 160000,6.1847,6.2350,6.1310,6.1922,436726320
20180525 160000,6.2027,6.2485,6.1690,6.2320,291950480
20180529 160000,6.2175,6.2835,6.1675,6.2148,351803760
20180530 160000,6.2498,6.3335,6.2238,6.3247,389739560
20180531 160000,6.2910,6.3800,6.2818,6.3048,492913960
20180601 160000,6.3518,6.4467,6.3413,6.4405,420745800
20180604 160000,6.4750,6.6435,6.4425,6.6213,640847560
20180605 160000,6.6213,6.6647,6.5793,6.6267,391117920
20180606 160000,6.5375,6.6320,6.5192,6.6287,371143320
20180607 160000,6.6250,6.6370,6.4813,6.5725,369063840
20180608 160000,6.4983,6.6000,6.4800,6.5570,360244840
20180611 160000,6.5442,6.5862,6.5025,6.5155,264403320
20180612 160000,6.5423,6.5767,6.4915,6.5645,317929240
20180613 160000,6.5745,6.6418,6.5508,6.5600,333641800
20180614 160000,6.6063,6.7300,6.5905,6.6728,429187840
20180615 160000,6.6183,6.6870,6.5837,6.6315,431645880
20180618 160000,6.5802,6.6450,6.5595,6.6272,355662560
20180619 160000,6.5130,6.5910,6.3755,6.5043,594063320
20180620 160000,6.5473,6.6113,6.5070,6.5578,369275560
20180621 160000,6.5877,6.6085,6.4200,6.4278,358694680
20180622 160000,6.4510,6.4623,6.2583,6.2737,433548080
20180625 160000,6.1675,6.1700,5.8885,5.9780,664978080
20180626 160000,6.0925,6.1413,5.9978,6.0498,478085640
20180627 160000,6.0983,6.1608,5.8875,5.8930,453081280
20180628 160000,5.8833,6.0335,5.8752,6.0215,337417280
20180629 160000,6.0888,6.1000,5.9212,5.9225,391672920
20180702 160000,5.8623,6.0597,5.8316,6.0560,353590600
20180703 160000,6.0945,6.0970,5.9125,5.9210,222733000
20180705 160000,5.9783,6.0732,5.9375,6.0682,302469960
20180706 160000,6.0475,6.1916,6.0220,6.1833,296125120
20180709 160000,6.2515,6.2680,6.1518,6.2313,303014680
20180710 160000,6.2462,6.3535,6.2030,6.3312,357220760
20180711 160000,6.2250,6.2725,6.1775,6.1883,366488960
20180712 160000,6.2315,6.3293,6.2240,6.2807,345109000
20180713 160000,6.2968,6.2995,6.1905,6.2330,246842640
20180716 160000,6.2105,6.2585,6.1925,6.2050,195601240
20180717 160000,6.1505,6.3575,6.1295,6.3422,357981320
20180718 160000,6.3360,6.3487,6.2410,6.2925,277093520
20180719 160000,6.2735,6.3347,6.2583,6.3007,233756600
20180720 160000,6.2983,6.3375,6.2612,6.2722,222348240
20180723 160000,6.2455,6.2472,6.0820,6.2352,300712360
20180724 160000,6.2837,6.3712,6.2000,6.2178,354351840
20180725 160000,6.2272,6.3095,6.1688,6.2968,316236800
20180726 160000,6.2950,6.4082,6.2595,6.3710,323570200
20180727 160000,6.4080,6.4150,6.2460,6.3005,295131640
20180730 160000,6.3148,6.3208,6.0680,6.1033,339592760
20180731 160000,6.0965,6.1970,6.0535,6.1215,282717160
20180801 160000,6.1472,6.2090,6.0972,6.1617,281357000
20180802 160000,6.0857,6.2695,6.0303,6.2655,269022400
20180803 160000,6.2988,6.3265,6.2732,6.3025,214160880
20180806 160000,6.2920,6.3542,6.2426,6.3507,207225720
20180807 160000,6.3940,6.4425,6.3730,6.4238,257779560
20180808 160000,6.4250,6.5060,6.3898,6.4605,261588320
20180809 160000,6.4760,6.4813,6.4037,6.4115,202139240
20180810 160000,6.3388,6.4025,6.3175,6.3697,255463280
20180813 160000,6.3785,6.5250,6.3767,6.4030,373715400
20180814 160000,6.4927,6.5500,6.4255,6.5358,457072280
20180815 160000,6.5548,6.5910,6.3975,6.4770,588972800
20180816 160000,6.5403,6.5500,6.3752,6.4360,778148640
20180817 160000,6.3110,6.3243,6.0932,6.1205,1142182800
20180820 160000,6.0840,6.3300,5.9680,6.1960,853078360
20180821 160000,6.2125,6.3375,6.1925,6.3330,668005480
20180822 160000,6.3010,6.5755,6.2965,6.5705,746714320
20180823 160000,6.5250,6.7370,6.5175,6.6710,719255240
20180824 160000,6.6795,6.8202,6.6750,6.8055,530983960
20180827 160000,6.8320,6.9725,6.8036,6.8975,504347640
20180828 160000,6.8950,6.9145,6.7382,6.8595,474635400
20180829 160000,6.8480,6.9875,6.8270,6.9623,418914800
20180830 160000,6.9308,7.0429,6.9080,6.9452,345458520
20180831 160000,6.9250,7.0300,6.9150,7.0170,306416560
20180904 160000,7.0037,7.1305,6.9750,7.0925,391269240
20180905 160000,7.0737,7.1105,6.8787,6.9605,392820480
20180906 160000,6.9440,6.9465,6.7848,6.8180,322369880
20180907 160000,6.7250,6.9233,6.6798,6.7965,295299240
20180910 160000,6.8192,6.8982,6.7750,6.8683,220000720
20180911 160000,6.8422,6.9100,6.8005,6.8200,242773160
20180912 160000,6.7797,6.7995,6.5480,6.7050,418556960
20180913 160000,6.7715,6.8750,6.7540,6.7835,304381640
20180914 160000,6.8750,6.9775,6.8375,6.9108,385924360
20180917 160000,6.8688,6.9345,6.8287,6.8483,204581200
20180918 160000,6.8500,6.9560,6.7687,6.7755,299204840
20180919 160000,6.7540,6.8175,6.7062,6.7995,223512760
20180920 160000,6.6713,6.7190,6.6025,6.6570,430059280
20180921 160000,6.6690,6.7150,6.5528,6.5862,432485440
20180924 160000,6.5360,6.6460,6.4670,6.6425,293544520
20180925 160000,6.7092,6.7355,6.6228,6.7103,279288840
20180926 160000,6.7165,6.7560,6.6570,6.6730,268137600
20180927 160000,6.7085,6.7300,6.6532,6.6850,214229360
20180928 160000,6.8055,7.0479,6.7900,7.0255,708580440
20181001 160000,7.1060,7.3015,7.0650,7.2340,617885280
20181002 160000,7.2062,7.3190,7.1395,7.1620,383155880
20181003 160000,7.2330,7.2405,7.0632,7.1683,320293680
20181004 160000,7.1317,7.1563,6.9045,6.9823,390635080
20181005 160000,6.9750,7.0200,6.6885,6.7465,426083600
20181008 160000,6.6505,6.7790,6.5020,6.6442,407879000
20181009 160000,6.6143,6.7190,6.5700,6.6385,273297880
20181010 160000,6.5418,6.5777,6.1400,6.1422,678539680
20181011 160000,6.0542,6.1890,5.8565,5.8782,722478560
20181012 160000,6.1515,6.2385,5.9912,6.1635,604346520
20181015 160000,6.1500,6.1500,5.8835,5.8845,448541000
20181016 160000,6.0000,6.1570,5.9485,6.1458,407281520
20181017 160000,6.2085,6.2470,6.0270,6.0765,329011720
20181018 160000,6.1465,6.1852,5.9272,5.9882,522657480
20181019 160000,6.0440,6.0638,5.6925,5.7292,612915880
20181022 160000,5.7775,5.8830,5.6768,5.7805,368256840
20181023 160000,5.5088,5.6048,5.4177,5.5265,623488200
20181024 160000,5.4878,5.5347,4.9712,4.9852,876633480
20181025 160000,4.8815,5.2438,4.8420,5.1960,947496440
20181026 160000,4.9577,5.1211,4.8280,4.9573,664231560
20181029 160000,5.0870,5.1033,4.4002,4.6405,756099560
20181030 160000,4.6638,5.0850,4.6405,5.0750,803993560
20181031 160000,5.2500,5.3148,5.1002,5.2708,740589160
20181101 160000,5.3080,5.4623,5.1798,5.4527,561731360
20181102 160000,5.4497,5.5500,5.2553,5.3730,452791240
20181105 160000,5.3598,5.3833,5.1320,5.2942,378915080
20181106 160000,5.2862,5.3712,5.2391,5.2765,298550680
20181107 160000,5.3438,5.4352,5.2795,5.3447,482321280
20181108 160000,5.2850,5.2858,5.0958,5.1498,505838920
20181109 160000,5.0575,5.2330,5.0260,5.1418,412535640
20181112 160000,5.0500,5.0717,4.7165,4.7385,614801160
20181113 160000,4.8373,5.1052,4.8309,4.9828,641704360
20181114 160000,5.1563,5.1720,4.8208,4.9298,523951120
20181115 160000,4.9238,5.1325,4.8875,5.0597,732248560
20181116 160000,4.0875,4.2665,4.0403,4.1108,1962039040
20181119 160000,4.0445,4.0455,3.6157,3.6175,1692369800
20181120 160000,3.3525,3.8565,3.3327,3.7270,1683306360
20181121 160000,3.8700,3.8825,3.5903,3.6178,1024600200
20181123 160000,3.5737,3.7397,3.5697,3.6250,411968440
20181126 160000,3.7472,3.8367,3.6640,3.8263,812772800
20181127 160000,3.8000,3.9252,3.7638,3.8432,733957040
20181128 160000,3.9630,4.0070,3.8281,4.0017,801495200
20181129 160000,4.0005,4.0375,3.9035,3.9340,544740920
20181130 160000,3.9430,4.0965,3.8930,4.0857,727642080
20181201 160000,4.0835,4.0883,4.0825,4.0853,1138560
20181203 160000,4.3150,4.3670,4.1835,4.2510,889217440
20181204 160000,4.2032,4.2110,3.9125,3.9278,809905560
20181206 160000,3.7860,3.9623,3.7702,3.9572,685626840
20181207 160000,3.9615,3.9718,3.6404,3.6903,680894960
20181208 160000,3.6907,3.6932,3.6870,3.6905,1353200
20181210 160000,3.6450,3.8215,3.6413,3.7965,628586520
20181211 160000,3.8877,3.8972,3.6250,3.7047,669583000
20181212 160000,3.7125,3.8195,3.6205,3.7225,653307120
20181213 160000,3.7633,3.8345,3.6860,3.7222,470752480
20181214 160000,3.6812,3.7648,3.6375,3.6612,471333400
20181217 160000,3.6310,3.7038,3.5310,3.5895,649630600
20181218 160000,3.6278,3.7583,3.6063,3.6735,562341320
20181219 160000,3.6477,3.6936,3.4108,3.4627,742124440
20181220 160000,3.4540,3.5450,3.3172,3.3775,748403000
20181221 160000,3.4000,3.4375,3.2115,3.2392,862631520
20181224 160000,3.1622,3.2495,3.1125,3.1770,463843520
20181226 160000,3.2250,3.3285,3.1115,3.3275,693779120
20181227 160000,3.2763,3.3095,3.1295,3.2792,636164440
20181228 160000,3.2983,3.4347,3.2578,3.3413,627323520
20181231 160000,3.3803,3.4178,3.3065,3.3375,465111840
20190102 160000,3.2648,3.4620,3.2513,3.4055,499266920
20190103 160000,3.3350,3.3790,3.1923,3.1997,694201920
20190104 160000,3.2697,3.4432,3.2425,3.4047,584821960
20190107 160000,3.4630,3.6222,3.4108,3.5850,704885600
20190108 160000,3.6693,3.6695,3.4225,3.4958,782733680
20190109 160000,3.5438,3.6123,3.4965,3.5645,614869880
20190110 160000,3.5445,3.6395,3.4840,3.6307,522265240
20190111 160000,3.6000,3.7437,3.5803,3.7208,874132960
20190112 160000,3.7233,3.7233,3.7175,3.7197,876000
20190114 160000,3.6688,3.7865,3.6443,3.7610,728801000
20190115 160000,3.7953,3.8337,3.7283,3.7468,616017560
20190116 160000,3.7725,3.8075,3.7154,3.7210,468989920
20190117 160000,3.6822,3.8333,3.6603,3.7930,491597440
20190118 160000,3.8450,3.9495,3.7913,3.9233,649310960
20190122 160000,3.8987,3.9045,3.6888,3.7193,664577240
20190123 160000,3.7750,3.8645,3.7008,3.7322,581166160
20190124 160000,3.8178,3.9638,3.8127,3.9460,703522560
20190125 160000,3.8875,4.0220,3.7825,4.0038,1230831720
20190126 160000,4.0025,4.0060,3.7193,4.0025,16798960
20190128 160000,3.4125,3.5410,3.2750,3.4502,2508964840
20190129 160000,3.4038,3.4525,3.2752,3.2900,1131771120
20190130 160000,3.3700,3.4493,3.2865,3.4347,968147480
20190131 160000,3.4315,3.6298,3.4096,3.5938,840109040
20190201 160000,3.6115,3.6697,3.5645,3.6182,623725600
20190202 160000,3.6195,3.6697,3.5648,3.6197,53512760
20190204 160000,3.6362,3.7670,3.6120,3.7295,527155920
20190205 160000,3.7443,3.7858,3.7075,3.7487,541404680
20190206 160000,3.7822,3.8900,3.7767,3.8250,702600640
20190207 160000,3.7797,3.7805,3.6422,3.6855,635525640
20190208 160000,3.6180,3.7150,3.6033,3.7042,460340680
20190209 160000,3.7020,3.7075,3.7013,3.7032,368000
20190211 160000,3.6597,3.7145,3.6125,3.6612,493222080
20190212 160000,3.6972,3.7950,3.6855,3.7792,588740080
20190213 160000,3.8083,3.8958,3.7953,3.8220,606790560
20190214 160000,3.8182,3.8916,3.7775,3.8632,780906760
20190215 160000,4.0750,4.0968,3.9105,3.9335,1515131160
20190219 160000,3.9208,3.9972,3.9035,3.9160,551276880
20190220 160000,3.9470,4.0315,3.9343,3.9638,528998840
20190221 160000,3.9765,4.0013,3.8795,3.8943,435743880
20190222 160000,3.9480,3.9987,3.9327,3.9798,400503360
20190225 160000,4.0640,4.1320,3.9585,3.9672,654815280
20190226 160000,3.9625,4.0190,3.8937,3.9275,487631920
20190227 160000,3.9130,3.9398,3.8278,3.8853,499620880
20190228 160000,3.8712,3.8975,3.8340,3.8565,323998560
20190301 160000,3.9105,3.9537,3.8480,3.9112,356984080
20190304 160000,3.9480,3.9730,3.8625,3.9195,410168840
20190305 160000,3.9078,3.9514,3.8490,3.9130,362024280
20190306 160000,3.9100,3.9125,3.7985,3.8013,374114040
20190307 160000,3.7750,3.7873,3.6850,3.7315,447224320
20190308 160000,3.6415,3.7767,3.6200,3.7660,408237600
20190311 160000,3.7890,4.0515,3.7422,4.0285,851754880
20190312 160000,4.0550,4.1098,3.9798,4.0630,576146960
20190313 160000,4.1007,4.2450,4.0932,4.2155,761380280
20190314 160000,4.2240,4.2367,4.1312,4.1390,517936880
20190315 160000,4.1883,4.2882,4.1790,4.2453,660168880
20190318 160000,4.2770,4.3312,4.1964,4.2237,483641560
20190319 160000,4.3217,4.4375,4.3020,4.3928,851437800
20190320 160000,4.4250,4.4757,4.3250,4.3600,716497080
20190321 160000,4.3803,4.6250,4.3782,4.5985,821629200
20190322 160000,4.5720,4.6200,4.4235,4.4375,745981280
20190325 160000,4.3974,4.4612,4.2778,4.3445,523336040
20190326 160000,4.4895,4.5438,4.3649,4.4218,699771360
20190327 160000,4.4478,4.4943,4.3425,4.4125,473310000
20190328 160000,4.4420,4.4975,4.3778,4.4313,450739960
20190329 160000,4.4975,4.5135,4.4478,4.4890,457463240
20190401 160000,4.5765,4.5875,4.5094,4.5570,480442680
20190402 160000,4.5775,4.6197,4.5380,4.5750,439288280
20190403 160000,4.6250,4.7750,4.6200,4.7155,783099640
20190404 160000,4.6950,4.7492,4.6433,4.7065,452480920
20190405 160000,4.7500,4.7912,4.7133,4.7737,480975920
20190408 160000,4.7425,4.8200,4.7188,4.7947,420975760
20190409 160000,4.7592,4.7722,4.6890,4.7315,435984240
20190410 160000,4.7307,4.8285,4.7263,4.8025,440352160
20190411 160000,4.8025,4.8368,4.7388,4.7885,373693120
20190412 160000,4.8250,4.8315,4.7415,4.7502,471049520
20190415 160000,4.7447,4.7475,4.5775,4.6175,439108240
20190416 160000,4.6555,4.7242,4.6241,4.7053,394074240
20190417 160000,4.7432,4.7615,4.6597,4.6822,315890520
20190418 160000,4.6855,4.7233,4.6295,4.6575,362617680
20190422 160000,4.6312,4.7275,4.6020,4.7118,279207800
20190423 160000,4.7225,4.7983,4.7153,4.7668,330833120
20190424 160000,4.7794,4.8202,4.7160,4.7792,309113160
20190425 160000,4.7382,4.7612,4.5925,4.6727,490865040
20190426 160000,4.5205,4.5222,4.3325,4.4523,863401600
20190429 160000,4.4625,4.5112,4.3875,4.4832,390537000
20190430 160000,4.4500,4.5507,4.4315,4.5250,360456080
20190501 160000,4.5833,4.6203,4.5115,4.5118,353478520
20190502 160000,4.5200,4.6218,4.4779,4.5797,392504760
20190503 160000,4.5925,4.5983,4.5133,4.5752,334096080
20190506 160000,4.3913,4.5085,4.3500,4.4962,418215800
20190507 160000,4.4425,4.4475,4.2792,4.3277,552085720
20190508 160000,4.3010,4.4287,4.2880,4.3480,408305440
20190509 160000,4.2795,4.2882,4.1350,4.2547,633356440
20190510 160000,4.2250,4.2897,4.1000,4.2205,565521240
20190513 160000,4.0915,4.1108,3.9453,3.9612,650667480
20190514 160000,4.0015,4.0865,3.9623,4.0510,506729680
20190515 160000,4.0062,4.0263,3.9352,3.9895,497779040
20190516 160000,3.9860,4.0476,3.9413,4.0047,714744200
20190517 160000,3.9625,4.0928,3.8735,3.9133,1014982560
20190520 160000,3.8138,3.8693,3.7687,3.7938,565004000
20190521 160000,3.8555,3.8925,3.8160,3.8765,360933720
20190522 160000,3.8325,3.8638,3.7940,3.8050,324873640
20190523 160000,3.7392,3.7422,3.6228,3.6830,546544480
20190524 160000,3.7000,3.7375,3.6220,3.6288,357478760
20190528 160000,3.6460,3.6795,3.5812,3.5833,424337800
20190529 160000,3.5335,3.5705,3.4735,3.5085,556282280
20190530 160000,3.5100,3.5437,3.4392,3.4778,392573000
20190531 160000,3.4200,3.4612,3.3847,3.3865,387969400
20190603 160000,3.4000,3.4367,3.3150,3.3445,477094280
20190604 160000,3.4112,3.5803,3.3867,3.5750,639073680
20190605 160000,3.6498,3.6547,3.4955,3.5320,508847880
20190606 160000,3.5365,3.6193,3.5337,3.5945,405150840
20190607 160000,3.6018,3.6720,3.5812,3.6375,345904960
20190610 160000,3.7010,3.7797,3.6940,3.7107,401901200
20190611 160000,3.7722,3.8090,3.7290,3.7687,382267240
20190612 160000,3.7250,3.7313,3.6398,3.6550,357513360
20190613 160000,3.6772,3.7250,3.6595,3.7065,306036000
20190614 160000,3.6175,3.6373,3.5709,3.6160,390412760
20190617 160000,3.6150,3.6630,3.5913,3.6258,275544200
20190618 160000,3.6862,3.8778,3.6765,3.8220,580302320
20190619 160000,3.8572,3.8689,3.8018,3.8280,328383800
20190620 160000,3.9235,3.9333,3.8379,3.8525,346490640
20190621 160000,3.8407,3.8870,3.7875,3.7940,434844480
20190624 160000,3.8180,3.8462,3.7680,3.8165,284162720
20190625 160000,3.8240,3.8970,3.7843,3.7870,309185320
20190626 160000,3.9170,4.0430,3.9022,3.9815,574486360
20190627 160000,4.0648,4.1000,4.0315,4.0808,440186920
20190628 160000,4.1250,4.1342,4.0587,4.1057,396809440
20190701 160000,4.3165,4.3487,4.1165,4.1542,708859560
20190702 160000,4.1380,4.1587,4.0425,4.0557,398409000
20190703 160000,4.0795,4.0850,4.0085,4.0687,246600920
20190705 160000,4.0077,4.0145,3.9420,4.0057,396037600
20190708 160000,3.9450,3.9647,3.9000,3.9303,329097560
20190709 160000,3.8873,3.9610,3.8750,3.9327,341965040
20190710 160000,3.9788,4.0592,3.9625,4.0015,451345560
20190711 160000,4.0750,4.1980,4.0375,4.1570,680869520
20190712 160000,4.1865,4.2618,4.1850,4.1903,503924720
20190715 160000,4.2065,4.2276,4.1532,4.1818,289073240
20190716 160000,4.1670,4.2043,4.1211,4.1770,341271040
20190717 160000,4.1750,4.2498,4.1494,4.2428,346940720
20190718 160000,4.2515,4.3178,4.1963,4.2545,441819760
20190719 160000,4.2947,4.2995,4.2050,4.2110,343440160
20190722 160000,4.2305,4.2960,4.2250,4.2830,300233360
20190723 160000,4.3258,4.3935,4.3068,4.3915,425951200
20190724 160000,4.4350,4.4722,4.3585,4.4665,364363480
20190725 160000,4.4242,4.4375,4.3110,4.3345,391182880
20190726 160000,4.3678,4.4238,4.3617,4.3767,273918680
20190729 160000,4.3625,4.3867,4.2818,4.3705,247846200
20190730 160000,4.3205,4.3985,4.3093,4.3862,196898040
20190731 160000,4.3548,4.3554,4.1755,4.2180,353386560
20190801 160000,4.2283,4.3195,4.0705,4.1230,418929280
20190802 160000,4.0285,4.0995,3.9820,4.0297,426849280
20190805 160000,3.8462,3.8462,3.7225,3.7697,584157240
20190806 160000,3.8462,3.8907,3.7608,3.8087,360134120
20190807 160000,3.7440,3.8593,3.7300,3.8472,368051920
20190808 160000,3.9060,3.9577,3.8475,3.9565,305079600
20190809 160000,3.9145,3.9188,3.8037,3.8545,339822920
20190812 160000,3.8007,3.8545,3.7642,3.7862,274182080
20190813 160000,3.7748,3.9475,3.7455,3.9013,356090160
20190814 160000,3.8200,3.8237,3.7078,3.7517,418099400
20190815 160000,3.7750,3.7908,3.6848,3.7193,517373360
20190816 160000,3.9862,4.0385,3.9220,3.9890,1009977840
20190819 160000,4.1050,4.2855,4.0868,4.2773,807192800
20190820 160000,4.2625,4.2645,4.1755,4.1967,487228040
20190821 160000,4.2648,4.3362,4.2415,4.2807,426929000
20190822 160000,4.2882,4.3333,4.2476,4.2870,303193600
20190823 160000,4.2100,4.2648,4.0410,4.0610,566696040
20190826 160000,4.1425,4.1645,4.0977,4.1362,315301480
20190827 160000,4.1760,4.1775,4.0155,4.0450,288693960
20190828 160000,4.0125,4.0835,3.9750,4.0305,544940760
20190829 160000,4.1248,4.2075,4.1190,4.1750,355882640
20190830 160000,4.2230,4.2715,4.1695,4.1877,288487440
20190903 160000,4.1130,4.1478,4.0813,4.1042,293765200
20190904 160000,4.1660,4.2265,4.1653,4.2190,227136920
20190905 160000,4.3232,4.4998,4.3200,4.4350,693886560
20190906 160000,4.4750,4.5273,4.4280,4.4663,375725280
20190909 160000,4.4998,4.5995,4.4960,4.5125,414498200
20190910 160000,4.4775,4.6063,4.4697,4.5795,350554600
20190911 160000,4.5940,4.6568,4.5650,4.6082,358811240
20190912 160000,4.6505,4.7100,4.5987,4.6067,323615240
20190913 160000,4.5375,4.5770,4.5045,4.5485,323242000
20190916 160000,4.4783,4.5400,4.4625,4.5053,230001360
20190917 160000,4.5068,4.5309,4.4653,4.5267,227334680
20190918 160000,4.5187,4.5355,4.4125,4.4995,261643400
20190919 160000,4.5000,4.5240,4.4128,4.4235,255006440
20190920 160000,4.4212,4.4463,4.3070,4.3172,354947040
20190923 160000,4.3175,4.4167,4.3138,4.3710,250319560
20190924 160000,4.4025,4.4322,4.2775,4.3133,321119080
20190925 160000,4.3127,4.4755,4.2678,4.4558,310310040
20190926 160000,4.4460,4.4547,4.3822,4.4335,233370800
20190927 160000,4.3925,4.4425,4.2330,4.2940,362621600
20190930 160000,4.3182,4.3620,4.2885,4.3518,192310920
20191001 160000,4.3750,4.5250,4.3453,4.3500,364126320
20191002 160000,4.3182,4.3400,4.2532,4.3260,291620280
20191003 160000,4.3353,4.5390,4.3000,4.5328,455084800
20191004 160000,4.5285,4.5788,4.4695,4.5492,265847520
20191007 160000,4.6150,4.7085,4.6057,4.6082,485245080
20191008 160000,4.5090,4.5185,4.4125,4.4307,443427600
20191009 160000,4.5085,4.5675,4.4790,4.5178,302615720
20191010 160000,4.5155,4.6270,4.5103,4.5758,317848640
20191011 160000,4.6602,4.7335,4.6413,4.6498,446734520
20191014 160000,4.6392,4.6843,4.6096,4.6632,208056960
20191015 160000,4.7500,4.9822,4.7400,4.9093,666069360
20191016 160000,4.8750,4.9805,4.8438,4.8552,430616720
20191017 160000,4.9000,4.9454,4.8025,4.8572,263351600
20191018 160000,4.8578,4.8905,4.6875,4.7622,306377360
20191021 160000,4.8250,4.9138,4.8050,4.9002,265613880
20191022 160000,4.9575,5.0633,4.8825,4.8902,335254120
20191023 160000,4.8087,4.8915,4.7758,4.8773,281106040
20191024 160000,4.9212,4.9553,4.8845,4.9215,234259200
20191025 160000,4.9992,5.1345,4.9947,5.1135,417543360
20191028 160000,5.1545,5.2225,5.1279,5.1697,329586200
20191029 160000,5.1500,5.1623,5.0535,5.0730,205738600
20191030 160000,5.1002,5.1057,5.0065,5.0750,204353320
20191031 160000,5.0597,5.0750,4.9452,5.0255,208251680
20191101 160000,5.0040,5.0972,4.9648,5.0648,275734240
20191104 160000,5.1500,5.2750,5.1230,5.2625,374014520
20191105 160000,5.2622,5.2885,5.1920,5.2403,300006760
20191106 160000,5.2235,5.2417,5.1028,5.1907,267873600
20191107 160000,5.2627,5.2925,5.1635,5.2085,278397000
20191108 160000,5.1915,5.2263,5.1538,5.1945,188524160
20191111 160000,5.1880,5.2278,5.1070,5.2045,236226800
20191112 160000,5.2438,5.2965,5.2077,5.2403,276111120
20191113 160000,5.2097,5.2365,5.1475,5.2142,301050280
20191114 160000,5.2233,5.2470,5.1629,5.2447,507809080
20191115 160000,5.2425,5.2945,5.0159,5.1048,1051139600
20191118 160000,5.0940,5.3338,5.0943,5.3070,574289640
20191119 160000,5.2792,5.2995,5.1413,5.1997,411384920
20191120 160000,5.1765,5.3638,5.1641,5.2795,471698600
20191121 160000,5.2750,5.3310,5.2328,5.2545,287831040
20191122 160000,5.2780,5.3241,5.2485,5.2722,223734680
20191125 160000,5.4035,5.5352,5.3880,5.5303,506253240
20191126 160000,5.5125,5.5172,5.4185,5.4250,385100320
20191127 160000,5.4648,5.5013,5.4295,5.4560,214081240
20191129 160000,5.4268,5.4535,5.3945,5.4185,141541600
20191202 160000,5.4115,5.4250,5.2160,5.2313,371577640
20191203 160000,5.0468,5.1955,5.0092,5.1915,472072800
20191204 160000,5.2755,5.2980,5.2068,5.2355,273325000
20191205 160000,5.2575,5.2732,5.1877,5.2185,181682280
20191206 160000,5.2880,5.3373,5.2780,5.3042,228803560
20191209 160000,5.2803,5.3593,5.2725,5.3042,211737400
20191210 160000,5.3345,5.4015,5.2815,5.3495,256279560
20191211 160000,5.3605,5.4390,5.3575,5.4335,233695000
20191212 160000,5.4045,5.6200,5.3955,5.6018,402698600
20191213 160000,5.6063,5.7245,5.5455,5.5998,454645160
20191216 160000,5.6475,5.7016,5.6193,5.6288,320582120
20191217 160000,5.6557,5.7300,5.6380,5.7073,321025240
20191218 160000,5.7400,5.7985,5.7337,5.7378,338832800
20191219 160000,5.7708,5.9000,5.7675,5.8865,445054240
20191220 160000,5.9625,6.0097,5.9339,5.9843,602893120
20191223 160000,6.0130,6.0453,5.9597,5.9705,354942360
20191224 160000,5.9527,5.9828,5.9205,5.9655,138863880
20191226 160000,5.9690,6.0080,5.9500,5.9798,182793120
20191227 160000,5.9903,6.0085,5.8952,5.9218,254069360
20191230 160000,5.8960,5.9050,5.7765,5.8080,257931640
20191231 160000,5.7625,5.8919,5.7532,5.8825,230842800
20200102 160000,5.9712,5.9977,5.9180,5.9977,236942320
20200103 160000,5.8750,5.9458,5.8525,5.9017,205195520
20200106 160000,5.8090,5.9318,5.7818,5.9265,255804560
20200107 160000,5.9550,6.0442,5.2622,5.9983,313733680
20200108 160000,5.9940,6.0510,5.9537,6.0095,276942280
20200109 160000,6.0888,6.1482,6.0214,6.0755,254994880
20200110 160000,6.1870,6.2138,6.0938,6.1080,316228560
20200113 160000,6.1915,6.3247,6.1688,6.2995,311262280
20200114 160000,6.2627,6.2820,6.1688,6.1820,358812200
20200115 160000,6.1947,6.2172,6.1132,6.1392,262701000
20200116 160000,6.1907,6.2292,6.1694,6.2233,283231880
20200117 160000,6.2430,6.2500,6.1843,6.2320,253583320
20200121 160000,6.1920,6.2322,6.1643,6.1985,217799880
20200122 160000,6.2440,6.3398,6.2250,6.2513,238893880
20200123 160000,6.2970,6.3300,6.2038,6.3215,243146800
20200124 160000,6.4467,6.4875,6.2075,6.2620,373140160
20200127 160000,5.9750,6.0563,5.8057,6.0050,469028960
20200128 160000,6.0713,6.2317,6.0179,6.1993,309504480
20200129 160000,6.1820,6.2210,6.0985,6.1385,257523000
20200130 160000,6.0417,6.1587,5.9850,6.1452,289869440
20200131 160000,6.0992,6.1113,5.8688,5.9108,369712120
20200203 160000,5.8925,6.0278,5.8862,6.0083,255305560
20200204 160000,6.1508,6.1975,6.1005,6.1783,270836520
20200205 160000,6.2970,6.3100,6.1852,6.2690,207982720
20200206 160000,6.3035,6.3563,6.2220,6.3561,217689800
20200207 160000,6.3160,6.3383,6.2643,6.2897,189391640
20200210 160000,6.3125,6.5750,6.3075,6.5743,528259720
20200211 160000,6.6832,6.8125,6.6207,6.6972,636906920
20200212 160000,6.7500,6.8200,6.7112,6.8135,370307280
20200213 160000,6.7552,6.8370,6.7278,6.7695,501075520
20200214 160000,7.1800,7.3743,7.1500,7.2448,1041030280
20200218 160000,7.1387,7.4328,7.1215,7.4143,619415720
20200219 160000,7.5373,7.8853,7.5371,7.8675,689716800
20200220 160000,7.8162,7.9080,7.4088,7.7175,808341200
20200221 160000,7.6155,7.6300,7.2665,7.3518,767628000
20200224 160000,6.7522,7.0468,6.7000,6.8320,850289480
20200225 160000,6.9127,6.9698,6.4490,6.5513,1052028560
20200226 160000,6.5528,6.8862,6.5500,6.6912,747243760
20200227 160000,6.3665,6.6750,6.2222,6.3150,901240680
20200228 160000,6.0488,6.8115,6.0447,6.7517,1131479880
20200302 160000,6.9253,6.9397,6.5250,6.9108,888831960
20200303 160000,6.9700,7.0267,6.5615,6.6472,648759040
20200304 160000,6.7577,7.1222,6.6800,7.1128,593214920
20200305 160000,6.9050,7.0800,6.7875,6.8323,538432040
20200306 160000,6.6520,6.7097,6.4500,6.6510,514940200
20200309 160000,5.9975,6.4850,5.9545,6.1360,607192840
20200310 160000,6.4075,6.5270,6.1498,6.5270,578889240
20200311 160000,6.3975,6.4150,6.0642,6.1617,498041920
20200312 160000,5.6250,5.9030,5.3950,5.4078,809961680
20200313 160000,5.7545,6.0255,5.4903,6.0210,631828880
20200316 160000,5.2257,5.6525,4.8500,4.9100,722110040
20200317 160000,5.0180,5.5215,4.7750,5.4318,824794920
20200318 160000,5.0000,5.2485,4.5170,5.0705,867880160
20200319 160000,5.0490,5.4182,4.8347,5.3243,763033440
20200320 160000,5.4958,5.7580,5.1282,5.1437,803424200
20200323 160000,5.1627,5.4120,4.9630,5.3172,641055280
20200324 160000,5.7012,6.3165,5.7012,6.2295,1097013480
20200325 160000,6.3383,6.5455,6.0915,6.1405,790696040
20200326 160000,6.3250,6.5555,6.2500,6.4310,695499400
20200327 160000,6.2502,6.5779,6.2170,6.3182,637737040
20200330 160000,6.3937,6.6490,6.3398,6.6397,597148560
20200331 160000,6.6768,6.8850,6.4437,6.5900,947994800
20200401 160000,6.3913,6.5382,6.0320,6.0767,654594520
20200402 160000,6.1052,6.4000,6.0578,6.3868,673583200
20200403 160000,6.3490,6.3907,5.9597,6.0977,662289000
20200406 160000,6.3875,6.7470,6.3232,6.7100,723928880
20200407 160000,6.9325,6.9562,6.4325,6.4757,782341080
20200408 160000,6.5853,6.6987,6.5150,6.6738,540336720
20200409 160000,6.7995,6.8230,6.5105,6.5737,521022960
20200413 160000,6.5122,6.7550,6.4250,6.7463,396958920
20200414 160000,6.8750,7.1330,6.8472,7.0987,527628200
20200415 160000,6.9263,7.1042,6.8845,7.0210,364920480
20200416 160000,7.1873,7.4750,7.1638,7.3675,737805800
20200417 160000,7.4500,7.4715,7.1735,7.3080,537685560
20200420 160000,7.1750,7.3375,7.1317,7.1763,448186680
20200421 160000,7.0578,7.1192,6.6778,6.7378,732679080
20200422 160000,6.9505,7.1967,6.8850,7.1537,483105360
20200423 160000,7.1903,7.3284,7.0750,7.1002,420697800
20200424 160000,7.0900,7.2418,7.0150,7.2397,352140760
20200427 160000,7.3750,7.5875,7.3500,7.4270,475794520
20200428 160000,7.5757,7.6050,7.2785,7.2840,440599200
20200429 160000,7.4218,7.5145,7.3438,7.4615,377713880
20200430 160000,7.4078,7.4615,7.2930,7.3070,374302240
20200501 160000,7.1048,7.2225,7.0211,7.0695,341461960
20200504 160000,7.0243,7.2960,7.0220,7.2821,316007720
20200505 160000,7.3865,7.5067,7.2823,7.3435,367942560
20200506 160000,7.4245,7.5500,7.3853,7.4448,322184280
20200507 160000,7.5965,7.6853,7.5331,7.6218,372020720
20200508 160000,7.7123,7.8187,7.6597,7.8125,338507120
20200511 160000,7.8075,8.1125,7.7787,8.0655,467648920
20200512 160000,8.1222,8.1725,7.7927,7.8025,490587280
20200513 160000,7.9168,8.0785,7.5948,7.7800,621379360
20200514 160000,7.8688,8.0360,7.6875,8.0305,600282520
20200515 160000,7.8982,8.5005,7.8740,8.4908,985608000
20200518 160000,8.7573,8.9165,8.6805,8.7502,774180120
20200519 160000,8.7755,9.0875,8.7628,8.8055,714839760
20200520 160000,8.9985,9.0430,8.8887,8.9700,582955160
20200521 160000,9.0475,9.0524,8.7375,8.7752,739296200
20200522 160000,8.8200,9.0930,8.7132,9.0263,1036787760
20200526 160000,9.1567,9.1817,8.6720,8.7177,769616960
20200527 160000,8.6092,8.6327,7.9968,8.5252,1171656280
20200528 160000,8.4010,8.7605,8.3793,8.4870,734014800
20200529 160000,8.5545,8.8755,8.4850,8.8755,735528880
20200601 160000,8.8332,8.8407,8.6895,8.8063,389680320
20200602 160000,8.7880,8.8373,8.6580,8.8253,390573000
20200603 160000,8.8313,8.8662,8.7000,8.7695,364580720
20200604 160000,8.7065,8.9433,8.6775,8.7665,423688800
20200605 160000,8.7840,8.9970,8.7080,8.9200,481265560
20200608 160000,8.8750,8.8896,8.6858,8.8050,386570800
20200609 160000,8.8000,9.1097,8.7513,9.0460,467202720
20200610 160000,9.1690,9.5000,9.1535,9.3667,629858720
20200611 160000,9.1500,9.2613,8.7860,8.7963,581024040
20200612 160000,9.1677,9.1873,8.7033,8.9325,569777760
20200615 160000,8.8157,9.1822,8.7438,9.1738,397986360
20200616 160000,9.2250,9.2668,8.8388,9.0685,534570000
20200617 160000,9.1137,9.2990,9.0702,9.2360,407330400
20200618 160000,9.2365,9.2825,9.1145,9.2180,248507160
20200619 160000,9.2640,9.4450,9.2273,9.2613,523667320
20200622 160000,9.3075,9.5313,9.2733,9.5267,397111600
20200623 160000,9.5500,9.6425,9.4075,9.4500,374104640
20200624 160000,9.4800,9.5564,9.1445,9.2355,448436120
20200625 160000,9.3558,9.5050,9.1822,9.4900,374767600
20200626 160000,9.5000,9.5000,9.1250,9.1550,591097040
20200629 160000,9.1660,9.2045,8.9000,9.2000,340493720
20200630 160000,9.3145,9.5263,9.2665,9.4977,366988400
20200701 160000,9.5207,9.5757,9.4130,9.5300,326195440
20200702 160000,9.6390,9.7375,9.5783,9.6122,363681240
20200706 160000,9.7250,9.9088,9.7125,9.8392,313904960
20200707 160000,9.9500,10.0700,9.8507,9.8718,356320120
20200708 160000,10.0000,10.2250,9.9655,10.2160,363963800
20200709 160000,10.3815,10.5700,10.2335,10.5090,493705760
20200710 160000,10.5832,10.6552,10.3788,10.4793,497107120
20200713 160000,10.6000,10.7922,10.0250,10.0522,453653560
20200714 160000,10.0780,10.4028,9.7855,10.3770,539050080
20200715 160000,10.4250,10.4330,10.0557,10.2272,401700520
20200716 160000,10.0150,10.2067,9.8955,10.1348,344387040
20200717 160000,10.2255,10.2485,10.0878,10.2015,266032120
20200720 160000,10.2607,10.5313,10.1567,10.5107,284246040
20200721 160000,10.5252,10.5599,10.2868,10.3285,276904480
20200722 160000,10.3673,10.6025,10.2916,10.4388,365803680
20200723 160000,10.4698,10.5470,10.0313,10.1297,408214600
20200724 160000,9.8750,10.3647,9.7770,10.1945,472354960
20200727 160000,10.2330,10.4418,10.2177,10.4215,291311360
20200728 160000,10.3740,10.3820,10.2093,10.2155,270160800
20200729 160000,10.3890,10.5162,10.3470,10.4655,283702920
20200730 160000,10.3750,10.6230,10.2952,10.6140,306115720
20200731 160000,10.5738,10.7665,10.4330,10.6147,385711960
20200803 160000,10.7574,11.0987,10.7153,11.0103,411221840
20200804 160000,11.0500,11.2278,10.9060,11.2278,309663640
20200805 160000,11.2500,11.3717,11.1662,11.2868,249519440
20200806 160000,11.3498,11.3580,11.1787,11.3355,243849840
20200807 160000,11.3268,11.5047,11.0375,11.1995,342018720
20200810 160000,11.3400,11.4082,10.8565,11.1650,427313080
20200811 160000,11.0485,11.1368,10.7957,10.8500,353097040
20200812 160000,10.9908,11.4670,10.9582,11.4403,463691680
20200813 160000,11.5375,11.7218,11.3558,11.4430,372175480
20200814 160000,11.5300,11.7048,11.4405,11.5640,364888440
20200817 160000,11.8565,12.4097,11.8172,12.3370,617800720
20200818 160000,12.4448,12.4960,12.0862,12.2607,500548680
20200819 160000,12.2957,12.3150,12.0980,12.1385,587253520
20200820 160000,11.9750,12.3750,11.8788,12.1410,917657480
20200821 160000,12.2272,12.8087,12.1952,12.6835,998159200
20200824 160000,12.8942,12.9125,12.5075,12.7203,489331200
20200825 160000,12.6650,12.7613,12.5738,12.7500,287908320
20200826 160000,12.7910,12.8685,12.6777,12.7730,320186240
20200827 160000,12.8000,12.8500,12.5664,12.6282,315476200
20200828 160000,12.6453,13.1480,12.6425,13.1477,535584520
20200831 160000,13.1937,13.5750,13.0377,13.3745,495904240
20200901 160000,13.5000,13.9938,13.4365,13.8210,510858320
20200902 160000,14.7162,14.7267,13.9000,14.3465,867532320
20200903 160000,13.8000,13.8845,12.8788,13.0155,927544360
20200904 160000,12.7363,13.1750,11.7048,12.6225,1461986120
20200908 160000,11.7142,12.5500,11.7043,11.9130,791286560
20200909 160000,12.4073,12.8093,12.2317,12.7150,733003320
20200910 160000,13.0000,13.0653,12.1670,12.3117,696228400
20200911 160000,12.5000,12.6525,11.8957,12.1645,636275640
20200914 160000,13.0903,13.3150,12.6311,12.8722,1197573640
20200915 160000,13.2798,13.2988,12.8277,12.9910,724940960
20200916 160000,12.9722,13.0928,12.5137,12.5145,555879200
20200917 160000,12.1325,12.5897,12.0347,12.4635,790595200
20200918 160000,12.5940,12.6325,11.9887,12.1892,696958080
20200921 160000,11.9495,12.5225,11.9045,12.5173,718402320
20200922 160000,12.5557,12.6480,12.1555,12.6378,644422200
20200923 160000,12.5800,12.7270,12.0793,12.1237,644458600
20200924 160000,12.0560,12.5695,12.0140,12.3480,728533640
20200925 160000,12.4668,12.8835,12.2457,12.8738,586815200
20200928 160000,13.0250,13.0518,12.7500,13.0350,571616640
20200929 160000,12.9413,13.4428,12.9333,13.2257,621210240
20200930 160000,13.1563,13.6225,13.1502,13.5305,686936720
20201001 160000,13.7500,13.7627,13.4608,13.6145,523411720
20201002 160000,13.2192,13.5195,13.0510,13.0623,549826320
20201005 160000,13.2553,13.6442,13.2228,13.6425,477555400
20201006 160000,13.8262,14.1420,13.6650,13.7365,781885120
20201007 160000,14.0148,14.1192,13.8635,13.9640,416326120
20201008 160000,14.0725,14.0845,13.7580,13.8387,377082360
20201009 160000,13.7585,13.8243,13.6607,13.7628,346157040
20201012 160000,13.9795,14.3470,13.9125,14.2260,433585160
20201013 160000,14.2850,14.3485,14.0186,14.2482,343929760
20201014 160000,14.2907,14.3428,13.9600,14.0952,275670160
20201015 160000,13.8250,14.0058,13.7678,13.9700,266247400
20201016 160000,14.0683,14.1215,13.7925,13.8115,242034360
20201019 160000,13.9000,13.9835,13.4067,13.4977,296716280
20201020 160000,13.5760,13.7997,13.5070,13.6455,225805760
20201021 160000,13.6115,13.7915,13.4775,13.5248,218798960
20201022 160000,13.5250,13.6118,13.2317,13.3610,289633680
20201023 160000,13.4377,13.5933,13.2912,13.5903,233002480
20201026 160000,13.4270,13.6928,13.0385,13.1412,336281280
20201027 160000,13.3060,13.4420,13.1915,13.3968,249553800
20201028 160000,13.1980,13.2600,12.6090,12.6270,374925440
20201029 160000,12.8385,13.1928,12.7500,13.0240,318698600
20201030 160000,12.8403,12.9364,12.3000,12.5340,416537040
20201102 160000,12.6427,12.8367,12.3950,12.5808,298921240
20201103 160000,12.7073,13.1050,12.6028,13.0195,271850640
20201104 160000,13.3893,13.8275,13.3369,13.7942,408784640
20201105 160000,14.1715,14.3390,13.9910,14.1600,317135760
20201106 160000,14.0935,14.5887,13.8950,14.5620,382145360
20201109 160000,14.5363,14.6915,13.6107,13.6308,580786320
20201110 160000,13.5565,13.6065,12.6282,12.7700,640825760
20201111 160000,13.0537,13.4349,12.9482,13.4180,403622280
20201112 160000,13.4795,13.7660,13.3160,13.4567,365149960
20201113 160000,13.6300,13.6687,13.0593,13.2970,345886520
20201116 160000,13.1725,13.6495,13.1560,13.5152,411858880
20201117 160000,13.5525,13.5963,13.3039,13.4223,309925440
20201118 160000,13.4750,13.6058,13.1850,13.4287,459694040
20201119 160000,13.2145,13.4875,13.1000,13.4403,563020520
20201120 160000,13.4750,13.4945,13.0650,13.0877,337987040
20201123 160000,13.1692,13.3825,13.0155,13.1400,360256000
20201124 160000,13.1425,13.1620,12.8850,12.9577,345147080
20201125 160000,13.0500,13.2694,13.0200,13.2348,259133760
20201127 160000,13.3750,13.4075,13.1705,13.2613,167263520
20201130 160000,13.2750,13.4125,12.9724,13.4015,285345320
20201201 160000,13.5000,13.5287,13.2282,13.3900,296676320
20201202 160000,13.3560,13.6734,13.2342,13.5445,282653920
20201203 160000,13.5795,13.6600,13.3290,13.3960,198842000
20201204 160000,13.4485,13.5600,13.3887,13.5583,201723200
20201207 160000,13.6025,13.7312,13.5000,13.6067,222865160
20201208 160000,13.5850,13.5988,13.2815,13.3500,268075720
20201209 160000,13.3012,13.4140,12.8682,12.9307,400228160
20201210 160000,12.8750,13.0687,12.8494,12.9722,207314520
20201211 160000,12.9750,13.0200,12.8230,13.0132,209020120
20201214 160000,13.0783,13.3887,13.0775,13.3087,267392920
20201215 160000,13.4473,13.4640,13.1867,13.3605,190077720
20201216 160000,13.4373,13.4373,13.2125,13.2425,217838400
20201217 160000,13.3667,13.3795,13.1785,13.3412,230832360
20201218 160000,13.3790,13.4050,13.0705,13.2720,338306720
20201221 160000,13.0928,13.3700,12.9675,13.3322,301696800
20201222 160000,13.3193,13.3372,13.0539,13.2782,185229280
20201223 160000,13.2595,13.2750,13.0050,13.0092,178478800
20201224 160000,13.0373,13.1325,12.9387,12.9938,97873280
20201228 160000,13.0553,13.0625,12.7632,12.9000,212256680
20201229 160000,12.9200,13.0725,12.8423,12.9433,169873000
20201230 160000,12.9975,13.2137,12.8968,13.1458,223714600
20201231 160000,13.1365,13.1511,12.9150,13.0550,192129120
20210104 160000,13.0910,13.6525,12.9625,13.1135,559618120
20210105 160000,13.0998,13.4435,13.0870,13.4048,321276080
20210106 160000,13.2442,13.2450,12.5860,12.6145,577533800
20210107 160000,12.9750,13.3778,12.8865,13.3440,458230640
20210108 160000,13.3580,13.4210,13.0420,13.2768,291755760
20210111 160000,13.4185,13.9610,13.3625,13.6215,516231000
20210112 160000,13.7525,13.7545,13.3450,13.4848,287108680
20210113 160000,13.4805,13.6250,13.3850,13.5317,208875560
20210114 160000,13.5750,13.5998,13.1805,13.2003,281789080
20210115 160000,13.2308,13.3253,12.8485,12.8595,276955880
20210119 160000,13.0162,13.0940,12.8440,13.0252,224223560
20210120 160000,13.1182,13.4305,13.0567,13.3658,257356000
20210121 160000,13.4162,13.9994,13.2530,13.8675,336184160
20210122 160000,13.7500,13.8417,13.6273,13.7125,246128160
20210125 160000,13.7863,13.8285,13.2365,13.6532,250335240
20210126 160000,13.5755,13.6447,13.3875,13.4352,162860640
20210127 160000,13.2327,13.2327,12.7937,12.9178,369310720
20210128 160000,12.9962,13.3398,12.9605,13.0510,227112160
20210129 160000,13.0747,13.3347,12.9115,12.9898,270975920
20210201 160000,13.0650,13.2708,12.9028,13.2370,216234200
20210202 160000,13.3988,13.5720,13.2855,13.5567,219540120
20210203 160000,13.6500,13.9317,13.5165,13.5305,244773280
20210204 160000,13.5310,13.6735,13.3379,13.6643,200845200
20210205 160000,13.7248,13.7372,13.5458,13.5910,168203680
20210208 160000,13.7505,14.4738,13.7272,14.4387,432482960
20210209 160000,14.3553,14.5833,14.2225,14.2632,286926280
20210210 160000,14.4810,14.9050,14.3414,14.7643,483598320
20210211 160000,14.9998,15.2722,14.9250,15.2508,448339680
20210212 160000,15.0357,15.2911,14.7750,14.9613,373326960
20210216 160000,15.0643,15.3725,14.9500,15.3303,321233960
20210217 160000,15.1695,15.2235,14.7800,14.9060,274517680
20210218 160000,14.7290,14.8732,14.5750,14.8290,233592480
20210219 160000,15.0102,15.1770,14.8467,14.9265,269575280
20210222 160000,14.7748,15.1333,14.3250,14.3558,323812880
20210223 160000,14.0708,14.2387,13.3895,14.1420,389912600
20210224 160000,14.1227,14.5068,13.7560,14.4990,414488080
20210225 160000,14.0500,14.3748,13.2162,13.3075,813378680
20210226 160000,13.7815,13.8545,13.3610,13.7145,499813040
20210301 160000,13.8762,13.9250,13.5532,13.8417,351824880
20210302 160000,13.9205,13.9205,13.3960,13.4063,262929560
20210303 160000,13.4503,13.4515,12.7988,12.8048,375788880
20210304 160000,12.8000,12.9750,12.0838,12.3703,569491960
20210305 160000,12.5500,12.5500,11.6792,12.4615,541566120
20210308 160000,12.4615,12.4713,11.5665,11.5933,539194040
20210309 160000,12.0700,12.6167,12.0593,12.5203,520122360
20210310 160000,12.8405,12.9800,12.4575,12.4683,383884120
20210311 160000,12.9607,13.0463,12.7345,12.9935,299146400
20210312 160000,12.6483,12.8887,12.5900,12.8560,243587000
20210315 160000,12.8648,13.2067,12.7671,13.1913,221791760
20210316 160000,13.3882,13.5125,13.1167,13.2912,271018120
20210317 160000,13.0500,13.4533,12.9895,13.3412,243299840
20210318 160000,13.1162,13.1840,12.7170,12.7225,293672160
20210319 160000,12.7780,12.9215,12.6125,12.8458,295288040
20210322 160000,12.9067,13.3945,12.9067,13.1863,292840600
20210323 160000,13.2545,13.3445,13.0213,13.0708,221448840
20210324 160000,13.1512,13.1591,12.6368,12.6430,244980040
20210325 160000,12.5000,12.7147,12.2720,12.5353,294461360
20210326 160000,12.5545,12.8562,12.3735,12.8393,362693720
20210329 160000,12.8202,13.0625,12.7000,12.9482,273190240
20210330 160000,12.8137,12.9752,12.7050,12.8718,199881400
20210331 160000,13.0095,13.4705,12.9825,13.3482,312454560
20210401 160000,13.5743,13.8700,13.5113,13.8117,304271840
20210405 160000,13.8675,14.0140,13.7330,13.9875,255078480
20210406 160000,14.0000,14.0541,13.7736,13.8615,190187720
20210407 160000,13.8740,14.2435,13.7115,14.1435,250515400
20210408 160000,14.2713,14.4715,14.2489,14.3170,243782400
20210409 160000,14.2500,14.4080,14.1750,14.4000,193934000
20210412 160000,14.2898,15.3525,14.1393,15.2090,865243160
20210413 160000,15.2382,15.7000,15.1258,15.6795,674303000
20210414 160000,15.6250,15.7205,15.2275,15.2770,384642400
20210415 160000,15.6675,16.2142,15.6315,16.1373,597018720
20210416 160000,16.0995,16.1657,15.8652,15.9125,334442600
20210419 160000,15.5250,15.8075,15.2330,15.3618,403839960
20210420 160000,15.3232,15.4970,14.9630,15.1713,333439920
20210421 160000,15.1188,15.3625,15.1023,15.3605,211741280
20210422 160000,15.3750,15.4386,14.7835,14.8502,275935920
20210423 160000,14.9407,15.3349,14.9002,15.2652,228108840
20210426 160000,15.1757,15.4790,15.1250,15.4780,197453520
20210427 160000,15.5808,15.6705,15.3545,15.3818,164267680
20210428 160000,15.3645,15.5322,15.2155,15.2768,197799440
20210429 160000,15.4000,15.4365,15.0715,15.3247,172641440
20210430 160000,15.1613,15.3650,14.9970,15.0095,201145800
20210503 160000,15.1372,15.2468,14.7875,14.8368,203479480
20210504 160000,14.6278,14.6375,14.0103,14.3512,403817960
20210505 160000,14.7218,14.8135,14.3875,14.4585,291060120
20210506 160000,14.4952,14.5713,14.2181,14.5230,192612200
20210507 160000,14.8360,14.9708,14.6717,14.8123,229151480
20210510 160000,14.7870,14.8060,14.2500,14.2658,267902840
20210511 160000,13.8133,14.3548,13.7500,14.3063,285304160
20210512 160000,14.0105,14.2602,13.7093,13.7585,301899040
20210513 160000,14.0338,14.0808,13.4590,13.6653,284884280
20210514 160000,13.8900,14.3281,13.7485,14.2430,258018160
20210517 160000,14.1602,14.1692,13.8535,14.1655,216462720
20210518 160000,14.2670,14.4042,14.0040,14.0158,185382480
20210519 160000,13.5747,14.0795,13.5433,14.0657,340382000
20210520 160000,14.3025,14.6838,14.2705,14.6125,320679360
20210521 160000,15.1445,15.2220,14.8694,14.9917,671045360
20210524 160000,15.2025,15.7450,15.1760,15.6120,552967120
20210525 160000,15.7565,15.8185,15.4825,15.6477,431924440
20210526 160000,15.7342,15.7937,15.5863,15.7000,357709560
20210527 160000,15.7000,15.7500,15.4600,15.4880,578011000
20210528 160000,15.5135,16.2775,15.5010,16.2445,643198880
20210601 160000,16.2750,16.3881,15.9032,16.2645,471571920
20210602 160000,16.2605,16.9189,16.2355,16.7782,591920600
20210603 160000,16.7007,17.2590,16.5830,16.9697,579086680
20210604 160000,17.1245,17.6610,17.0955,17.5783,616112240
20210607 160000,17.5600,17.8125,17.1928,17.6190,574744920
20210608 160000,17.5250,17.6216,17.2510,17.4570,321854320
20210609 160000,17.5282,17.5750,17.2557,17.3583,379985600
20210610 160000,17.3502,17.4920,17.1760,17.4250,287461120
20210611 160000,17.4795,17.9392,17.4438,17.8253,415519520
20210614 160000,17.9060,18.0395,17.6628,18.0188,320523560
20210615 160000,17.9243,18.0162,17.7279,17.7885,242549120
20210616 160000,17.7937,17.9547,17.5844,17.8102,306159360
20210617 160000,17.7750,18.8350,17.7563,18.6572,806696960
20210618 160000,18.8057,19.3750,18.5840,18.6387,966271680
20210621 160000,18.4413,18.5365,17.8226,18.4273,671089200
20210622 160000,18.4757,18.9637,18.3859,18.8867,578928880
20210623 160000,19.0012,19.1528,18.9078,19.0572,331302280
20210624 160000,19.2423,19.4200,19.0882,19.2055,319670760
20210625 160000,19.2850,19.3455,18.8944,19.0310,277811480
20210628 160000,19.3560,20.0787,19.3190,19.9850,493767000
20210629 160000,19.8963,20.0988,19.6569,20.0267,365276200
20210630 160000,19.9991,20.1625,19.8637,20.0025,326008280
20210701 160000,20.1250,20.4560,20.0190,20.2120,479610120
20210702 160000,20.4333,20.5053,20.2877,20.4870,342354680
20210706 160000,20.7465,20.8420,20.3502,20.6985,444757760
20210707 160000,20.8500,20.8750,20.3321,20.3717,417753800
20210708 160000,19.8417,20.1330,19.7007,19.9028,502686240
20210709 160000,19.9672,20.0801,19.7542,20.0502,296146560
20210712 160000,20.2500,20.5328,20.1878,20.5125,321188720
20210713 160000,20.4005,20.4612,20.1140,20.2500,289985200
20210714 160000,20.3545,20.4178,19.7527,19.8415,379469640
20210715 160000,19.8092,19.8470,18.8585,18.9662,548988200
20210716 160000,19.0213,19.1571,18.0730,18.1610,685479560
20210719 160000,17.8950,19.0420,17.8655,18.7797,745661360
20210720 160000,18.7390,18.8380,18.1640,18.6120,434040670
20210721 160000,18.8830,19.5270,18.7420,19.4100,370077240
20210722 160000,19.6450,19.8870,19.2760,19.5940,322956810
20210723 160000,19.6620,19.7000,19.2500,19.5580,195195810
20210726 160000,19.3120,19.4420,18.9140,19.2940,203400830
20210727 160000,19.2650,19.6220,18.7410,19.2080,247049260
20210728 160000,19.2800,19.6460,18.9950,19.5030,195608030
20210729 160000,19.5190,19.8530,19.3280,19.6620,184344780
20210730 160000,19.4270,19.6300,19.2630,19.4990,183034910
20210802 160000,19.7000,19.9610,19.3610,19.7500,216552510
20210803 160000,19.7400,20.2220,19.2200,19.8150,301039710
20210804 160000,19.9900,20.3180,19.8280,20.2740,230597450
20210805 160000,20.5000,20.7330,20.3420,20.6370,210722100
20210806 160000,20.4730,20.5700,20.2100,20.3660,178015350
20210809 160000,20.4230,20.5080,20.1430,20.2950,146089370
20210810 160000,20.3220,20.4300,19.8345,19.9360,178838110
20210811 160000,20.0480,20.0490,19.4300,19.6990,184225970
20210812 160000,19.8640,20.0290,19.6200,19.9050,151529720
20210813 160000,19.9050,20.2138,19.8510,20.1880,182676410
20210816 160000,20.1250,20.2870,19.4530,19.9500,208955850
20210817 160000,19.6800,19.7700,19.2670,19.4580,203158720
20210818 160000,19.5000,19.6336,19.0000,19.0400,273736780
20210819 160000,19.5000,20.4950,18.7620,19.7980,765437290
20210820 160000,20.0050,20.8651,19.9330,20.8160,666023490
20210823 160000,20.9730,21.9970,20.9500,21.9580,573772230
20210824 160000,21.7680,21.9590,21.5350,21.7930,295899350
20210825 160000,21.7400,22.4700,21.7220,22.2130,346815630
20210826 160000,22.2000,22.3400,21.7900,22.0680,236990190
20210827 160000,22.2000,22.7220,22.1670,22.6360,304067530
20210830 160000,22.8290,23.0430,22.5510,22.6880,262130560
20210831 160000,22.6840,22.6950,22.1200,22.3850,259467710
20210901 160000,22.5000,22.6970,22.3565,22.4410,201338330
20210902 160000,22.4960,22.5930,22.2945,22.3960,187702770
20210903 160000,22.3290,22.9860,22.2000,22.8430,280114580
20210907 160000,22.8420,22.8990,22.5224,22.6620,197299080
20210908 160000,22.5000,22.6100,21.9770,22.3390,253763650
20210909 160000,22.3390,22.5380,22.1310,22.1770,194107580
20210910 160000,22.3350,22.6260,22.2700,22.4780,248051900
20210913 160000,22.6830,22.9640,21.8580,22.1520,297065910
20210914 160000,22.2740,22.4100,22.0860,22.2420,198543870
20210915 160000,22.3090,22.3670,21.9660,22.3410,165307360
20210916 160000,22.1930,22.2770,21.9270,22.2420,155896590
20210917 160000,22.3000,22.3210,21.8300,21.9000,291032590
20210920 160000,21.1650,21.4330,20.6620,21.1130,348522640
20210921 160000,21.4230,21.4250,20.9500,21.2460,204381610
20210922 160000,21.3640,21.9600,21.1960,21.9410,265824850
20210923 160000,22.1100,22.5345,21.8900,22.4820,248109120
20210924 160000,22.0620,22.1490,21.8610,22.0810,216378290
20210927 160000,21.7030,21.7990,21.3250,21.6600,244692810
20210928 160000,21.2050,21.4190,20.6510,20.6990,341922210
20210929 160000,20.9330,21.0170,20.4670,20.5170,217702750
20210930 160000,20.7740,21.0660,20.6880,20.7160,220644240
20211001 160000,20.7770,20.8590,20.2030,20.7420,238511110
20211004 160000,20.4830,20.5418,19.5550,19.7320,344214290
20211005 160000,19.9550,20.6480,19.8540,20.4510,278701240
20211006 160000,20.1040,20.7200,20.0800,20.7000,293169620
20211007 160000,21.1080,21.3220,20.9720,21.0750,256346250
20211008 160000,21.1000,21.2060,20.7750,20.8310,150959690
20211011 160000,20.5860,21.0630,20.5110,20.6950,162722390
20211012 160000,20.8420,21.0570,20.5280,20.6710,161805290
20211013 160000,20.9180,20.9900,20.7130,20.9390,179997510
20211014 160000,21.2740,21.7550,21.1220,21.7460,240092060
20211015 160000,21.8100,21.9310,21.6620,21.8620,224054030
20211018 160000,21.7490,22.2910,21.6440,22.2220,187747600
20211019 160000,22.2900,22.3790,22.0370,22.2900,161232670
20211020 160000,22.2890,22.4330,21.9820,22.1030,146012290
20211021 160000,22.1000,22.7110,22.0830,22.6920,186500810
20211022 160000,22.8290,23.1300,22.5610,22.7260,248842050
20211025 160000,22.9620,23.3550,22.7700,23.1660,228443280
20211026 160000,24.0000,25.2590,23.9240,24.7170,485130170
20211027 160000,24.4760,25.0900,24.2820,24.4510,245207090
20211028 160000,24.8960,24.9500,24.5230,24.9410,232517340
20211029 160000,25.0350,25.7090,25.0000,25.5670,291953540
20211101 160000,25.6340,25.8940,25.2270,25.8270,265184530
20211102 160000,25.8170,26.6780,25.8000,26.4010,289176810
20211103 160000,26.6250,26.7840,26.2350,26.5980,239148460
20211104 160000,27.2210,31.3650,27.1180,29.8010,1151458350
20211105 160000,30.1640,31.4000,29.4100,29.7520,850305120
20211108 160000,30.1500,31.1000,29.9070,30.8040,501321310
20211109 160000,32.2860,32.3100,29.9640,30.6570,642693170
20211110 160000,29.2140,30.8500,28.7780,29.4590,634332750
20211111 160000,30.4570,30.5900,29.7770,30.3900,330158930
20211112 160000,30.0000,30.6800,29.6300,30.3900,411613230
20211115 160000,30.5500,30.6440,29.2470,30.0250,383518940
20211116 160000,29.7570,30.3900,29.7059,30.2030,262089200
20211117 160000,30.4000,30.5090,28.8000,29.2610,412449680
20211118 160000,32.3500,32.7600,31.3210,31.6750,779792090
20211119 160000,32.3000,33.0880,31.9050,32.9850,528643750
20211122 160000,33.5100,34.6470,31.9000,31.9560,752287250
20211123 160000,31.5210,32.3600,30.8800,31.7460,531018750
20211124 160000,31.4400,32.8550,30.9280,32.6740,434461580
20211126 160000,32.6000,32.7100,31.3500,31.5030,283068860
20211129 160000,32.4000,33.4120,32.0360,33.3760,451284910
20211130 160000,33.1670,33.3530,31.8640,32.6760,619774640
20211201 160000,33.2000,33.2893,31.3800,31.4350,482696910
20211202 160000,31.1510,32.4780,31.0250,32.1260,470694380
20211203 160000,32.0000,32.1290,30.1300,30.6930,536346210
20211206 160000,29.8450,30.2410,28.0380,30.0370,658028950
20211207 160000,30.9700,32.4490,30.6510,32.4270,590112950
20211208 160000,32.0000,32.2900,31.4210,31.8260,474594150
20211209 160000,31.7060,32.2050,30.4280,30.4900,487455930
20211210 160000,31.1560,31.3050,29.8610,30.1980,488293510
20211213 160000,30.2100,30.2940,28.1160,28.1610,595058340
20211214 160000,27.6780,28.6780,27.2500,28.3370,661053550
20211215 160000,28.4140,30.5000,27.8380,30.4590,694548600
20211216 160000,31.1500,31.1600,28.0930,28.3870,704786840
20211217 160000,28.0000,28.9220,27.7600,27.8010,712736650
20211220 160000,27.3350,28.1440,27.1450,27.7190,459034810
20211221 160000,28.3720,29.1200,27.4010,29.0750,521933370
20211222 160000,28.8780,29.5550,28.4490,29.4000,392739580
20211223 160000,29.7570,30.0590,29.4310,29.6400,341324860
20211227 160000,29.6400,31.0865,29.6400,30.9450,402116930
20211228 160000,31.3110,31.3300,30.0118,30.3220,419387400
20211229 160000,30.3110,30.5480,29.3660,30.0010,342082810
20211230 160000,29.8240,30.4570,29.5400,29.5860,307355160
20211231 160000,29.6520,30.0300,29.3306,29.4110,266010910
20220103 160000,29.8000,30.7110,29.7850,30.1210,390926460
20220104 160000,30.2640,30.4680,28.3490,29.2900,522739180
20220105 160000,28.8920,29.4160,27.5330,27.6040,494529160
20220106 160000,27.6000,28.4380,27.0650,28.1780,453030650
20220107 160000,28.1580,28.4220,27.0570,27.2470,408856680
20220110 160000,26.5500,27.4690,25.6438,27.4000,592949990
20220111 160000,27.3500,28.0650,26.8390,27.8170,403104610
20220112 160000,28.0670,28.5950,27.6080,27.9990,382364240
20220113 160000,28.4170,28.4800,26.4980,26.5750,535610320
20220114 160000,26.2850,27.1969,26.2100,26.9420,394948360
20220118 160000,26.2640,26.6380,25.7700,25.9030,423824400
20220119 160000,26.0500,26.5432,25.0520,25.0670,485794750
20220120 160000,25.2820,25.5790,24.0780,24.1500,430765400
20220121 160000,23.5020,24.8230,23.2630,23.3740,716491680
20220124 160000,22.3000,23.3800,20.8880,23.3720,909497870
20220125 160000,22.5400,22.9430,22.0000,22.3240,658253840
20220126 160000,23.2240,24.0570,22.3000,22.7720,753099890
20220127 160000,23.5730,23.9950,21.6750,21.9440,570969040
20220128 160000,22.0010,22.8580,21.2960,22.8400,542207690
20220131 160000,23.1600,24.5090,23.0520,24.4860,562675900
20220201 160000,25.1030,25.1450,23.8900,24.6380,513840400
20220202 160000,25.7350,25.8170,24.5530,25.2420,539682930
20220203 160000,24.4160,25.0770,23.7800,23.9480,408564500
20220204 160000,23.9470,24.6350,23.6320,24.3190,354094060
20220207 160000,24.3720,25.1820,24.2020,24.7280,375288610
20220208 160000,24.3410,25.2300,23.9800,25.1080,408581620
20220209 160000,25.6170,26.7250,25.3530,26.7050,522462440
20220210 160000,25.9960,26.9250,25.6000,25.8240,511492920
20220211 160000,25.9160,26.1520,23.7730,23.9490,603614040
20220214 160000,23.9490,24.8750,23.7550,24.2670,439267110
20220215 160000,24.9590,26.5450,24.7840,26.4950,697301540
20220216 160000,26.2120,26.5820,25.5520,26.5110,712065250
20220217 160000,25.6060,25.7850,24.1650,24.5070,808594010
20220218 160000,24.7000,24.9860,23.1000,23.6420,758472740
20220222 160000,23.0280,24.0640,23.0000,23.3900,631504180
20220223 160000,23.7870,24.1550,22.3010,22.3870,563574370
20220224 160000,21.0000,23.8000,20.8900,23.7480,732923690
20220225 160000,23.7320,24.2170,23.3810,24.1570,527865800
20220228 160000,23.9970,24.6650,23.7070,24.3850,476069920
20220301 160000,24.2760,24.3770,23.1320,23.4770,411360230
20220302 160000,23.7510,24.4090,23.4150,24.2200,388836020
20220303 160000,24.2630,24.3260,23.4690,23.7140,363256580
20220304 160000,23.4000,23.6800,22.4820,22.9360,431111490
20220307 160000,22.8380,23.0330,21.3300,21.3520,448851890
20220308 160000,21.3000,22.3730,20.6500,21.5140,556095950
20220309 160000,22.3500,23.2200,22.2470,23.0140,491636130
20220310 160000,22.5780,22.7880,21.8820,22.6580,427349290
20220311 160000,23.0350,23.1450,22.0460,22.1000,366425280
20220314 160000,21.8160,22.2620,21.1590,21.3300,384120340
20220315 160000,21.5460,23.0380,21.3220,22.9730,490323950
20220316 160000,23.5100,24.5970,23.1720,24.4960,669769370
20220317 160000,24.0930,24.8420,23.9060,24.7660,470846750
20220318 160000,24.8560,26.5690,24.6240,26.4530,728072910
20220321 160000,26.5000,27.1520,25.9670,26.7340,589988080
20220322 160000,26.7340,27.2380,26.0720,26.5240,545675650
20220323 160000,26.1260,26.6115,25.5750,25.6340,500518110
20220324 160000,26.1470,28.3200,25.9070,28.1500,875308310
20220325 160000,27.8910,28.3580,27.2710,27.6920,578213520
20220328 160000,27.7340,28.2500,27.2060,28.2190,424632600
20220329 160000,28.6990,28.9460,27.9800,28.6560,487984680
20220330 160000,28.3140,28.4955,27.5030,27.6900,462422970
20220331 160000,27.7910,28.2480,27.2700,27.2860,522392410
20220401 160000,27.3690,27.4960,26.2670,26.7120,516292460
20220404 160000,26.7390,27.5580,26.6130,27.3600,396960730
20220405 160000,27.2510,27.3190,25.8200,25.9310,435541200
20220406 160000,24.9160,25.3000,24.0030,24.4070,702731990
20220407 160000,24.4290,24.7220,23.4780,24.2080,556845680
20220408 160000,23.9230,23.9230,23.0620,23.1190,522727620
20220411 160000,22.1930,22.3199,21.6600,21.9170,573531340
20220412 160000,22.5000,22.7250,21.2820,21.5040,660723710
20220413 160000,21.7270,22.5000,21.4550,22.2030,515708940
20220414 160000,22.5000,22.7770,21.1630,21.2580,567527240
20220418 160000,21.1940,22.0880,21.0790,21.7830,524333460
20220419 160000,21.7130,22.3730,21.3140,22.1980,511744770
20220420 160000,22.5020,22.6704,21.2000,21.4820,467925740
20220421 160000,21.6900,22.3920,20.0000,20.1830,654362760
20220422 160000,20.3140,20.4860,19.5000,19.5150,623055760
20220425 160000,19.1320,19.9450,19.0960,19.9020,640429570
20220426 160000,19.7140,19.7880,18.6700,18.7880,648444060
20220427 160000,18.5770,19.1670,18.2900,18.4150,497448800
20220428 160000,18.9610,20.0370,18.4896,19.7820,562355780
20220429 160000,19.4120,20.1285,18.5170,18.5470,499640170
20220502 160000,18.5330,19.5740,18.3910,19.5330,570910060
20220503 160000,19.4030,19.8250,19.1330,19.6020,472928280
20220504 160000,19.9000,20.4000,18.7510,20.3340,647211630
20220505 160000,19.8720,19.9250,18.5000,18.8440,625192710
20220506 160000,18.7060,19.5120,17.9900,18.6750,632878850
20220509 160000,18.0480,18.2550,16.8270,16.9500,642008000
20220510 160000,17.6780,18.1980,17.0250,17.5950,760698920
20220511 160000,17.3430,17.7530,16.5680,16.6300,668644050
20220512 160000,16.2290,16.7880,15.5670,16.1750,706252200
20220513 160000,16.8000,17.9284,16.5925,17.7060,668954080
20220516 160000,17.4990,17.7880,17.1060,17.2640,520887650
20220517 160000,18.0890,18.3710,17.6340,18.1770,584158350
20220518 160000,17.7000,18.1180,16.8640,16.9380,543163210
20220519 160000,16.9370,17.6870,16.7340,17.1240,620240430
20220520 160000,17.3100,17.4100,15.7550,16.6940,736611020
20220523 160000,16.2480,16.9150,16.1790,16.8980,634761990
20220524 160000,16.5000,16.5970,15.7800,16.1540,586545100
20220525 160000,16.0240,17.1110,16.0000,16.9750,758544780
20220526 160000,16.0260,18.0920,16.0220,17.8510,995011590
20220527 160000,18.1940,18.8810,18.1000,18.8110,737241570
20220531 160000,18.9760,19.2000,18.3500,18.6720,662917120
20220601 160000,18.7190,19.0532,18.1220,18.3200,543369170
20220602 160000,18.2920,19.6190,18.1980,19.5920,646555370
20220603 160000,19.0800,19.3323,18.5216,18.7200,598369720
20220606 160000,19.1320,19.3370,18.5642,18.7860,421716380
20220607 160000,18.4470,19.0000,18.1880,18.9260,379723990
20220608 160000,18.7920,19.1800,18.5350,18.6480,362484240
20220609 160000,18.4660,18.9330,18.0410,18.0480,394125180
20220610 160000,17.5960,17.6970,16.8690,16.9740,464924400
20220613 160000,15.9760,16.3120,15.6060,15.6470,602545840
20220614 160000,15.7330,16.0660,15.4120,15.8360,468490990
20220615 160000,16.1000,16.8680,15.9260,16.5270,561928940
20220616 160000,15.8580,15.9423,15.4010,15.6010,544287200
20220617 160000,15.6450,15.9950,15.3280,15.8800,624972310
20220621 160000,16.4570,17.0080,16.4070,16.5660,482461570
20220622 160000,16.2330,16.6620,16.1800,16.3600,436714750
20220623 160000,16.5080,16.5850,15.8530,16.2250,462893990
20220624 160000,16.4930,17.1400,16.3100,17.1260,471462280
20220627 160000,17.3000,17.3300,16.6255,16.8690,427634420
20220628 160000,16.9030,17.2020,15.9450,15.9820,460312090
20220629 160000,15.7990,15.8200,15.1700,15.5420,481291960
20220630 160000,15.3780,15.5670,14.8620,15.1590,684782140
20220701 160000,14.9000,15.0629,14.3920,14.5230,576258170
20220705 160000,14.1690,14.9710,14.0550,14.9640,650715250
20220706 160000,15.0000,15.3190,14.7890,15.1300,528314150
20220707 160000,15.4500,15.9450,15.3890,15.8580,491860290
20220708 160000,15.4290,16.0370,15.3890,15.8380,467463590
20220711 160000,15.5130,15.5270,15.0380,15.1520,437159790
20220712 160000,15.2740,15.4310,14.8770,15.0820,457632360
20220713 160000,14.5910,15.3750,14.4650,15.1640,519802750
20220714 160000,15.0850,15.4730,14.7280,15.3720,454513480
20220715 160000,15.6350,15.7820,15.4450,15.7620,383588490
20220718 160000,16.3000,16.8970,16.0020,16.1010,668257730
20220719 160000,16.4940,17.1100,16.1720,16.9920,699468790
20220720 160000,16.9580,17.9325,16.8010,17.8070,758562610
20220721 160000,17.8690,18.1440,17.5446,18.0500,554836090
20220722 160000,17.8990,17.9670,17.1365,17.3190,536001250
20220725 160000,17.0000,17.1240,16.6490,17.0240,479717760
20220726 160000,16.8990,16.9190,16.4780,16.5330,393667980
20220727 160000,17.0760,17.9360,16.9130,17.7900,568376090
20220728 160000,17.9750,18.1400,17.4400,17.9840,472259220
20220729 160000,17.7960,18.2440,17.6920,18.1630,434955190
20220801 160000,18.1820,18.8460,17.9900,18.4410,475869030
20220802 160000,18.1190,18.9375,18.0920,18.5260,487464340
20220803 160000,18.1550,18.9680,18.1370,18.8930,417553700
20220804 160000,18.8520,19.2740,18.7600,19.2150,409095220
20220805 160000,18.8160,19.2289,18.6660,18.9890,385655020
20220808 160000,17.5000,18.2390,17.2420,17.7930,981010230
20220809 160000,17.2450,17.4472,16.7240,17.0860,666799780
20220810 160000,17.7000,18.1180,17.3170,18.0970,596666410
20220811 160000,18.1170,18.7070,17.8760,17.9420,508757990
20220812 160000,18.1440,18.7180,17.9530,18.7090,477305510
20220815 160000,18.7120,19.1640,18.6130,19.0320,457047780
20220816 160000,18.9060,19.1420,18.5010,18.8790,450876910
20220817 160000,18.5500,18.6880,18.1450,18.3350,445412340
20220818 160000,18.2980,18.8650,18.1830,18.7730,415079370
20220819 160000,18.4250,18.5200,17.7700,17.8490,440225810
20220822 160000,17.4800,17.5580,16.9660,17.0340,408894670
20220823 160000,16.9880,17.4650,16.9700,17.1810,368531600
20220824 160000,17.0070,17.4060,16.8950,17.2220,502143750
20220825 160000,16.8500,17.9470,16.8330,17.9130,769460210
20220826 160000,17.8510,17.9240,16.2370,16.2600,767627360
20220829 160000,16.0250,16.3380,15.7670,15.8010,494917410
20220830 160000,15.9500,16.0390,15.1820,15.4680,529333980
20220831 160000,15.3820,15.5400,14.9585,15.0940,550214340
20220901 160000,14.2060,14.3800,13.2702,13.9370,1175624240
20220902 160000,14.0850,14.1710,13.5910,13.6470,742142160
20220906 160000,13.7280,13.7790,13.3510,13.4650,534683230
20220907 160000,13.5640,13.8380,13.3460,13.7140,511744040
20220908 160000,13.4410,14.0080,13.3690,13.9900,624090040
20220909 160000,14.1550,14.4740,14.1260,14.3870,486421230
20220912 160000,14.3630,14.5470,14.1980,14.5050,483202180
20220913 160000,13.8060,13.9220,13.0990,13.1310,712805230
20220914 160000,13.2500,13.2900,12.9130,13.1280,581661610
20220915 160000,13.0340,13.2330,12.7900,12.9290,521028750
20220916 160000,12.7620,13.2120,12.6170,13.1980,668884350
20220919 160000,13.0130,13.4630,13.0100,13.3820,568747620
20220920 160000,13.1990,13.4828,13.0570,13.1760,523851480
20220921 160000,13.2110,14.0310,13.1100,13.2610,804913640
20220922 160000,13.0790,13.1490,12.4280,12.5610,757643370
20220923 160000,12.4310,12.6110,12.2570,12.5160,661416920
20220926 160000,12.4990,12.6590,12.2140,12.2280,545354460
20220927 160000,12.5070,12.7360,12.2580,12.4130,552241790
20220928 160000,12.4040,12.8230,12.3539,12.7360,541448990
20220929 160000,12.4320,12.5000,11.9460,12.2200,531337120
20220930 160000,12.0870,12.6330,12.0750,12.1390,564648510
20221003 160000,12.3570,12.6780,12.1050,12.5120,546193570
20221004 160000,12.8950,13.2200,12.8790,13.1670,582332640
20221005 160000,12.9140,13.3210,12.6210,13.2090,505767320
20221006 160000,13.2110,13.6560,13.1030,13.1300,639627270
20221007 160000,12.4840,12.6700,12.0220,12.0760,671212510
20221010 160000,12.0500,12.1243,11.4081,11.6700,697335680
20221011 160000,11.5660,11.8460,11.2830,11.5860,666379120
20221012 160000,11.5700,11.7350,11.3450,11.5000,491837540
20221013 160000,10.9750,12.0780,10.8130,11.9600,849179660
20221014 160000,12.0500,12.1110,11.2040,11.2270,712106460
20221017 160000,11.5370,11.9480,11.5170,11.8880,579116560
20221018 160000,12.3790,12.4920,11.6180,11.9670,657998460
20221019 160000,11.8940,12.3500,11.8340,12.0510,522264490
20221020 160000,12.1140,12.7690,12.1050,12.1940,650083930
20221021 160000,12.1170,12.4980,11.8870,12.4660,607800130
20221024 160000,12.5060,12.7100,12.0640,12.5990,516766550
20221025 160000,12.6950,13.3000,12.6640,13.2610,501388890
20221026 160000,12.8610,13.3880,12.7080,12.8960,528964710
20221027 160000,13.6330,13.8380,13.1220,13.1760,581565130
20221028 160000,13.0950,13.8500,13.0610,13.8340,520194990
20221031 160000,13.7770,13.8380,13.2970,13.4970,485571080
20221101 160000,13.8010,13.9250,13.5190,13.5430,428261020
20221102 160000,13.8510,14.2100,13.2112,13.2190,671449760
20221103 160000,13.0500,13.7810,12.9560,13.4210,499344240
20221104 160000,14.0000,14.2290,13.6970,14.1560,611793490
20221107 160000,14.2050,14.4120,13.9540,14.3010,409217920
20221108 160000,14.7950,14.8910,14.2160,14.6020,594497450
20221109 160000,14.1610,14.2110,13.7590,13.7760,453733970
20221110 160000,14.8000,15.7730,14.5470,15.7500,698380870
20221111 160000,15.7930,16.3890,15.4820,16.3270,654756900
20221114 160000,16.2180,16.5400,15.9220,16.2950,526880020
20221115 160000,16.7340,16.9980,16.3820,16.6660,544034760
20221116 160000,16.1280,16.3620,15.8730,15.9100,627550610
20221117 160000,15.7000,16.2660,15.5350,15.6770,709936730
20221118 160000,15.9550,16.0020,15.1200,15.4090,491264120
20221121 160000,15.1110,15.4770,15.0800,15.3170,404279740
20221122 160000,15.3230,16.0576,15.1216,16.0380,471689600
20221123 160000,16.1000,16.5270,16.0480,16.5190,426536360
20221125 160000,16.3020,16.4870,16.1720,16.2700,167934300
20221128 160000,16.0260,16.3570,15.7250,15.8270,303641780
20221129 160000,15.8270,15.9320,15.5200,15.6390,297294710
20221130 160000,15.6970,16.9300,15.5970,16.9230,560665770
20221201 160000,17.0000,17.2650,16.6350,17.1350,470251800
20221202 160000,16.6790,16.9326,16.4450,16.8760,371101790
20221205 160000,16.6590,16.9950,16.4720,16.6100,351887500
20221206 160000,16.5510,16.5730,15.8190,15.9870,352197470
20221207 160000,15.7720,16.1860,15.6670,16.1200,371841320
20221208 160000,16.2720,17.1790,15.9590,17.1690,514141280
20221209 160000,17.1850,17.5830,16.9750,17.0010,464803950
20221212 160000,17.0400,17.5380,16.7970,17.5350,455988650
20221213 160000,18.4990,18.7900,17.7110,18.0720,655723930
20221214 160000,18.0000,18.2520,17.4200,17.6740,496121710
20221215 160000,17.1500,17.3200,16.7000,16.9520,478036670
20221216 160000,16.8810,17.0410,16.4100,16.5710,477668450
20221219 160000,16.5800,16.6090,16.1450,16.2540,353544000
20221220 160000,16.0750,16.3100,15.8520,16.0850,402399850
20221221 160000,16.1020,16.6270,16.1020,16.5010,324616780
20221222 160000,16.0680,16.1380,14.8820,15.3390,564196680
20221223 160000,15.2070,15.3390,14.8830,15.2060,348982320
20221227 160000,15.0530,15.1000,14.0560,14.1210,463286960
20221228 160000,13.9230,14.2620,13.8840,14.0360,350402000
20221229 160000,14.3930,14.6830,14.2270,14.6030,354322690
20221230 160000,14.3540,14.6290,14.2330,14.6140,310148830
20230103 160000,14.8510,14.9960,14.0960,14.3150,400837140
20230104 160000,14.5600,14.8530,14.2410,14.7490,430627490
20230105 160000,14.5000,14.5640,14.1479,14.2650,388604960
20230106 160000,14.4890,15.0100,14.0340,14.8590,404696300
20230109 160000,15.2940,16.0560,15.1410,15.6280,503689190
20230110 160000,15.4800,15.9620,15.4720,15.9090,383422520
20230111 160000,15.8330,16.0280,15.5630,16.0010,352748760
20230112 160000,16.0960,16.6370,15.4920,16.5110,550466950
20230113 160000,16.2770,16.9220,16.1650,16.8990,446800940
20230117 160000,16.9000,17.7280,16.8990,17.7020,509813010
20230118 160000,17.6800,17.8730,17.2820,17.3770,438429750
20230119 160000,17.0480,17.1970,16.7310,16.7650,451817570
20230120 160000,17.0080,17.8560,16.8250,17.8390,562335980
20230123 160000,18.0650,19.2450,17.8175,19.1930,653602670
20230124 160000,18.8510,19.4950,18.8200,19.2650,488803050
20230125 160000,18.9130,19.3700,18.5800,19.3230,448017960
20230126 160000,19.7100,20.1660,19.2780,19.8020,487425650
20230127 160000,19.4680,20.6280,19.4050,20.3650,541429970
20230130 160000,19.9570,20.1400,19.1500,19.1620,486978470
20230131 160000,19.1610,19.6870,18.9500,19.5370,495796500
20230201 160000,19.6950,21.1920,19.6110,20.9430,657485170
20230202 160000,21.0000,21.9490,20.7000,21.7090,561487530
20230203 160000,20.9640,21.7450,20.7890,21.1000,428569060
20230206 160000,20.7900,21.5700,20.7860,21.0890,451494290
20230207 160000,21.3670,22.2590,21.1500,22.1730,661825560
20230208 160000,22.4000,22.8780,22.0080,22.2050,558706900
20230209 160000,22.6080,23.0200,22.1200,22.3370,522386740
20230210 160000,21.6760,22.0776,20.8110,21.2650,550056600
20230213 160000,21.5390,22.0480,20.9620,21.7880,473805170
20230214 160000,21.5730,23.0488,21.3660,22.9710,673336950
20230215 160000,22.5460,22.8550,22.1060,22.7640,420300800
20230216 160000,22.1390,22.5500,21.9268,22.0020,410009570
20230217 160000,21.6350,21.7400,20.9750,21.3880,463768630
20230221 160000,21.0000,21.4938,20.6180,20.6550,408348130
20230222 160000,20.7070,21.1040,20.4210,20.7540,484648880
20230223 160000,23.4480,23.8880,23.0250,23.6640,1116173890
20230224 160000,23.1970,23.4740,22.9470,23.2860,588875860
20230227 160000,23.6690,23.8799,23.4540,23.5010,452247070
20230228 160000,23.3630,23.8250,23.2060,23.2160,449243950
20230301 160000,23.2120,23.2556,22.5080,22.6980,458731690
20230302 160000,22.4860,23.3804,22.4320,23.3140,388850930
20230303 160000,23.3000,23.9000,23.1300,23.8900,411416010
20230306 160000,23.9000,24.2480,23.4870,23.5540,436654060
20230307 160000,23.6080,24.1250,23.2410,23.2880,514254160
20230308 160000,23.4610,24.2000,23.4235,24.1810,511053330
20230309 160000,24.1810,24.4540,23.3828,23.4360,499738980
20230310 160000,23.4000,23.6270,22.7260,22.9650,474339110
20230313 160000,22.7520,23.2980,22.2970,22.9660,421320840
20230314 160000,23.4810,24.2190,23.4600,24.0630,473926830
20230315 160000,23.7640,24.2860,23.3600,24.2280,518407540
20230316 160000,24.0000,25.5880,23.8940,25.5410,579588030
20230317 160000,26.0000,26.3990,25.6680,25.7250,846616750
20230320 160000,25.6150,26.0240,25.1298,25.9000,431874570
20230321 160000,26.1710,26.3920,25.3810,26.1990,546056090
20230322 160000,26.4150,27.5890,26.2370,26.4680,794302170
20230323 160000,27.1170,27.4990,26.6900,27.1910,563055440
20230324 160000,27.0280,27.1670,26.3550,26.7790,454835230
20230327 160000,26.8230,27.0000,26.3650,26.5310,360361300
20230328 160000,26.4310,26.5130,25.8500,26.4100,355195250
20230329 160000,26.8170,27.0780,26.5970,26.9840,392476280
20230330 160000,27.2010,27.4990,27.1020,27.3830,363413190
20230331 160000,27.1100,27.8343,27.1050,27.7770,432781900
20230403 160000,27.5000,28.0000,27.3360,27.9650,397395980
20230404 160000,27.9710,28.0000,27.3070,27.4530,367016460
20230405 160000,26.8290,26.9980,26.3950,26.8810,513603510
20230406 160000,26.5870,27.0800,26.4270,27.0370,396907530
20230410 160000,26.8310,27.6210,26.6690,27.5790,383210530
20230411 160000,27.7450,27.7900,27.1260,27.1690,305025970
20230412 160000,27.3410,27.4680,26.4475,26.4950,444762750
20230413 160000,26.7210,26.8869,26.3290,26.4630,352666880
20230414 160000,26.5120,26.8830,26.2200,26.7580,394841390
20230417 160000,26.5710,27.0060,26.4332,27.0020,320404190
20230418 160000,27.5420,28.1100,27.3570,27.6670,603844140
20230419 160000,27.3700,28.0000,27.2320,27.9310,352514010
20230420 160000,27.6790,28.0300,27.0000,27.1040,426779240
20230421 160000,26.9370,27.1830,26.7220,27.1190,344595630
20230424 160000,27.0130,27.3660,26.6710,27.0420,331834470
20230425 160000,27.0790,27.2470,26.2250,26.2410,369304620
20230426 160000,27.0100,27.3300,26.7051,26.9560,405140580
20230427 160000,27.3680,27.4950,26.6250,27.2260,375054150
20230428 160000,27.2260,27.7580,27.0715,27.7490,291514980
20230501 160000,27.8490,29.0584,27.7800,28.9100,568782570
20230502 160000,28.6890,28.8360,28.0830,28.2100,399721010
20230503 160000,27.8310,28.3670,27.4720,27.8020,381631180
20230504 160000,27.6250,27.8590,27.2400,27.5620,319748630
20230505 160000,27.8280,28.7550,27.7310,28.6800,354013130
20230508 160000,28.5170,29.2200,28.3500,29.1510,344267650
20230509 160000,28.8690,28.9730,28.4500,28.5710,306310060
20230510 160000,29.0250,29.1130,28.4613,28.8850,368769930
20230511 160000,28.9220,28.9500,28.2460,28.5780,321448450
20230512 160000,28.5290,28.7800,28.0460,28.3400,273954790
20230515 160000,28.5120,28.9690,28.1520,28.9530,293229200
20230516 160000,28.8410,29.8700,28.8320,29.2130,448067100
20230517 160000,29.5730,30.1990,29.4300,30.1780,430602670
20230518 160000,30.4010,31.8280,30.3200,31.6780,740241240
20230519 160000,31.5000,31.5800,30.9160,31.2640,472684980
20230522 160000,30.9010,31.5200,30.6800,31.1760,370278610
20230523 160000,31.0000,31.2880,30.6310,30.6880,355199980
20230524 160000,30.2000,30.6070,29.8060,30.5380,630862000
20230525 160000,38.5100,39.4800,36.6350,37.9800,1540903720
20230526 160000,37.8660,39.1700,37.5500,38.9460,712857680
20230530 160000,40.5960,41.9380,39.9490,40.1110,918929220
20230531 160000,39.5000,40.2950,37.8220,37.8340,1000268160
20230601 160000,38.5000,40.0500,38.3400,39.7700,625028480
20230602 160000,40.0970,40.5000,39.0580,39.3270,481458100
20230605 160000,38.8900,39.5650,38.7070,39.1710,394087190
20230606 160000,38.8410,39.1600,38.1480,38.6540,380532140
20230607 160000,38.9010,39.4990,37.3560,37.4750,508763480
20230608 160000,37.7000,38.8640,37.5050,38.5100,416392560
20230609 160000,39.0300,39.7110,38.5670,38.7700,425098710
20230612 160000,39.1990,39.5300,38.6180,39.4820,384846970
20230613 160000,40.1790,41.1010,39.7400,41.0220,608846210
20230614 160000,40.8340,43.0000,40.5520,42.9970,735830970
20230615 160000,42.6150,43.2890,42.1470,42.6530,567350590
20230616 160000,43.5150,43.7210,42.6605,42.6920,654351680
20230620 160000,42.9900,43.9900,42.6740,43.8080,449702980
20230621 160000,43.5000,43.6150,42.0800,43.0450,548672440
20230622 160000,42.2550,43.4255,42.2340,43.0250,416651040
20230623 160000,42.4640,42.8090,42.0150,42.2090,355872490
20230626 160000,42.4530,42.7640,40.1000,40.6320,590131950
20230627 160000,40.8180,41.9400,40.4480,41.8760,449650430
20230628 160000,40.6600,41.8450,40.5180,41.1170,580466090
20230629 160000,41.5510,41.6000,40.6000,40.8220,374221530
20230630 160000,41.6670,42.5500,41.5010,42.3020,496189670
20230703 160000,42.5110,42.8980,42.2020,42.4130,198209190
20230705 160000,42.1390,43.1770,42.0850,42.3170,322784440
20230706 160000,41.8270,42.1790,41.3460,42.1030,303302130
20230707 160000,42.3230,43.2140,42.1800,42.5030,355088840
20230710 160000,42.6800,42.8110,41.6490,42.1800,353148970
20230711 160000,42.5000,42.7580,42.0670,42.4050,297652060
20230712 160000,43.0000,43.9350,42.7773,43.9020,478385500
20230713 160000,44.5530,46.1550,44.4920,45.9770,473040080
20230714 160000,46.5960,48.0880,45.0600,45.4690,770237270
20230717 160000,46.2820,46.4960,45.2624,46.4610,507846390
20230718 160000,46.7000,47.8960,45.7340,47.4940,568719890
20230719 160000,47.4730,47.8180,46.7420,47.0770,423250670
20230720 160000,46.5000,47.0870,45.0620,45.5200,533481180
20230721 160000,45.7880,45.8660,44.1000,44.3090,962306020
20230724 160000,44.7340,45.1090,44.0400,44.6120,366763820
20230725 160000,44.9430,46.1825,44.9230,45.6790,340406130
20230726 160000,46.0210,46.0530,44.6300,45.4520,362343280
20230727 160000,46.5090,47.3950,45.7500,45.9000,453901190
20230728 160000,46.6630,47.0270,46.3810,46.7500,329591560
20230731 160000,46.7500,47.1300,46.5060,46.7290,250078620
20230801 160000,46.4560,46.9000,46.0270,46.5070,235693780
20230802 160000,45.8000,45.8400,43.3870,44.2690,528092070
20230803 160000,43.8500,45.1180,43.8000,44.5150,322825760
20230804 160000,44.9960,45.6420,44.3930,44.6800,362089090
20230807 160000,45.1000,45.5400,44.5635,45.4165,321100200
20230808 160000,44.8530,45.2420,44.0560,44.6640,352026620
20230809 160000,44.2800,44.3120,42.1340,42.5540,583477170
20230810 160000,42.1400,43.5740,41.8350,42.3880,490370620
20230811 160000,41.7500,42.0180,40.6390,40.8550,531636140
20230814 160000,40.5000,43.8000,40.3110,43.7530,679918330
20230815 160000,44.5630,45.2680,43.7100,43.9400,673145830
20230816 160000,44.5300,44.6750,43.4060,43.4860,525720870
20230817 160000,43.9720,44.0620,43.0010,43.3435,450275580
20230818 160000,42.6000,43.5780,41.6600,43.2990,581995940
20230821 160000,44.4980,47.0650,44.2220,46.9670,686669890
20230822 160000,48.1280,48.1870,45.3331,45.6680,754362310
20230823 160000,45.8890,47.2000,45.2080,47.1160,712828180
20230824 160000,50.2000,50.2660,47.1590,47.1630,1149655800
20230825 160000,47.0000,47.8050,45.0240,46.0180,922446330
20230828 160000,46.4780,46.9800,44.8880,46.8350,682839620
20230829 160000,46.6660,49.0810,46.3910,48.7840,698581270
20230830 160000,49.0440,49.9270,48.4250,49.2640,732910230
20230831 160000,49.3870,49.7440,48.9580,49.3550,524466430
20230901 160000,49.7690,49.8000,48.1416,48.5090,462863630
20230905 160000,48.2290,48.8508,47.8600,48.5480,372951500
20230906 160000,48.4730,48.5490,46.5800,47.0610,467473700
20230907 160000,45.4480,46.3440,45.1520,46.2410,432449530
20230908 160000,45.9420,46.6060,45.2710,45.5720,466097690
20230911 160000,46.1480,46.1630,44.3120,45.1780,472468580
20230912 160000,44.7380,45.6730,44.5310,44.8700,348340180
20230913 160000,44.5880,45.9300,44.5030,45.4850,394665220
20230914 160000,45.9500,45.9870,45.1310,45.5810,366442960
20230915 160000,45.3730,45.5990,43.8080,43.9000,504974010
20230918 160000,42.7350,44.2420,42.0000,43.9660,497307700
20230919 160000,43.8330,43.9660,43.0020,43.5200,371450180
20230920 160000,43.5820,43.9030,42.2230,42.2390,360772070
20230921 160000,41.5680,42.1000,40.9800,41.0170,447069780
20230922 160000,41.5720,42.1150,41.2310,41.6100,470711490
20230925 160000,41.5990,42.5360,41.1770,42.2220,417324370
20230926 160000,42.0000,42.8200,41.6550,41.9110,401175010
20230927 160000,42.3320,42.8720,41.6290,42.4680,437865720
20230928 160000,42.4600,43.4463,42.1150,43.0890,423244780
20230929 160000,43.8270,44.1440,43.3069,43.4990,396988430
20231002 160000,44.0350,45.1750,43.8610,44.7820,429333320
20231003 160000,44.8000,45.1300,43.2460,43.5170,469108370
20231004 160000,43.7100,44.1430,43.2920,44.0410,360841510
20231005 160000,44.0300,44.9000,43.8880,44.6880,392640570
20231006 160000,44.1880,45.7890,44.0260,45.7620,432529020
20231009 160000,44.8400,45.6050,44.3680,45.2730,408761090
20231010 160000,45.3100,46.2590,45.0880,45.7980,367597690
20231011 160000,46.1970,46.8590,46.0500,46.8060,376292820
20231012 160000,46.7950,47.6090,46.3300,46.9450,480263220
20231013 160000,46.9460,47.1160,45.2800,45.4610,473603130
20231016 160000,45.0490,46.2250,44.9120,46.0950,374378920
20231017 160000,44.0000,44.7540,42.4800,43.9380,808465380
20231018 160000,42.5520,43.2190,41.8250,42.1960,624427120
20231019 160000,42.8000,43.2970,41.8820,42.1010,498400310
20231020 160000,41.8900,42.4700,41.0780,41.3870,475915440
20231023 160000,41.2290,43.2480,40.9450,42.9750,474141300
20231024 160000,43.0670,43.6970,42.6910,43.6630,385917440
20231025 160000,43.4050,43.6500,41.5550,41.7790,387371500
20231026 160000,41.8600,42.2555,39.8802,40.3260,533553480
20231027 160000,41.1300,41.2060,40.0150,40.5000,415479310
20231030 160000,41.0540,42.2820,40.4810,41.1610,384210060
20231031 160000,40.4370,40.8790,39.2300,40.7800,515293250
20231101 160000,40.8880,42.3810,40.8690,42.3250,434873700
20231102 160000,43.3740,43.8840,42.8940,43.5060,399481560
20231103 160000,44.0000,45.3090,43.7230,45.0050,417831630
20231106 160000,45.2980,45.9350,44.8990,45.7510,399543300
20231107 160000,45.7260,46.2180,45.1575,45.9550,342060030
20231108 160000,46.0920,46.8670,45.9680,46.5740,344734180
20231109 160000,47.4640,48.2300,46.7500,46.9500,536660290
20231110 160000,47.5000,48.4720,47.2830,48.3350,414934750
20231113 160000,48.3510,49.1160,48.0990,48.6200,382521240
20231114 160000,49.6650,49.8340,49.0400,49.6560,415152450
20231115 160000,49.9250,49.9600,48.2000,48.8880,473948390
20231116 160000,48.6790,49.5247,48.3300,49.4800,338128900
20231117 160000,49.5230,49.7170,49.0070,49.2980,324893130
20231120 160000,49.3230,50.5480,49.1810,50.4090,412831890
20231121 160000,50.1260,50.5170,49.2220,49.9440,532749970
20231122 160000,49.8670,50.3349,47.6900,48.7160,898381200
20231124 160000,48.4990,48.9210,47.7450,47.7760,294644640
20231127 160000,47.8000,48.5300,47.6520,48.2420,394592880
20231128 160000,48.2380,48.3229,47.4730,47.8210,394333680
20231129 160000,48.3870,48.7620,47.8600,48.1400,374951370
20231130 160000,48.0240,48.1100,46.4220,46.7700,524710350
20231201 160000,46.5000,47.2000,46.1870,46.7650,358916510
20231204 160000,46.0530,46.0770,45.0100,45.5100,429467940
20231205 160000,45.4660,46.6000,45.2710,46.5660,362648780
20231206 160000,47.2110,47.3870,45.4120,45.5030,369074880
20231207 160000,45.7000,46.6290,45.6040,46.5960,344642530
20231208 160000,46.5960,47.7409,46.5500,47.5060,352131130
20231211 160000,47.4930,47.5310,45.8300,46.6270,506969730
20231212 160000,46.0460,47.6660,46.0460,47.6570,371003300
20231213 160000,47.6290,48.5940,47.6080,48.0880,438410620
20231214 160000,48.3610,48.6700,47.4220,48.3500,383977940
20231215 160000,48.1880,49.4040,48.1200,48.8900,478788130
20231218 160000,49.4000,50.4330,49.1500,50.0770,409282950
20231219 160000,49.4260,49.7000,48.8950,49.6040,463524260
20231220 160000,49.6620,49.9990,48.0980,48.1110,395099400
20231221 160000,48.8090,49.0950,48.4190,48.9900,299799800
20231222 160000,49.1950,49.3830,48.4670,48.8300,251905880
20231226 160000,48.9680,49.6000,48.9600,49.2790,243572280
20231227 160000,49.5000,49.6800,49.0850,49.4170,233063070
20231228 160000,49.6400,49.8840,49.4120,49.5220,246020150
20231229 160000,49.8300,49.9970,48.7510,49.5220,388400490
20240102 160000,49.2700,49.2950,47.5950,48.1680,410043760
20240103 160000,47.4800,48.1841,47.3200,47.5690,320130620
20240104 160000,47.7670,48.5000,47.5080,47.9980,305717180
20240105 160000,48.4620,49.5470,48.3060,49.0970,414337100
20240108 160000,49.5030,52.2750,49.4790,52.2530,637373330
20240109 160000,52.4000,54.3250,51.6900,53.1400,766004160
20240110 160000,53.6040,54.6000,53.4890,54.3500,530085240
20240111 160000,54.9570,55.3460,53.5600,54.8220,594390310
20240112 160000,54.6000,54.9700,54.3301,54.7100,352163130
20240116 160000,55.0000,56.8350,54.9000,56.3820,443772170
20240117 160000,56.3450,56.4707,54.7400,56.0530,473184340
20240118 160000,57.2610,57.6000,56.1070,57.1070,488488880
20240119 160000,58.0000,59.5000,57.2250,59.4910,538789430
20240122 160000,60.0540,60.3310,59.0700,59.6540,446767600
20240123 160000,59.5300,59.9100,58.5850,59.8730,292019970
20240124 160000,60.3000,62.8490,59.9380,61.3620,558135040
20240125 160000,62.3340,62.7190,60.8500,61.6170,474492540
20240126 160000,60.9500,61.7830,60.5730,61.0310,389511320
20240129 160000,61.2090,62.4890,60.9070,62.4650,343302840
20240130 160000,62.9470,63.4930,62.2600,62.7740,400581060
20240131 160000,61.3480,62.2690,60.7000,61.5270,451815340
20240201 160000,62.1000,63.1910,61.6500,63.0270,365161150
20240202 160000,63.9850,66.6000,63.6900,66.1600,473992160
20240205 160000,68.2500,69.4970,67.2050,69.3320,673378520
20240206 160000,69.6590,69.7540,66.3000,68.2230,678562850
20240207 160000,68.3400,70.2200,67.6000,70.0990,488546150
20240208 160000,70.0330,70.7940,69.4550,69.6410,412585790
20240209 160000,70.5110,72.1850,70.2120,72.1330,434487230
20240212 160000,72.6000,74.6110,71.2500,72.2480,611608160
20240213 160000,70.4000,73.4500,69.6200,72.1280,600453490
20240214 160000,73.2190,74.2360,71.9380,73.9000,502475200
20240215 160000,73.9000,73.9750,72.4000,72.6580,417058690
20240216 160000,74.1000,74.4020,72.5010,72.6130,493060160
20240220 160000,71.9410,71.9560,67.7340,69.4520,699689750
20240221 160000,68.0000,68.8880,66.2480,67.4720,651451220
20240222 160000,75.0200,78.5750,74.2200,78.5380,850943120
20240223 160000,80.7970,82.3940,77.5700,78.8170,826257070
20240226 160000,79.7070,80.6460,78.5050,79.0920,500548730
20240227 160000,79.3800,79.4800,77.1620,78.7010,389882270
20240228 160000,77.6200,78.9330,77.1250,77.6630,390606870
20240229 160000,79.0590,79.9900,78.3500,79.1120,504499040
20240301 160000,80.0330,82.3000,79.4350,82.2790,475092080
20240304 160000,84.1600,87.6950,83.7190,85.2370,609793590
20240305 160000,85.2370,86.0970,83.4170,85.9640,516465100
20240306 160000,88.0000,89.7240,87.0300,88.7000,578604870
20240307 160000,90.1300,92.7670,89.6020,92.6690,592643060
20240308 160000,95.1000,97.4000,86.5060,87.5280,1123854820
20240311 160000,86.4000,88.7970,84.1660,85.7740,672086040
20240312 160000,88.0530,91.9600,86.1501,91.9130,660212360
20240313 160000,91.0570,91.5040,88.4350,90.8880,630316410
20240314 160000,89.6020,90.6460,86.6000,87.9440,599278600
20240315 160000,86.7170,89.5460,86.2570,87.8365,639232200
20240318 160000,90.3710,92.4050,87.0850,88.4550,654048010
20240319 160000,86.6000,90.5440,85.0100,89.3980,668482600
20240320 160000,89.8720,90.4100,88.2230,90.3720,472667520
20240321 160000,92.3000,92.6480,90.4050,91.4350,478540560
20240322 160000,91.1620,94.7780,90.8340,94.2890,583796160
20240325 160000,94.0000,96.7660,93.5100,95.0020,549505230
20240326 160000,95.8500,96.3750,92.5020,92.5610,510199080
20240327 160000,93.1000,93.2400,89.1230,90.2500,583747540
20240328 160000,89.9990,91.3000,89.1930,90.3560,434065620
20240401 160000,90.2500,92.2250,89.2040,90.3630,451209730
20240402 160000,88.4850,90.0940,87.6200,89.4520,431983040
20240403 160000,88.4250,90.3740,88.4000,88.9640,368061550
20240404 160000,90.3980,90.6340,85.8800,85.9050,431014810
20240405 160000,86.8980,88.4810,85.9260,88.0080,398499720
20240408 160000,88.6790,88.8300,86.7320,87.1330,282170010
20240409 160000,87.4100,87.6350,83.0220,85.3540,500781790
20240410 160000,83.9490,87.4000,83.7090,87.0390,429736460
20240411 160000,87.3900,90.7390,86.9260,90.6160,428946250
20240412 160000,89.6970,90.1750,87.5300,88.1860,422349400
20240415 160000,89.1000,90.6130,85.9290,86.0010,440025690
20240416 160000,86.5000,88.1180,86.0639,87.4150,368823210
20240417 160000,88.3000,88.7750,83.9500,84.0350,492361620
20240418 160000,85.0140,86.1900,82.4020,84.6710,445440820
20240419 160000,83.1110,84.3240,75.6060,76.2000,869587650
20240422 160000,78.1110,80.0730,76.4000,79.5180,593950000
20240423 160000,80.7950,82.7690,80.2640,82.4230,433039950
20240424 160000,84.0000,84.0820,79.1830,79.6770,507202620
20240425 160000,78.9700,83.3230,78.2230,82.6320,419201370
20240426 160000,83.8420,88.3309,83.3870,87.7350,548587080
20240429 160000,87.5950,87.9920,85.2660,87.7570,387433600
20240430 160000,87.1620,88.8190,86.3000,86.4020,355746410
20240501 160000,85.1300,86.0000,81.2546,83.0410,556731730
20240502 160000,84.4500,86.2370,83.2000,85.8170,368893670
20240503 160000,87.6940,89.2810,87.0400,88.7890,397055030
20240506 160000,89.3910,92.2200,89.0550,92.1400,371003400
20240507 160000,91.0980,91.7810,82.3250,90.5540,435486220
20240508 160000,89.5000,91.1940,89.4200,90.4120,323034770
20240509 160000,90.5100,91.0720,88.2310,88.7470,376250290
20240510 160000,90.3260,91.4010,89.2270,89.8780,333903150
20240513 160000,90.4780,90.9980,88.5290,90.3990,288409260
20240514 160000,89.5610,91.6510,88.9340,91.3560,295564970
20240515 160000,92.5000,94.8620,91.5990,94.6300,414959000
20240516 160000,94.9490,95.8190,94.1030,94.3590,322520400
20240517 160000,94.4870,94.7400,91.8060,92.4790,358519150
20240520 160000,93.7500,95.2000,93.4400,94.7800,317129670
20240521 160000,93.5000,95.4000,93.1800,95.3860,324735000
20240522 160000,95.4110,96.0200,93.2490,94.9500,503080970
20240523 160000,102.0000,106.3200,101.5200,103.7990,831143480
20240524 160000,104.3950,106.4750,103.0000,106.4690,424688960
20240528 160000,110.2800,114.9390,109.8830,113.9010,636343740
20240529 160000,113.0250,115.4920,110.9010,114.8250,551961430
20240530 160000,114.6800,115.8191,109.6630,110.5000,482305260
20240531 160000,112.4000,112.7170,106.9400,109.6330,610863770
20240603 160000,113.7470,115.0000,112.0030,115.0000,434852320
20240604 160000,115.7150,116.6000,114.0450,116.4370,400941150
20240605 160000,118.3800,122.4495,117.4680,122.4400,516912640
20240606 160000,124.0000,125.5870,118.3200,120.9980,658061430
20240607 160000,119.7870,121.6917,118.0220,120.8880,408394310
20240610 160000,120.4500,195.9500,117.0100,121.7900,310552329
20240611 160000,121.7900,122.8700,118.7400,120.9100,221255643
20240612 160000,123.0500,126.8800,122.5700,125.2000,296841262
20240613 160000,129.3600,129.8000,127.1600,129.6100,258980120
20240614 160000,130.0000,132.8400,128.3200,131.8800,307587577
20240617 160000,132.8900,133.7300,129.5800,130.9800,286090553
20240618 160000,131.2400,136.3300,130.6900,135.5800,290613595
20240620 160000,139.7000,140.7600,129.5200,130.7800,511787763
20240621 160000,127.2000,130.6300,124.3000,126.5700,652422450
20240624 160000,123.1300,124.4600,118.0400,118.1100,468103765
20240625 160000,121.0000,126.5000,119.3200,126.0900,419747938
20240626 160000,126.1000,128.1200,122.6000,126.4000,357553415
20240627 160000,124.0000,126.4100,122.9200,123.9900,250489507
20240628 160000,124.5000,127.7100,122.7500,123.5400,312203453
20240701 160000,123.5400,124.8400,118.8300,124.3000,282299247
20240702 160000,121.0300,123.4100,121.0300,122.6700,214875778
20240703 160000,121.6000,128.2800,121.3600,128.2800,215748955
20240705 160000,127.3400,128.8500,125.6800,125.8300,212765733
20240708 160000,127.5300,130.7700,127.0400,128.2000,233173863
20240709 160000,130.3100,133.8200,128.6500,131.3800,281567990
20240710 160000,134.0000,135.1000,132.4200,134.9100,246715983
20240711 160000,135.8300,136.1500,127.0500,127.4000,370554619
20240712 160000,128.2000,131.9200,127.2200,129.2400,250271509
20240715 160000,130.5600,131.3900,127.1800,128.4400,205371227
20240716 160000,128.4400,129.0400,124.5800,126.3600,211919323
20240717 160000,121.3500,121.8500,116.7200,117.9900,385167446
20240718 160000,121.9000,122.4000,116.5600,121.0900,319037816
20240719 160000,120.4000,121.6000,117.3700,117.9300,213550632
20240722 160000,120.2600,124.0700,119.8600,123.5400,254601358
20240723 160000,122.7300,124.6900,122.1000,122.5900,170343315
20240724 160000,119.0100,119.9500,113.4400,114.2500,322721161
20240725 160000,113.0000,116.6300,106.3000,112.2800,456410345
20240726 160000,116.2000,116.2000,111.5800,113.0600,292469754
20240729 160000,113.7000,116.2800,111.3000,111.5900,246600942
20240730 160000,111.5000,111.9900,102.5400,103.7300,474769948
20240731 160000,113.0000,118.3400,110.8800,117.0200,465468536
20240801 160000,117.5000,120.1600,106.8104,109.2100,516730114
20240802 160000,103.7300,108.7200,101.3700,107.2700,476005785
20240805 160000,92.0000,103.4100,90.6900,100.4500,548557171
20240806 160000,103.9100,107.7100,100.5500,104.2500,399876599
20240807 160000,107.9400,108.8000,98.6900,98.9100,406165737
20240808 160000,102.0100,105.5000,97.5200,104.9700,387005787
20240809 160000,105.5800,106.6000,103.4300,104.7500,288153687
20240812 160000,106.3000,111.0700,106.2600,109.0200,322233702
20240813 160000,112.4000,116.2300,111.5800,116.1400,309750481
20240814 160000,118.4800,118.6000,114.0700,118.0800,336759607
20240815 160000,118.9300,123.2400,117.4700,122.8600,313833321
20240816 160000,121.9600,125.0000,121.1800,124.5800,299071047
20240819 160000,124.2400,130.0000,123.4200,130.0000,316108033
20240820 160000,128.3600,129.8800,125.8900,127.2500,294752025
20240821 160000,127.3000,129.3500,126.6600,128.5000,256696393
20240822 160000,130.0000,130.7500,123.1000,123.7400,372082119
20240823 160000,125.8500,129.6000,125.2200,129.3700,321015079
20240826 160000,129.6000,131.2600,124.3700,126.4600,328393636
20240827 160000,125.0000,129.2000,123.8800,128.3000,298901066
20240828 160000,128.1500,128.3300,122.6400,125.6100,415769690
20240829 160000,121.1400,124.4300,116.7100,117.5900,449351511
20240830 160000,119.5700,121.7500,117.2200,119.3700,332776909
20240903 160000,116.0400,116.2100,107.2900,108.0000,471026596
20240904 160000,105.2000,113.2700,104.1200,106.2100,369653427
20240905 160000,105.0000,109.6500,104.7600,107.2100,302249566
20240906 160000,108.0000,108.1500,100.9500,102.8300,408170289
20240909 160000,104.9800,106.5500,103.6900,106.4700,269247697
20240910 160000,107.7900,109.4000,104.9500,108.1000,264596665
20240911 160000,109.4100,117.1900,107.4200,116.9100,433251406
20240912 160000,116.9000,120.7900,115.3800,119.1400,363610885
20240913 160000,119.0400,119.9550,117.6000,119.1000,237414207
20240916 160000,116.8000,118.1800,114.3600,116.7800,242495010
20240917 160000,118.1300,118.8000,114.8300,115.5900,229925696
20240918 160000,115.9700,117.7000,113.2200,113.3700,304841958
20240919 160000,117.3100,119.6600,117.2500,117.8700,292511630
20240920 160000,117.0600,118.6181,115.3901,116.0000,379045480
20240923 160000,116.5500,116.9900,114.8600,116.2600,202043738
20240924 160000,116.4000,121.8000,115.3800,120.8700,352229852
20240925 160000,122.0000,124.9400,121.6100,123.5100,282939106
20240926 160000,126.7800,127.6650,121.8000,124.0400,300538560
20240927 160000,123.9500,124.0300,119.2600,121.4000,268972954
20240930 160000,118.3400,121.5000,118.1500,121.4400,225341895
20241001 160000,121.7000,122.4351,115.7900,117.0000,299474125
20241002 160000,116.4200,119.3800,115.1400,118.8500,216846650
20241003 160000,120.8900,124.3600,120.3401,122.8500,275348182
20241004 160000,124.9300,125.0400,121.8300,124.9200,243357195
20241007 160000,125.0000,130.6400,124.9500,127.7200,344584980
20241008 160000,130.1900,133.4800,129.4200,132.8900,283852086
20241009 160000,134.1200,134.5200,131.3800,132.6500,244518268
20241010 160000,132.0000,135.0000,131.0000,134.8100,241090200
20241011 160000,134.0100,135.7800,133.6600,134.8000,169560688
20241014 160000,136.5000,139.6000,136.3000,138.0700,230901973
20241015 160000,137.8800,138.5700,128.7400,131.6000,375593308
20241016 160000,134.0100,136.6200,131.5800,135.7200,263224683
20241017 160000,139.3200,140.8900,136.8700,136.9300,305155881
20241018 160000,138.9000,138.9000,137.2800,138.0000,175493029
20241021 160000,138.0200,143.7100,138.0000,143.7100,262183317
20241022 160000,142.9700,144.4200,141.7800,143.5900,223366206
20241023 160000,142.0000,142.4300,137.4600,139.5600,284257864
20241024 160000,140.8200,141.3500,138.4600,140.4100,171563196
20241025 160000,140.9700,144.1300,140.8000,141.5400,203497905
20241028 160000,143.0700,143.1400,140.0500,140.5200,172790529
20241029 160000,140.3200,142.2598,138.9000,141.2500,155187606
20241030 160000,139.5300,140.3300,136.8100,139.3350,176417792
20241031 160000,137.6100,137.6100,132.1106,132.7600,267946638
20241101 160000,134.7400,137.3100,134.5700,135.4000,195640541
20241104 160000,137.2200,138.9600,135.5700,136.0500,186207251
20241105 160000,137.4900,140.3701,137.3300,139.9100,159178374
20241106 160000,143.0000,146.4900,141.9600,145.6100,239969116
20241107 160000,146.4000,148.9300,146.1700,148.8800,204858807
20241108 160000,148.8000,149.7700,146.2600,147.6300,174942914
20241111 160000,148.5600,148.8500,143.5700,145.2600,181348255
20241112 160000,146.7400,149.6500,146.0100,148.2900,195525426
20241113 160000,149.0000,149.3300,145.9000,146.2700,191195658
20241114 160000,147.6500,149.0000,145.5500,146.7600,193509155
20241115 160000,145.0300,145.2400,140.0800,141.9800,248659820
20241118 160000,139.5000,141.5500,137.1500,140.1500,220066005
20241119 160000,141.3000,147.1300,140.9900,147.0100,224575892
20241120 160000,147.1500,147.5600,142.7300,145.8900,294636634
20241121 160000,149.3000,152.8900,140.7000,146.6700,399670193
20241122 160000,145.8600,147.1600,141.1000,141.9500,235410596
20241125 160000,142.0000,142.0500,135.8200,136.0200,328281216
20241126 160000,137.6300,139.3000,135.6700,136.9200,188724516
20241127 160000,135.0500,137.2200,131.8000,135.3400,225148431
20241129 160000,136.8100,139.3500,136.0500,138.2500,141863156
20241202 160000,138.8000,140.4500,137.8250,138.6300,169809713
20241203 160000,138.5000,140.5400,137.9500,140.2600,162028535
20241204 160000,142.0000,145.7900,140.2900,145.1400,229789820
20241205 160000,145.1100,146.5400,143.9500,145.0600,171865236
20241206 160000,144.6500,145.7000,141.3100,142.4400,184769425
20241209 160000,139.0000,139.9500,137.1300,138.8100,188217677
20241210 160000,139.0000,141.8200,133.7900,135.0700,209136848
20241211 160000,137.3300,140.1700,135.2100,139.3100,182366215
20241212 160000,137.0600,138.4400,135.8000,137.3400,155931272
20241213 160000,138.8900,139.6000,132.5400,134.2500,229669625
20241216 160000,134.1800,134.4000,130.4200,132.0000,236326226
20241217 160000,128.9100,131.5900,126.8600,130.3900,255335677
20241218 160000,133.8200,136.7000,128.2800,128.9100,269971541
20241219 160000,131.6800,134.0300,129.5500,130.6800,206546966
20241220 160000,129.8800,135.2800,128.2200,134.7000,304318249
20241223 160000,136.2500,139.7900,135.1201,139.6700,175208584
20241224 160000,140.0000,141.9000,138.6500,140.2200,105156989
20241226 160000,139.5800,140.8500,137.7300,139.9300,115316750
20241227 160000,138.5100,139.0200,134.7100,137.0100,170148022
20241230 160000,134.8500,140.2700,134.0200,137.4900,166877181
20241231 160000,137.9800,138.0700,133.8300,134.2900,155140056
20250102 160000,135.9000,138.8800,134.6300,138.3100,194906458
20250103 160000,140.0000,144.9000,139.7300,144.4700,228066217
20250106 160000,148.6600,152.1560,147.8201,149.4300,263140673
20250107 160000,153.1000,153.1300,140.0100,140.1400,349856067
20250108 160000,142.6400,143.9500,137.5600,140.1100,225176273
20250110 160000,137.4800,139.9200,134.2200,135.9100,206688372
20250113 160000,130.0000,133.4900,129.5100,133.2300,202567987
20250114 160000,136.0600,136.3800,130.0500,131.7600,194360015
20250115 160000,133.6300,136.4500,131.2900,136.2400,183700152
20250116 160000,138.7000,138.7500,133.4900,133.5700,208148678
20250117 160000,136.8300,138.5000,135.4649,137.7100,200203434
20250121 160000,139.1800,141.8300,137.0900,140.8300,191830473
20250122 160000,144.7600,147.7900,143.6700,147.0700,235366747
20250123 160000,145.0000,147.2300,143.7200,147.2200,155083210
20250124 160000,148.2500,148.9700,141.8800,142.6200,233301458
20250127 160000,124.9400,128.4000,116.7000,118.4200,805304621
20250128 160000,121.8600,129.0000,116.2500,128.9900,576531944
20250129 160000,126.5000,126.8900,120.0500,123.7000,435459323
20250130 160000,123.0200,125.0000,118.1000,124.6500,389452455
20250131 160000,123.7400,127.8500,119.1900,120.0700,385526568
20250203 160000,114.8000,118.5700,113.0100,116.6600,368198372
20250204 160000,116.9400,121.2000,116.7000,118.6500,254362356
20250205 160000,121.7300,125.0000,120.7600,124.8300,261637278
20250206 160000,127.5000,128.7700,125.2100,128.6800,247925246
20250207 160000,129.3000,130.3700,125.0000,129.8400,226981733
20250210 160000,130.0000,135.0000,129.9600,133.5700,215911821
20250211 160000,132.5700,134.4800,131.0200,132.8000,177560585
20250212 160000,130.0000,132.2400,129.0800,131.1400,159297811
20250213 160000,131.5100,136.5000,131.1700,135.2900,196656933
20250214 160000,136.4000,139.2500,135.5000,138.8500,194618497
20250218 160000,141.2600,143.4400,137.9250,139.4000,218103844
20250219 160000,139.4500,141.3600,137.2200,139.2300,166693151
20250220 160000,140.0000,140.6600,136.7901,140.1100,143258208
20250221 160000,140.0000,141.4600,134.0300,134.4300,226385478
20250224 160000,136.9400,138.5900,130.0800,130.2800,249606918
20250225 160000,129.9900,130.2000,124.4400,126.6300,269419607
20250226 160000,130.0000,133.7300,128.4900,131.2800,307078611
20250227 160000,135.0000,135.0100,120.0100,120.1500,439091545
20250228 160000,117.9400,125.0900,116.4000,124.9200,387303393
20250303 160000,123.4700,123.7000,112.2800,114.0600,407684186
20250304 160000,110.7100,119.3100,110.1100,115.9900,395367034
20250305 160000,117.5400,118.2781,114.5100,117.3000,280686143
20250306 160000,113.5300,115.3500,110.2200,110.5700,318055008
20250307 160000,111.1300,113.4800,107.5600,112.6900,340647669
20250310 160000,110.0000,111.8500,105.4600,106.9800,362032979
20250311 160000,106.9800,112.2360,104.7700,108.7600,353215661
20250312 160000,114.1500,116.7600,112.8800,115.7400,321685911
20250313 160000,116.9900,117.7600,113.7900,115.5800,296304880
20250314 160000,118.5400,121.8800,118.1500,121.6700,276305064
20250317 160000,122.6800,122.8900,118.0300,119.5300,252410399
20250318 160000,117.9500,119.0200,114.5400,115.4300,297598507
20250319 160000,117.2800,120.4450,115.6800,117.5200,270974995
20250320 160000,116.5000,120.2000,116.4700,118.5300,247099406
20250321 160000,117.0400,117.9900,115.4200,117.7000,265691830
20250324 160000,119.9000,122.2200,119.3400,121.4100,227315080
20250325 160000,120.5000,121.2900,118.9200,120.6900,166838735
20250326 160000,118.7800,118.8400,112.7100,113.7600,292514585
20250327 160000,111.3600,114.4500,110.6600,111.4300,235933426
20250328 160000,111.4300,112.8700,109.0701,109.6700,228842671
20250331 160000,105.1000,110.9550,103.6500,108.3800,296633819
20250401 160000,108.4500,110.2000,106.4700,110.1500,216734019
20250402 160000,107.3700,111.9800,106.7900,110.4200,211986326
20250403 160000,103.5100,105.6300,101.6000,101.8000,336185706
20250404 160000,99.0000,100.1300,92.1100,94.3100,528708860
20250407 160000,87.4600,101.7500,86.6200,97.6400,608281155
20250408 160000,103.8000,105.8500,94.4600,96.3000,471563694
20250409 160000,98.9000,115.1000,97.5301,114.3300,607223505
20250410 160000,109.2700,110.8600,99.1500,107.5700,432613186
20250411 160000,108.5300,111.5499,107.4800,110.9300,312478054
20250414 160000,114.0800,114.2900,109.0700,110.7100,263181814
20250415 160000,111.0700,113.6150,110.5000,112.2000,211926591
20250416 160000,104.4400,106.7900,100.4500,104.4900,393516983
20250417 160000,104.4700,104.4700,100.0500,101.4900,290171702
20250421 160000,98.7600,99.4400,95.0400,96.9100,285266036
20250422 160000,98.8600,99.8110,97.2800,98.8900,232766133
20250423 160000,104.5600,104.8000,102.0200,102.7100,245735115
20250424 160000,103.5000,106.5400,103.1100,106.4300,217957529
20250425 160000,106.8500,111.9200,105.7300,111.0100,250038757
20250428 160000,109.7000,110.3699,106.0200,108.7300,206648795
20250429 160000,107.6600,110.1999,107.4400,109.0200,168257239
20250430 160000,104.5000,108.9200,104.0800,108.9200,223080117
20250501 160000,113.0400,114.9400,111.3000,111.6100,234191673
20250502 160000,114.1100,115.4000,113.3700,114.5000,189509629
20250505 160000,112.9000,114.6650,112.6600,113.8200,132542377
20250506 160000,111.3200,114.7400,110.8220,113.5400,154273271
20250507 160000,112.9900,117.6800,112.2818,117.0600,205649399
20250508 160000,118.4500,118.6800,115.8500,117.3700,196934950
20250509 160000,117.3300,118.2300,115.2100,116.6500,132419968
20250512 160000,122.0000,123.0000,120.2800,123.0000,224000795
20250513 160000,125.0000,131.2189,124.4700,129.9300,326086643
20250514 160000,133.2500,135.4350,131.6800,135.3400,277817062
20250515 160000,134.3300,136.3000,132.6600,134.8300,225392781
20250516 160000,136.2400,136.3500,133.4600,135.4000,220869051
20250519 160000,132.5400,135.8700,132.3900,135.5700,192087586
20250520 160000,134.2200,134.5800,132.6200,134.3800,160231802
20250521 160000,133.0100,137.4000,130.5900,131.8000,269203353
20250522 160000,132.2800,134.2500,131.5500,132.8300,185968900
20250523 160000,130.0000,132.6800,129.1600,131.2900,198183555
20250527 160000,134.1000,135.6600,133.3100,135.5000,191518704
20250528 160000,136.0000,137.2500,134.7900,134.8100,281691051
20250529 160000,142.0200,143.4900,137.9100,139.1900,368341054
20250530 160000,138.8000,139.6200,132.9200,135.1300,331873047
20250602 160000,135.5000,138.1200,135.4000,137.3800,194879741
20250603 160000,138.7500,142.0000,137.9500,141.2200,222908789
20250604 160000,142.1700,142.3900,139.5450,141.9200,164289622
20250605 160000,142.1800,144.0000,138.8300,139.9900,228344005
20250606 160000,142.6000,143.2700,141.5100,141.7200,153319995
20250609 160000,143.1900,145.0000,141.9400,142.6300,184265764
20250610 160000,142.6300,144.2900,141.5250,143.9600,154968057
20250611 160000,144.5500,144.9900,141.8700,142.8300,166576396
20250612 160000,142.0000,145.0000,141.8500,145.0000,161102778
20250613 160000,142.4600,143.5800,140.8550,141.9700,177955979
20250616 160000,143.3500,146.1750,143.2001,144.6900,181709720
20250617 160000,144.4400,145.2200,143.7800,144.1200,137837176
20250618 160000,143.9800,145.6500,143.1200,145.4800,160697642
20250620 160000,145.4800,146.2000,142.6500,143.8500,242097212
20250623 160000,142.4700,144.7800,142.0300,144.1700,151658794
20250624 160000,145.5000,147.9600,145.5000,147.9000,186851386
20250625 160000,149.2800,154.4500,149.2600,154.3100,267608837
20250626 160000,156.0000,156.7150,154.0000,155.0200,196989506
20250627 160000,156.0000,158.7100,155.2550,157.7500,258376373
20250630 160000,158.4000,158.6600,155.9600,157.9900,194011465
20250701 160000,156.3000,157.2000,151.4900,153.3000,212346690
20250702 160000,153.0800,157.6000,152.9700,157.2500,170606478
20250703 160000,158.3800,160.9800,157.7700,159.3400,143716055
20250707 160000,158.2800,159.3100,157.3420,158.2400,139656207
20250708 160000,159.3000,160.2200,158.3900,160.0000,137325565
20250709 160000,161.1600,164.4200,161.1600,162.8800,182690163
20250710 160000,164.3300,164.5000,161.6100,164.1000,166977601
20250711 160000,163.7500,167.8900,163.4700,164.9200,191708977
20250714 160000,165.4000,165.4900,162.0200,164.0700,136467228
20250715 160000,171.1500,172.4000,169.1950,170.7000,229710350
20250716 160000,171.0000,171.7500,168.9000,171.3700,158261673
20250717 160000,172.0100,174.1600,170.8300,173.0000,160127802
20250718 160000,173.7900,174.2500,171.2600,172.4100,145619178
20250721 160000,172.6900,173.3800,171.0000,171.3800,121864191
20250722 160000,171.3000,171.3900,164.5800,167.0300,191553406
20250723 160000,169.5900,171.2600,167.9700,170.7800,152319935
20250724 160000,172.4600,173.8300,171.3000,173.7400,128266688
20250725 160000,173.6100,174.7200,172.9600,173.5000,121713073
20250728 160000,174.0000,177.0000,173.9700,176.7500,139259305
20250729 160000,178.0000,179.3800,175.0200,175.5100,153460750
20250730 160000,176.5000,179.8900,176.0400,179.2700,169241906
20250731 160000,182.9600,183.3000,175.9300,177.8700,219530209
20250801 160000,174.0000,176.5400,170.8900,173.7200,203419963
20250804 160000,175.1000,180.2000,174.5200,180.0000,147277079
20250805 160000,179.6800,180.2600,175.9000,178.2600,155048574
20250806 160000,176.2600,179.9000,176.2500,179.4200,133189734
20250807 160000,181.5200,183.8800,178.7950,180.7700,151034515
20250808 160000,181.5700,183.3000,180.4000,182.7000,122559528
20250811 160000,182.0300,183.8400,180.2500,182.0600,137866498
20250812 160000,182.9900,184.4800,179.4600,183.1600,145314611
20250813 160000,182.5700,183.9700,179.3500,181.5900,179208211
20250814 160000,179.8000,183.0200,179.4600,182.0200,129153773
20250815 160000,181.9000,181.9000,178.0417,180.4500,155805835
20250818 160000,180.7200,182.9375,180.5900,182.0100,129962542
20250819 160000,182.4400,182.5000,175.4900,175.6400,183429078
20250820 160000,175.0900,176.0000,168.8010,175.4000,214208450
20250821 160000,174.9000,176.9000,173.8100,174.9800,139440039
20250822 160000,172.6300,178.5900,171.2000,177.9900,172062099
20250825 160000,178.3300,181.9100,176.5700,179.8100,162059230
20250826 160000,180.0000,182.3900,178.8100,181.7700,167537274
20250827 160000,182.0000,182.4900,179.1000,181.6000,224952028
20250828 160000,180.9300,184.4700,176.4100,180.1700,279149680
20250829 160000,178.0700,178.1500,173.1450,174.1800,242455779
20250902 160000,169.8700,172.3790,167.2200,170.7800,230119930
20250903 160000,171.0000,172.4100,168.8750,170.6200,162185816
20250904 160000,170.5700,171.8600,169.4100,171.6600,140472786
20250905 160000,167.8900,169.0300,164.0700,167.0200,223106342
20250908 160000,167.5700,170.9600,167.3500,168.3100,161333194
20250909 160000,169.0400,170.9800,166.7401,170.7600,154167222
20250910 160000,176.6900,179.2900,175.4700,177.3300,225556919
20250911 160000,179.7300,180.2800,176.4800,177.1700,150418790
20250912 160000,177.9400,178.5950,176.4500,177.8200,124489784
20250915 160000,175.6400,178.8500,174.5100,177.7500,146654213
20250916 160000,177.0900,177.5000,174.3800,174.8800,138346924
20250917 160000,172.5500,173.2000,168.4100,170.2900,210693844
20250918 160000,173.8100,177.1000,172.9600,176.2400,191096564
20250919 160000,176.1400,178.0800,175.1800,176.6700,236478215
20250922 160000,175.2600,184.5500,174.7053,183.6100,268047807
20250923 160000,182.0000,182.4200,176.2100,178.4300,191362128
20250924 160000,179.7800,179.7800,175.4000,176.9700,143076123
20250925 160000,174.4300,180.2600,173.1250,177.6900,190966389
20250926 160000,178.1700,179.7700,174.9300,178.1900,148121428
20250929 160000,180.3500,184.0000,180.3200,181.8500,192512438
20250930 160000,182.0300,187.3500,181.4800,186.5800,236224214
20251001 160000,185.2800,188.1400,183.9000,187.2400,173243012
20251002 160000,189.6000,191.0500,188.0600,188.8900,136126571
20251003 160000,189.2000,190.3600,185.3800,187.6200,136391428
20251006 160000,185.4900,187.2300,183.3300,185.5400,156176982
20251007 160000,186.2200,189.0600,184.0000,185.0400,139256002
20251008 160000,186.6600,189.6000,186.5400,189.1100,129599432
20251009 160000,192.2200,195.3000,191.0600,192.5700,182132097
20251010 160000,193.5000,195.6200,182.0500,183.1600,263012837
20251013 160000,188.0000,190.1099,185.9600,188.3200,151746975
20251014 160000,184.6600,184.8000,179.7000,180.0300,202898203
20251015 160000,184.8000,184.8700,177.2900,179.8300,212348099
20251016 160000,182.2600,183.2800,179.7700,181.8100,178763591
20251017 160000,180.1900,184.1000,179.7500,183.2200,171798846
20251020 160000,183.0700,185.2000,181.7300,182.6400,128039472
20251021 160000,182.7000,182.7850,179.8000,181.1600,123740809
20251022 160000,181.1600,183.4400,176.7600,180.2800,161461682
20251023 160000,180.4800,183.0300,179.7901,182.1600,110797887
20251024 160000,183.8000,187.4700,183.5000,186.2600,130770524
20251027 160000,190.0000,192.0000,188.4318,191.4900,151292529
20251028 160000,193.0500,203.1500,191.9100,201.0300,293644412
20251029 160000,208.0000,212.1899,204.7750,207.0400,305835268
20251030 160000,205.1600,206.1600,201.4100,202.8900,176850237
20251031 160000,206.3100,207.9700,202.0700,202.4900,179282179
20251103 160000,208.0000,211.3350,205.5600,206.8800,177898642
20251104 160000,203.0500,203.9699,197.9300,198.6900,185994873
20251105 160000,198.6900,202.9200,194.6500,195.2100,167929637
20251106 160000,196.2300,197.6200,186.3800,188.0800,221772801
20251107 160000,184.8000,188.3200,178.9100,188.1500,263082568
20251110 160000,195.0000,199.9400,193.7900,199.0500,197538152
20251111 160000,195.1900,195.4200,191.3000,193.1600,175402291
20251112 160000,195.6900,195.8900,191.1300,193.8000,153851054
20251113 160000,191.1300,191.4400,183.8500,186.8600,206215670
20251114 160000,182.9200,191.0100,180.5800,190.1700,185793542
20251117 160000,185.8700,189.0000,184.3200,186.6000,172501837
20251118 160000,183.2400,184.8000,179.6500,181.3600,211970858
20251119 160000,184.8900,187.8550,182.8301,186.5200,230394324
20251120 160000,195.9800,196.0000,179.8500,180.6400,338630833
20251121 160000,181.0800,184.5600,172.9300,178.8800,345657743
20251124 160000,179.4200,183.5000,176.4800,182.5500,250511065
20251125 160000,174.8000,178.1600,169.5500,177.8200,318733389
20251126 160000,181.7000,182.9100,178.2400,180.2600,182775896
20251128 160000,178.9000,179.2900,176.5000,177.0000,121332776
20251201 160000,174.8000,180.3000,173.6800,179.9200,187473222
20251202 160000,181.6600,185.6600,180.0000,181.4600,181874955
20251203 160000,181.0800,182.4500,179.1101,179.5900,162264999
20251204 160000,181.5200,184.5150,179.9600,183.3800,166531446
20251205 160000,183.9500,184.6600,180.9100,182.4100,143380928
20251208 160000,182.8200,188.0000,182.4000,185.5500,198209395
20251209 160000,185.5500,185.7167,183.3200,184.9700,143950248
20251210 160000,185.0000,185.4800,182.0350,183.7800,159358378
20251211 160000,180.2000,181.3200,176.6200,180.9300,180333838
20251212 160000,181.0800,182.8200,174.6200,175.0200,202968435
20251215 160000,177.8600,178.4150,175.0300,176.2900,163654728
20251216 160000,176.1200,178.4900,174.9000,177.7200,147616871
20251217 160000,176.0000,176.1300,170.3100,170.9400,221221788
20251218 160000,174.4000,176.1500,171.8200,174.1400,174503281
20251219 160000,176.6600,181.4500,176.3400,180.9900,323428023
20251222 160000,183.8800,184.1600,182.3500,183.6900,126130210
20251223 160000,183.0000,189.3300,182.9000,189.2100,173377421
20251224 160000,187.8900,188.9100,186.5900,188.6100,65528545
20251226 160000,189.8900,192.6900,188.0000,190.5300,139103497
20251229 160000,187.7400,188.7550,185.9100,188.2200,119441424
20251230 160000,188.2300,188.9900,186.9300,187.5400,97080005
20251231 160000,189.5400,190.5600,186.4900,186.5000,119511970
20260102 160000,189.8300,192.9299,188.2600,188.8500,147752288
20260105 160000,191.7000,193.6300,186.1500,188.1200,181103030
20260106 160000,190.4900,192.1740,186.8200,187.2400,175644582
20260107 160000,188.5600,191.3700,186.5600,189.1100,153047490
20260108 160000,189.1100,189.5500,183.7100,185.0400,171732467
20260109 160000,185.0200,186.3400,183.6701,184.8600,130945481
20260112 160000,183.1800,187.1200,183.0200,184.9400,137387175
20260113 160000,184.9500,188.1099,183.4000,185.8100,159426107
20260114 160000,184.3300,184.4600,180.8000,183.1400,159079437
20260115 160000,186.5100,189.7000,186.3300,187.0500,205367841
20260116 160000,189.0700,190.4400,186.0800,186.2300,187386058
20260120 160000,181.9100,182.3786,177.6100,178.0700,222119000
20260121 160000,178.9600,185.3790,178.4000,183.3200,199374522
20260122 160000,184.7000,186.1700,183.9300,184.8400,138784748
20260123 160000,187.6100,189.6000,186.8233,187.6700,142247136
20260126 160000,187.1400,189.1200,185.9900,186.4700,124238738
20260127 160000,187.3000,190.0000,185.7000,188.5200,138749824
20260128 160000,191.2700,192.3500,189.8400,191.5200,146764369
20260129 160000,191.3100,193.4800,186.0600,192.5100,170337095
20260130 160000,191.1700,194.4900,189.4700,191.1300,178722986
20260202 160000,187.2300,190.3000,184.8800,185.6100,163754340
20260203 160000,186.0900,186.2700,176.2300,180.3400,202820672
20260204 160000,179.4600,179.5800,171.9100,174.1900,205285221
20260205 160000,174.9900,176.8150,171.0300,171.8800,204176093
20260206 160000,176.5900,187.0000,174.6000,185.4100,230041203
20260209 160000,184.3000,193.6600,183.9500,190.0400,195855496
20260210 160000,191.4000,192.4800,188.1200,188.5400,136246638
20260211 160000,192.4800,193.2600,188.7700,190.0500,143611021
20260212 160000,193.0000,193.6100,186.5100,186.9400,188929333
20260213 160000,187.4400,187.5000,181.5900,182.8100,161482050
20260217 160000,181.8000,187.1500,179.1800,184.9700,161335021
20260218 160000,188.6000,190.3700,186.7600,187.9800,163667596
20260219 160000,187.0000,188.4300,185.6600,187.9000,125653990
20260220 160000,186.5000,190.3300,185.9378,189.8200,177762551
20260223 160000,191.5100,193.9500,189.5750,191.5500,170777599
20260224 160000,191.5000,193.7700,187.4000,192.8500,171883902
20260225 160000,194.5000,197.6299,193.7900,195.5600,234139311
20260226 160000,194.0000,194.2900,184.3150,184.8900,358319642
20260227 160000,181.1100,182.5900,176.3800,177.1900,308114288
20260302 160000,175.0000,183.4600,174.6400,182.4800,208234685
20260303 160000,178.5800,180.9000,176.9200,180.0500,177216180
20260304 160000,180.2800,184.7000,180.0600,183.0400,176503123
20260305 160000,181.1600,184.0600,177.8800,183.3400,197584206
20260306 160000,179.8700,182.7561,176.8201,177.8200,188057917
20260309 160000,176.9300,182.9100,175.5600,182.6500,176163713
20260310 160000,182.4200,186.4400,182.0100,184.7700,178403632
20260311 160000,185.9100,187.6200,184.4500,186.0300,140135569
20260312 160000,184.0000,184.9400,181.7500,183.1400,155177848
20260313 160000,184.9000,186.0900,179.9400,180.2500,160315522
20260316 160000,182.9400,188.8800,181.4100,183.2200,215920419
20260317 160000,185.0000,185.4000,181.6804,181.9300,181506711
20260318 160000,182.5100,183.3800,180.3300,180.4000,155585447
20260319 160000,177.8800,179.9800,175.7850,178.5600,168576834
20260320 160000,178.2600,178.2600,171.7200,172.7000,238862204
20260323 160000,177.3800,178.3700,174.7600,175.6400,182137907
20260324 160000,174.8400,176.2200,173.9800,175.2000,146787933
20260325 160000,177.0200,181.2200,176.8500,178.6800,162086699
20260326 160000,176.3200,176.5100,171.1400,171.2400,184987359
20260327 160000,170.0000,170.9700,167.0100,167.5200,194896223
20260330 160000,168.7500,169.4500,164.2700,165.1700,184398798
20260331 160000,167.0000,174.6200,166.9600,174.4000,224892137
20260401 160000,176.0000,177.3700,174.7500,175.7500,167392385
20260402 160000,172.3300,177.4900,171.3700,177.3900,142332100
20260406 160000,177.2000,177.7900,175.7600,177.6400,106950237
20260407 160000,175.8400,178.2300,173.6600,178.1000,125952600
20260408 160000,184.5100,185.2600,180.3000,182.0800,147108638
20260409 160000,182.0100,184.0800,180.6200,183.9100,115752680
20260410 160000,184.4300,190.0000,184.3000,188.6300,159859669
20260413 160000,186.0000,189.6600,185.7400,189.3100,133052929
20260414 160000,191.3800,196.5100,190.7700,196.5100,160165643
20260415 160000,196.5400,200.4000,195.7400,198.8700,184786042
20260416 160000,197.5400,199.8500,195.8100,198.3500,133503276
20260417 160000,199.8800,201.7000,199.2700,201.6800,159681998
20260420 160000,200.1600,202.1700,197.8397,202.0600,118753503
20260421 160000,202.2400,202.7500,199.0000,199.8800,107237587
20260422 160000,200.9800,202.5000,199.0000,202.5000,106902113
20260423 160000,202.5000,203.8290,197.2206,199.6400,112555780
20260424 160000,200.0000,210.9500,199.8100,208.2700,213546494
20260427 160000,209.4500,216.8250,207.3800,216.6100,185109444
20260428 160000,209.4500,214.7300,208.2000,213.1700,179530951
20260429 160000,212.6300,212.7200,207.5758,209.2500,121036394
20260430 160000,209.8700,210.3000,198.7000,199.5700,223915745
20260501 160000,201.2600,203.0000,197.1200,198.4500,127825002
20260504 160000,199.5000,201.7300,194.7400,198.4800,124229456
20260505 160000,199.0200,200.2400,196.0300,196.5000,110884519
20260506 160000,199.9700,208.2650,198.6100,207.8300,186412510
20260507 160000,208.3400,214.2000,206.5000,211.5000,166799801
20260508 160000,213.2400,217.8000,212.8900,215.2000,134760420
20260511 160000,214.0500,222.3000,213.8900,219.4400,157177526
20260512 160000,218.4600,223.7500,214.9200,220.7800,158434070
20260513 160000,225.0000,227.8400,221.5653,225.8300,148836018
20260514 160000,230.0000,236.5400,229.3000,235.7400,178422282
20260515 160000,230.0000,231.5000,224.2400,225.3200,179562400
20260518 160000,229.8300,230.0000,218.3700,222.3200,145047557
20260519 160000,219.8000,224.4800,217.9100,220.6100,139851974
20260520 160000,223.0000,226.1300,220.4950,223.4700,173664615
20260521 160000,222.1600,227.3999,217.9300,219.5100,202188655
20260522 160000,220.7200,221.0100,214.8000,215.3300,167925047
20260526 160000,216.5100,218.1800,212.0000,214.8600,185198550
20260527 160000,214.0000,214.1500,208.7800,212.6000,164700604
20260528 160000,211.3700,215.5191,211.2200,214.2500,141714347
20260529 160000,214.3000,217.8599,211.1300,211.1400,286512725
20260601 160000,215.8700,224.8700,215.7000,224.3600,211183412
20260602 160000,227.3600,232.2800,221.3500,222.8200,191787687
20260603 160000,221.7600,222.8200,214.5100,214.7500,158382593
20260604 160000,214.0000,221.6000,210.9700,218.6600,168061199
20260605 160000,214.6200,214.8700,204.3300,205.1000,217537362
20260608 160000,210.0000,210.4700,206.0000,208.6400,137556041
20260609 160000,210.7600,211.4000,199.3400,208.1900,179848520
20260610 160000,204.3700,207.2200,199.9200,200.4200,160052512
20260611 160000,201.5800,205.6600,199.5400,204.8700,157482575
20260612 160000,204.8700,207.0700,203.4385,205.1900,111839866
20260615 160000,209.0000,212.7107,208.3400,212.4500,149108649
20260616 160000,211.1600,211.4900,207.2900,207.4100,125162110
20260617 160000,208.2600,209.2100,203.0800,204.6500,126329226
20260618 160000,207.5000,211.3900,206.5000,210.6900,238343766
20260622 160000,211.5000,213.9900,207.7200,208.6500,121430678
20260623 160000,202.0000,203.7700,200.0000,200.0400,152560164
20260624 160000,200.0400,201.6700,196.5800,199.0000,149560972
20260625 160000,200.0400,200.8000,192.1300,195.7400,148552338
20260626 160000,193.1800,195.5500,191.2200,192.5300,177822961
20260629 160000,193.6500,196.1800,189.8000,194.9700,147560346
20260630 160000,197.1700,200.6300,195.1100,200.0900,163166182
20260701 160000,196.0500,199.8500,193.4500,197.5800,143046875
20260702 160000,197.1200,200.0550,192.3500,194.8300,141028423
20260706 160000,194.4800,197.5500,193.9900,195.5500,106854960
20260707 160000,192.2700,198.4100,191.1400,196.9300,122943204
20260708 160000,195.4900,205.1600,195.0600,204.1200,146526985
20260709 160000,204.3500,204.5850,198.9600,202.7800,131174109
20260710 160000,202.0400,211.0000,201.9200,210.9600,147768593
