{
  "2026-06-15": {
    "timestamp": 1781301385984,
    "time": "5:56:25 PM",
    "spx": 65.15277186834687,
    "ndx": 162.88192967086718,
    "spxStrike": 7430,
    "ndxStrike": 29650,
    "spxCall": 31.25,
    "spxPut": 30.6,
    "ndxCall": 0,
    "ndxPut": 0
  }
}