sym,tf,signal,dt,o,h,l,c,body,atr,f1,f2,f3,f5
ES,1h,bull (close==high),2017-04-17 15:00:00,3163.5,3170.75,3163.0,3170.75,0.9354838709677419,,-0.25,-0.75,-1.25,-1.75
ES,1h,bull (close==high),2017-04-18 00:00:00,3168.75,3170.0,3168.75,3170.0,1.0,,-0.25,-0.25,-3.5,-9.25
ES,1h,bull (close==high),2017-04-19 00:00:00,3164.75,3166.0,3164.5,3166.0,0.8333333333333334,3.6607142857142856,-0.75,-0.5,0.0,3.75
ES,1h,bull (close==high),2017-04-24 01:00:00,3191.5,3194.0,3191.25,3194.0,0.9090909090909091,5.035714285714286,2.5,3.0,4.75,6.25
ES,1h,bull (close==high),2017-04-24 04:00:00,3196.75,3198.75,3196.0,3198.75,0.7272727272727273,4.535714285714286,-0.25,1.5,0.75,-4.0
ES,1h,bull (close==high),2017-04-24 20:00:00,3193.75,3195.0,3193.75,3195.0,1.0,3.3035714285714284,1.25,2.5,2.75,3.75
ES,1h,bull (close==high),2017-04-25 21:00:00,3208.75,3210.5,3208.75,3210.5,1.0,2.982142857142857,0.25,0.0,0.5,-0.25
ES,1h,bull (close==high),2017-04-26 00:00:00,3210.5,3211.0,3209.5,3211.0,0.3333333333333333,2.375,0.0,-0.75,-2.5,0.5
ES,1h,bull (close==high),2017-04-26 18:00:00,3206.75,3208.5,3206.5,3208.5,0.875,4.375,0.25,1.0,0.5,0.5
ES,1h,bull (close==high),2017-04-27 12:00:00,3205.5,3213.75,3205.25,3213.75,0.9705882352941176,3.2142857142857144,-2.5,-2.25,-3.25,-3.0
ES,1h,bull (close==high),2017-04-30 19:00:00,3203.75,3204.0,3203.25,3204.0,0.3333333333333333,2.9464285714285716,0.5,3.0,2.75,3.25
ES,1h,bull (close==high),2017-05-01 01:00:00,3207.25,3208.0,3207.0,3208.0,0.75,2.3392857142857144,1.25,0.75,0.75,2.0
ES,1h,bull (close==high),2017-05-01 13:00:00,3209.75,3214.5,3209.0,3214.5,0.8636363636363636,2.607142857142857,-1.0,-3.75,-2.5,-3.0
ES,1h,bull (close==high),2017-05-01 20:00:00,3211.5,3213.25,3211.25,3213.25,0.875,3.1964285714285716,-2.75,-2.0,-2.25,-3.75
ES,1h,bull (close==high),2017-05-02 02:00:00,3209.5,3211.75,3209.5,3211.75,1.0,2.6964285714285716,-0.25,-1.75,-0.25,-0.5
ES,1h,bull (close==high),2017-05-02 07:00:00,3210.75,3211.25,3210.25,3211.25,0.5,1.8214285714285714,1.25,-3.75,-2.75,1.0
ES,1h,bull (close==high),2017-05-02 08:00:00,3211.25,3212.5,3210.75,3212.5,0.7142857142857143,1.8035714285714286,-5.0,-4.0,-2.75,-1.75
ES,1h,bull (close==high),2017-05-05 00:00:00,3205.25,3206.25,3204.25,3206.25,0.5,3.4642857142857144,0.75,1.0,3.25,5.25
ES,1h,bull (close==high),2017-05-05 13:00:00,3213.25,3214.75,3212.0,3214.75,0.5454545454545454,2.9642857142857144,1.25,6.25,9.5,7.5
ES,1h,bull (close==high),2017-05-05 15:00:00,3216.0,3221.0,3215.0,3221.0,0.8333333333333334,3.392857142857143,3.25,1.5,1.25,0.25
ES,1h,bull (close==high),2017-05-08 22:00:00,3219.25,3219.75,3218.5,3219.75,0.4,2.4285714285714284,-0.5,-0.5,-0.5,0.5
ES,1h,bull (close==high),2017-05-10 12:00:00,3219.5,3220.75,3219.25,3220.75,0.8333333333333334,2.142857142857143,-0.5,0.0,1.0,-0.5
ES,1h,bull (close==high),2017-05-11 01:00:00,3219.25,3219.5,3218.75,3219.5,0.3333333333333333,1.7321428571428572,-0.25,-1.25,-1.5,-2.5
ES,1h,bull (close==high),2017-05-11 13:00:00,3212.5,3216.0,3212.25,3216.0,0.9333333333333333,3.142857142857143,0.0,1.0,-0.25,0.0
ES,1h,bull (close==high),2017-05-12 01:00:00,3212.75,3213.5,3212.5,3213.5,0.75,2.357142857142857,-1.25,-3.0,-3.25,-2.25
ES,1h,bull (close==high),2017-05-12 06:00:00,3210.5,3211.25,3209.75,3211.25,0.5,1.6607142857142858,0.25,3.5,1.5,2.0
ES,1h,bull (close==high),2017-05-12 13:00:00,3212.0,3213.0,3211.0,3213.0,0.5,2.5714285714285716,-0.5,0.0,1.25,1.25
ES,1h,bull (close==high),2017-05-14 20:00:00,3214.25,3215.5,3213.5,3215.5,0.625,2.857142857142857,0.75,1.5,1.5,0.5
ES,1h,bull (close==high),2017-05-15 19:00:00,3223.5,3224.25,3223.0,3224.25,0.6,2.9642857142857144,-0.5,-1.5,-2.5,-1.5
ES,1h,bull (close==high),2017-05-16 00:00:00,3222.0,3222.75,3221.75,3222.75,0.75,2.2857142857142856,0.25,0.5,1.0,0.0
ES,1h,bull (close==high),2017-05-16 06:00:00,3223.0,3225.0,3222.75,3225.0,0.8888888888888888,1.625,1.75,2.5,2.25,-0.25
ES,1h,bull (close==high),2017-05-17 11:00:00,3193.0,3200.0,3191.5,3200.0,0.8235294117647058,4.660714285714286,-1.0,-8.0,-12.5,-18.5
ES,1h,bull (close==high),2017-05-21 23:00:00,3208.0,3209.75,3208.0,3209.75,1.0,3.875,-1.25,-0.25,0.0,-2.25
ES,1h,bull (close==high),2017-05-22 01:00:00,3208.75,3209.5,3208.25,3209.5,0.6,2.875,0.25,-2.25,-2.0,-3.0
ES,1h,bull (close==high),2017-05-22 11:00:00,3211.75,3215.0,3211.0,3215.0,0.8125,3.0357142857142856,1.25,1.0,1.75,4.0
ES,1h,bull (close==high),2017-05-22 22:00:00,3214.0,3216.5,3213.75,3216.5,0.9090909090909091,3.4464285714285716,-0.5,-0.5,-1.75,4.75
ES,1h,bull (close==high),2017-05-24 01:00:00,3221.0,3221.75,3220.75,3221.75,0.75,2.0,0.25,2.25,2.0,0.75
ES,1h,bull (close==high),2017-05-25 12:00:00,3236.25,3240.75,3235.5,3240.75,0.8571428571428571,3.25,-1.0,-0.25,-1.75,-3.25
ES,1h,bull (close==high),2017-05-25 23:00:00,3236.5,3237.25,3236.25,3237.25,0.75,3.25,0.25,-0.5,0.5,-0.5
ES,1h,bull (close==high),2017-05-26 16:00:00,3239.0,3240.0,3238.25,3240.0,0.5714285714285714,2.875,2.0,1.0,1.5,1.25
ES,1h,bull (close==high),2017-05-29 06:00:00,3240.25,3241.0,3239.75,3241.0,0.6,1.5357142857142858,0.25,1.0,0.75,-0.5
ES,1h,bull (close==high),2017-05-29 08:00:00,3241.0,3242.0,3241.0,3242.0,1.0,1.3392857142857142,-0.25,-2.0,-1.5,-2.25
ES,1h,bull (close==high),2017-05-30 00:00:00,3238.0,3238.5,3238.0,3238.5,1.0,1.3571428571428572,-0.75,-2.0,-0.5,-2.0
ES,1h,bull (close==high),2017-05-30 22:00:00,3237.25,3237.5,3236.5,3237.5,0.25,2.357142857142857,-0.5,-0.5,-1.0,-0.25
ES,1h,bull (close==high),2017-06-01 08:00:00,3237.25,3240.25,3236.75,3240.25,0.8571428571428571,2.0357142857142856,0.5,-0.5,4.75,9.75
ES,1h,bull (close==high),2017-06-01 11:00:00,3239.75,3245.0,3239.25,3245.0,0.9130434782608695,2.5714285714285716,3.25,5.0,4.5,9.5
ES,1h,bull (close==high),2017-06-05 18:00:00,3259.5,3260.25,3259.25,3260.25,0.75,2.0714285714285716,0.0,-2.25,-1.75,-2.25
ES,1h,bull (close==high),2017-06-05 21:00:00,3258.25,3258.5,3257.0,3258.5,0.16666666666666666,2.0892857142857144,-0.5,-0.5,-0.25,-2.75
ES,1h,bull (close==high),2017-06-06 00:00:00,3258.0,3258.25,3257.75,3258.25,0.5,1.7857142857142858,-1.75,-2.5,-1.5,-1.25
ES,1h,bull (close==high),2017-06-06 18:00:00,3255.5,3256.75,3255.25,3256.75,0.8333333333333334,3.4464285714285716,-0.5,0.25,0.75,1.25
ES,1h,bull (close==high),2017-06-06 23:02:00,3257.75,3258.0,3257.5,3258.0,0.5,2.9642857142857144,0.5,-0.25,-1.0,-2.5
ES,1h,bull (close==high),2017-06-07 07:00:00,3256.75,3258.5,3256.25,3258.5,0.7777777777777778,1.5357142857142858,-1.0,0.25,-2.5,-6.0
ES,1h,bull (close==high),2017-06-07 19:01:00,3257.5,3257.75,3256.5,3257.75,0.2,3.142857142857143,-0.75,-0.5,0.5,2.0
ES,1h,bull (close==high),2017-06-07 22:00:00,3257.25,3258.25,3257.25,3258.25,1.0,2.982142857142857,1.75,1.5,-0.25,1.5
ES,1h,bull (close==high),2017-06-15 19:00:00,3258.5,3259.75,3258.0,3259.75,0.7142857142857143,4.428571428571429,1.75,3.0,2.75,3.25
ES,1h,bull (close==high),2017-06-16 16:00:00,3258.5,3262.5,3257.75,3262.5,0.8421052631578947,3.9285714285714284,-1.0,-1.0,1.0,1.75
ES,1h,bull (close==high),2017-06-22 20:00:00,3261.25,3262.0,3260.0,3262.0,0.375,3.0357142857142856,-0.75,0.5,0.25,0.5
ES,1h,bull (close==high),2017-06-22 22:00:00,3261.0,3262.5,3261.0,3262.5,1.0,2.9285714285714284,-0.25,0.0,0.0,0.0
ES,1h,bull (close==high),2017-06-23 08:00:00,3260.25,3262.25,3260.0,3262.25,0.8888888888888888,1.8214285714285714,-2.75,2.0,2.5,3.25
ES,1h,bull (close==high),2017-06-25 19:00:00,3260.0,3260.5,3259.5,3260.5,0.5,3.5357142857142856,0.75,2.75,3.5,3.25
ES,1h,bull (close==high),2017-06-26 23:00:00,3264.25,3264.75,3263.5,3264.75,0.4,3.5892857142857144,-0.5,-1.0,-2.75,-3.25
ES,1h,bull (close==high),2017-06-27 07:00:00,3261.75,3262.25,3260.0,3262.25,0.2222222222222222,2.0,0.0,-2.5,1.25,-3.25
ES,1h,bull (close==high),2017-06-28 16:00:00,3266.0,3270.5,3265.0,3270.5,0.8181818181818182,4.517857142857143,0.25,0.5,0.25,1.25
ES,1h,bull (close==high),2017-06-30 00:00:00,3246.5,3248.25,3246.25,3248.25,0.875,6.196428571428571,0.5,-1.0,-0.5,4.0
ES,1h,bull (close==high),2017-06-30 01:00:00,3248.25,3248.75,3247.5,3248.75,0.4,5.75,-1.5,-1.0,-0.25,5.0
ES,1h,bull (close==high),2017-07-02 18:00:00,3250.0,3252.75,3249.5,3252.75,0.8461538461538461,4.482142857142857,-0.25,0.25,1.75,2.25
ES,1h,bull (close==high),2017-07-03 01:00:00,3254.5,3255.0,3254.0,3255.0,0.5,3.625,-1.25,1.75,2.25,1.5
ES,1h,bull (close==high),2017-07-03 06:00:00,3256.0,3256.5,3255.25,3256.5,0.4,2.517857142857143,0.75,2.75,5.0,5.5
ES,1h,bull (close==high),2017-07-03 08:00:00,3257.25,3259.25,3256.25,3259.25,0.6666666666666666,2.2857142857142856,2.25,3.75,2.75,-6.25
ES,1h,bull (close==high),2017-07-05 00:00:00,3253.0,3253.5,3253.0,3253.5,1.0,2.2857142857142856,1.25,1.0,2.0,-1.0
ES,1h,bull (close==high),2017-07-05 06:00:00,3252.75,3255.0,3252.25,3255.0,0.8181818181818182,2.4285714285714284,0.5,1.5,-2.75,-0.5
ES,1h,bull (close==high),2017-07-07 02:00:00,3238.0,3239.25,3237.75,3239.25,0.8333333333333334,2.8214285714285716,-2.25,-2.75,-3.0,-2.5
ES,1h,bull (close==high),2017-07-09 21:00:00,3254.25,3255.0,3253.5,3255.0,0.5,3.5357142857142856,0.75,1.75,0.75,-0.5
ES,1h,bull (close==high),2017-07-10 10:00:00,3248.25,3254.5,3247.75,3254.5,0.9259259259259259,2.5535714285714284,0.75,1.75,2.25,-1.0
ES,1h,bull (close==high),2017-07-10 18:00:00,3251.75,3252.0,3250.5,3252.0,0.16666666666666666,2.8214285714285716,0.5,1.0,1.0,2.0
ES,1h,bull (close==high),2017-07-10 19:00:00,3251.75,3252.5,3251.5,3252.5,0.75,2.732142857142857,0.5,0.5,1.25,1.75
ES,1h,bull (close==high),2017-07-10 20:00:00,3252.25,3253.0,3252.0,3253.0,0.75,2.642857142857143,0.0,0.75,1.0,2.0
ES,1h,bull (close==high),2017-07-12 18:00:00,3269.25,3269.75,3268.25,3269.75,0.3333333333333333,3.6785714285714284,0.0,0.0,0.0,-0.75
ES,1h,bull (close==high),2017-07-13 00:00:00,3269.0,3270.25,3269.0,3270.25,1.0,2.375,0.0,-0.5,1.75,2.25
ES,1h,bull (close==high),2017-07-13 16:00:00,3273.5,3274.5,3272.25,3274.5,0.4444444444444444,2.9107142857142856,-1.0,-0.75,-0.25,-1.0
ES,1h,bull (close==high),2017-07-13 20:00:00,3273.75,3274.25,3273.25,3274.25,0.5,2.607142857142857,-0.75,-0.75,-1.25,-1.25
ES,1h,bull (close==high),2017-07-14 13:00:00,3281.0,3284.5,3280.75,3284.5,0.9333333333333333,2.6607142857142856,-0.25,0.25,1.0,1.0
ES,1h,bull (close==high),2017-07-17 16:00:00,3284.5,3287.75,3284.25,3287.75,0.9285714285714286,2.767857142857143,-1.0,-1.25,-2.75,-4.5
ES,1h,bull (close==high),2017-07-19 09:00:00,3288.5,3293.0,3287.75,3293.0,0.8571428571428571,1.5535714285714286,-0.5,1.25,1.75,3.75
ES,1h,bull (close==high),2017-07-19 19:00:00,3298.0,3298.75,3297.25,3298.75,0.5,2.1785714285714284,-0.25,-0.25,-0.75,-0.5
ES,1h,bull (close==high),2017-07-20 07:00:00,3300.0,3301.5,3300.0,3301.5,1.0,1.3571428571428572,-0.25,0.5,-1.75,-0.25
ES,1h,bull (close==high),2017-07-21 11:00:00,3291.75,3296.25,3291.5,3296.25,0.9473684210526315,2.4464285714285716,0.25,0.25,-0.25,1.75
ES,1h,bull (close==high),2017-07-21 16:00:00,3297.75,3298.0,3296.5,3298.0,0.16666666666666666,3.0714285714285716,-0.5,-1.5,-3.5,-4.0
ES,1h,bull (close==high),2017-07-24 06:00:00,3293.25,3295.0,3292.5,3295.0,0.7,2.017857142857143,-0.25,1.25,0.0,-0.5
ES,1h,bull (close==high),2017-07-25 19:00:00,3303.0,3303.25,3302.25,3303.25,0.25,2.5535714285714284,-0.75,-1.75,-2.25,-2.75
ES,1h,bull (close==high),2017-07-26 04:00:00,3304.25,3304.5,3303.25,3304.5,0.2,1.6964285714285714,0.5,0.5,1.75,0.0
ES,1h,bull (close==high),2017-07-30 21:00:00,3295.25,3296.25,3294.75,3296.25,0.6666666666666666,2.9642857142857144,0.0,-0.75,0.0,0.75
ES,1h,bull (close==high),2017-07-31 00:01:00,3295.75,3296.25,3295.25,3296.25,0.5,2.482142857142857,-0.5,0.75,4.5,4.5
ES,1h,bull (close==high),2017-07-31 07:00:00,3300.25,3301.5,3300.0,3301.5,0.8333333333333334,2.0,0.25,-3.25,-6.75,-3.0
ES,1h,bull (close==high),2017-08-01 02:00:00,3301.0,3303.0,3300.75,3303.0,0.8888888888888888,2.6964285714285716,0.25,2.0,0.25,-2.0
ES,1h,bull (close==high),2017-08-01 22:00:00,3302.0,3302.75,3301.75,3302.75,0.75,2.6964285714285716,0.0,0.0,-0.25,-0.25
ES,1h,bull (close==high),2017-08-02 02:00:00,3302.75,3303.25,3302.5,3303.25,0.6666666666666666,1.5178571428571428,-0.75,-1.75,-1.0,-2.25
ES,1h,bull (close==high),2017-08-03 01:00:00,3299.25,3299.75,3298.75,3299.75,0.5,2.517857142857143,-1.0,-3.5,-0.5,1.0
ES,1h,bull (close==high),2017-08-03 04:00:00,3296.25,3299.25,3296.25,3299.25,1.0,2.0357142857142856,-0.25,1.5,1.25,-1.5
ES,1h,bull (close==high),2017-08-03 22:00:00,3298.0,3298.75,3297.75,3298.75,0.75,3.125,-0.25,0.25,0.5,2.0
ES,1h,bull (close==high),2017-08-06 22:00:00,3304.25,3304.75,3303.75,3304.75,0.5,2.9464285714285716,0.0,0.0,-0.5,-0.5
ES,1h,bull (close==high),2017-08-07 19:00:00,3304.25,3304.75,3304.0,3304.75,0.6666666666666666,1.8214285714285714,-1.0,-2.25,-2.0,-1.75
ES,1h,bull (close==high),2017-08-09 06:00:00,3288.75,3293.0,3288.25,3293.0,0.8947368421052632,3.232142857142857,-3.0,-0.75,1.25,5.0
ES,1h,bull (close==high),2017-08-09 11:00:00,3295.5,3298.0,3291.25,3298.0,0.37037037037037035,4.25,-3.0,-3.25,-4.75,4.0
ES,1h,bull (close==high),2017-08-10 23:00:00,3262.25,3263.25,3261.5,3263.25,0.5714285714285714,5.839285714285714,-0.5,0.25,1.5,-1.75
ES,1h,bull (close==high),2017-08-11 16:00:00,3267.75,3268.75,3266.75,3268.75,0.5,5.321428571428571,4.0,6.0,8.25,7.75
ES,1h,bull (close==high),2017-08-13 22:00:00,3276.0,3276.5,3275.25,3276.5,0.4,4.982142857142857,0.5,0.0,-0.5,6.5
ES,1h,bull (close==high),2017-08-14 06:00:00,3281.25,3282.5,3280.75,3282.5,0.7142857142857143,2.4642857142857144,-1.25,-0.5,5.75,10.5
ES,1h,bull (close==high),2017-08-15 06:00:00,3295.5,3297.0,3294.5,3297.0,0.6,2.625,0.25,0.0,-3.25,-6.75
ES,1h,bull (close==high),2017-08-15 23:00:00,3290.5,3291.0,3290.25,3291.0,0.6666666666666666,3.1964285714285716,0.0,0.75,3.5,6.75
ES,1h,bull (close==high),2017-08-21 16:00:00,3254.75,3256.75,3254.5,3256.75,0.8888888888888888,4.446428571428571,-0.25,0.5,4.25,5.5
ES,1h,bull (close==high),2017-08-21 22:00:00,3261.0,3262.25,3260.5,3262.25,0.7142857142857143,4.071428571428571,-0.75,-1.25,-1.0,-0.5
ES,1h,bull (close==high),2017-08-22 02:00:00,3261.0,3264.25,3260.0,3264.25,0.7647058823529411,2.9642857142857144,-2.5,-3.25,-5.0,-3.75
ES,1h,bull (close==high),2017-08-23 06:00:00,3275.0,3275.5,3273.25,3275.5,0.2222222222222222,2.3392857142857144,-3.25,-5.0,-2.25,-1.0
ES,1h,bull (close==high),2017-08-28 08:00:00,3272.0,3275.25,3272.0,3275.25,1.0,2.5714285714285716,-3.75,-2.75,-4.25,-5.5
ES,1h,bull (close==high),2017-08-28 15:00:00,3269.5,3271.25,3268.0,3271.25,0.5384615384615384,3.4642857142857144,1.0,-12.0,-12.25,-15.5
ES,1h,bull (close==high),2017-08-29 06:00:00,3254.5,3256.75,3253.0,3256.75,0.6,5.196428571428571,2.75,1.0,6.25,12.5
ES,1h,bull (close==high),2017-08-29 22:00:00,3276.5,3276.75,3275.0,3276.75,0.14285714285714285,3.9642857142857144,0.25,0.0,0.5,2.5
ES,1h,bull (close==high),2017-08-29 23:00:00,3276.5,3277.0,3276.5,3277.0,1.0,3.6785714285714284,-0.25,0.25,4.75,0.75
ES,1h,bull (close==high),2017-08-30 23:00:00,3285.25,3285.75,3284.75,3285.75,0.5,3.125,0.0,0.0,0.0,4.75
ES,1h,bull (close==high),2017-08-31 05:00:00,3290.25,3292.5,3290.0,3292.5,0.9,2.267857142857143,-2.5,-4.5,-2.5,1.75
ES,1h,bull (close==high),2017-09-01 02:00:00,3299.0,3300.75,3299.0,3300.75,1.0,2.25,1.0,-0.5,-0.25,3.75
ES,1h,bull (close==high),2017-09-01 03:00:00,3300.75,3301.75,3299.75,3301.75,0.5,2.1964285714285716,-1.5,-1.25,0.75,1.75
ES,1h,bull (close==high),2017-09-04 07:00:00,3295.0,3295.25,3293.25,3295.25,0.125,3.0535714285714284,-1.5,-1.5,1.0,0.75
ES,1h,bull (close==high),2017-09-04 23:00:00,3294.25,3295.0,3293.5,3295.0,0.5,2.25,1.5,1.0,2.5,1.75
ES,1h,bull (close==high),2017-09-05 00:00:00,3295.0,3296.5,3294.5,3296.5,0.75,2.1964285714285716,-0.5,1.0,0.5,-0.75
ES,1h,bull (close==high),2017-09-05 07:00:00,3294.25,3297.25,3294.0,3297.25,0.9230769230769231,2.4285714285714284,-0.75,0.5,-4.75,-17.5
ES,1h,bull (close==high),2017-09-07 02:00:00,3289.5,3291.0,3289.25,3291.0,0.8571428571428571,2.8035714285714284,-1.25,-1.25,1.0,3.75
ES,1h,bull (close==high),2017-09-07 18:00:00,3295.0,3296.0,3293.25,3296.0,0.36363636363636365,3.5535714285714284,-4.0,-5.25,-4.75,-4.75
ES,1h,bull (close==high),2017-09-08 07:00:00,3285.75,3288.5,3285.75,3288.5,1.0,2.892857142857143,0.75,2.75,4.0,4.0
ES,1h,bull (close==high),2017-09-08 09:00:00,3289.5,3291.25,3287.0,3291.25,0.4117647058823529,2.9107142857142856,1.25,0.5,1.25,0.25
ES,1h,bull (close==high),2017-09-10 22:00:00,3302.25,3303.25,3302.25,3303.25,1.0,3.517857142857143,0.25,-1.0,-1.0,-0.25
ES,1h,bull (close==high),2017-09-10 23:00:00,3303.0,3303.5,3303.0,3303.5,1.0,3.357142857142857,-1.25,-1.25,-1.5,1.25
ES,1h,bull (close==high),2017-09-13 20:00:00,3322.75,3324.0,3322.5,3324.0,0.8333333333333334,2.4107142857142856,0.0,-1.5,-1.5,-1.5
ES,1h,bull (close==high),2017-09-14 00:00:00,3322.25,3322.5,3321.75,3322.5,0.3333333333333333,2.0357142857142856,0.0,-0.5,1.0,1.5
ES,1h,bull (close==high),2017-09-14 03:00:00,3322.25,3323.5,3321.75,3323.5,0.7142857142857143,1.6607142857142858,0.5,0.5,0.25,-4.0
ES,1h,bull (close==high),2017-09-14 04:00:00,3323.5,3324.0,3322.25,3324.0,0.2857142857142857,1.6428571428571428,0.0,-0.25,-0.5,-1.25
ES,1h,bull (close==high),2017-09-14 20:00:00,3318.0,3320.25,3317.75,3320.25,0.9,3.017857142857143,0.0,-0.5,2.0,1.75
ES,1h,bull (close==high),2017-09-15 16:00:00,3327.75,3330.25,3326.75,3330.25,0.7142857142857143,2.642857142857143,-0.75,0.75,0.75,3.0
ES,1h,bull (close==high),2017-09-19 13:00:00,3335.25,3335.75,3334.0,3335.75,0.2857142857142857,2.0357142857142856,-0.75,-0.5,-2.0,-2.5
ES,1h,bull (close==high),2017-09-22 00:00:00,3324.5,3324.75,3323.75,3324.75,0.25,2.9285714285714284,0.5,1.25,2.0,3.75
ES,1h,bull (close==high),2017-09-27 07:00:00,3329.25,3330.75,3328.5,3330.75,0.6666666666666666,1.8035714285714286,0.25,1.5,-5.0,-1.25
ES,1h,bull (close==high),2017-09-27 12:00:00,3327.5,3329.5,3326.0,3329.5,0.5714285714285714,2.9642857142857144,2.75,7.75,5.5,3.25
ES,1h,bull (close==high),2017-09-28 00:00:00,3334.5,3335.25,3334.25,3335.25,0.75,3.107142857142857,0.0,-0.75,-1.75,-2.0
ES,1h,bull (close==high),2017-09-28 08:00:00,3331.0,3331.25,3329.25,3331.25,0.125,1.6428571428571428,1.25,2.75,3.25,7.0
ES,1h,bull (close==high),2017-09-28 13:00:00,3336.75,3338.25,3335.75,3338.25,0.6,2.5357142857142856,-1.75,-0.75,-0.5,-2.25
ES,1h,bull (close==high),2017-09-28 23:00:00,3336.75,3337.25,3336.5,3337.25,0.6666666666666666,2.357142857142857,-0.5,-0.75,-1.0,-1.0
ES,1h,bull (close==high),2017-09-29 11:00:00,3341.75,3344.25,3340.75,3344.25,0.7142857142857143,1.8571428571428572,0.75,0.25,0.0,3.75
ES,1h,bull (close==high),2017-09-29 16:00:00,3345.75,3348.0,3345.0,3348.0,0.75,2.4107142857142856,2.75,2.5,1.5,1.25
ES,1h,bull (close==high),2017-10-03 07:00:00,3358.25,3358.5,3357.5,3358.5,0.25,1.25,0.25,0.5,-1.0,1.0
ES,1h,bull (close==high),2017-10-03 12:00:00,3358.5,3359.5,3358.25,3359.5,0.8,1.5357142857142858,0.0,1.5,2.75,2.25
ES,1h,bull (close==high),2017-10-03 14:00:00,3359.5,3361.0,3359.25,3361.0,0.8571428571428571,1.5535714285714286,1.25,2.25,0.75,0.25
ES,1h,bull (close==high),2017-10-04 10:00:00,3362.0,3362.75,3360.5,3362.75,0.3333333333333333,1.3571428571428572,3.75,3.5,2.0,3.0
ES,1h,bull (close==high),2017-10-04 21:00:00,3365.0,3366.0,3364.75,3366.0,0.8,2.2142857142857144,0.5,0.5,0.25,-0.75
ES,1h,bull (close==high),2017-10-05 07:00:00,3367.0,3368.0,3366.5,3368.0,0.6666666666666666,1.1071428571428572,0.25,1.5,3.25,9.5
ES,1h,bull (close==high),2017-10-05 11:00:00,3371.25,3376.0,3370.75,3376.0,0.9047619047619048,1.8035714285714286,1.5,2.5,3.0,3.25
ES,1h,bull (close==high),2017-10-05 20:00:00,3379.0,3379.75,3379.0,3379.75,1.0,2.232142857142857,-0.25,-0.25,-0.25,-0.5
ES,1h,bull (close==high),2017-10-09 01:00:00,3377.75,3378.0,3377.5,3378.0,0.5,2.0,-0.75,0.25,0.25,1.25
ES,1h,bull (close==high),2017-10-10 00:00:00,3375.0,3375.25,3374.5,3375.25,0.3333333333333333,1.8928571428571428,0.25,1.25,1.25,2.0
ES,1h,bull (close==high),2017-10-10 08:00:00,3377.5,3379.0,3377.25,3379.0,0.8571428571428571,1.6428571428571428,1.5,-2.5,-4.0,-2.5
ES,1h,bull (close==high),2017-10-11 05:00:00,3376.25,3376.5,3375.5,3376.5,0.25,1.4285714285714286,1.0,-0.75,0.75,2.0
ES,1h,bull (close==high),2017-10-12 11:00:00,3381.0,3383.0,3380.5,3383.0,0.8,2.0,-1.5,-0.75,-2.75,-4.0
ES,1h,bull (close==high),2017-10-12 18:00:00,3378.25,3378.75,3377.75,3378.75,0.5,2.5714285714285716,-1.0,-0.5,0.25,1.5
ES,1h,bull (close==high),2017-10-12 23:00:00,3379.25,3380.25,3379.25,3380.25,1.0,2.267857142857143,0.25,-0.25,-0.75,-1.0
ES,1h,bull (close==high),2017-10-13 06:00:00,3380.5,3381.5,3380.25,3381.5,0.8,1.2857142857142858,1.25,2.75,0.75,2.5
ES,1h,bull (close==high),2017-10-16 22:00:00,3385.0,3386.0,3384.75,3386.0,0.8,2.1607142857142856,0.25,0.25,0.5,-1.0
ES,1h,bull (close==high),2017-10-16 23:00:00,3385.75,3386.25,3385.75,3386.25,1.0,2.0892857142857144,0.0,0.25,-0.75,-1.0
ES,1h,bull (close==high),2017-10-17 06:00:00,3385.75,3386.0,3385.25,3386.0,0.3333333333333333,1.1428571428571428,0.25,-0.25,-0.5,-2.0
ES,1h,bull (close==high),2017-10-17 21:00:00,3387.5,3388.25,3387.5,3388.25,1.0,1.9642857142857142,0.0,-0.25,-0.5,-0.5
ES,1h,bull (close==high),2017-10-17 22:00:00,3388.0,3388.25,3387.75,3388.25,0.5,1.9107142857142858,-0.25,-0.5,-0.5,-0.5
ES,1h,bull (close==high),2017-10-18 21:01:00,3390.0,3390.25,3389.75,3390.25,0.5,1.9107142857142858,0.25,-1.0,-0.5,-3.25
ES,1h,bull (close==high),2017-10-19 00:00:00,3389.25,3389.75,3388.5,3389.75,0.4,1.7142857142857142,-1.25,-2.75,-11.75,-10.0
ES,1h,bull (close==high),2017-10-19 08:00:00,3378.25,3380.75,3376.5,3380.75,0.5882352941176471,3.3214285714285716,-2.75,3.25,2.25,6.0
ES,1h,bull (close==high),2017-10-19 15:00:00,3388.0,3390.75,3387.0,3390.75,0.7333333333333333,5.089285714285714,0.5,-0.5,0.0,9.0
ES,1h,bull (close==high),2017-10-23 08:00:00,3405.25,3406.75,3404.5,3406.75,0.6666666666666666,2.017857142857143,-1.75,-4.25,-4.75,-6.5
ES,1h,bull (close==high),2017-10-23 12:00:00,3402.0,3402.5,3400.75,3402.5,0.2857142857142857,2.357142857142857,-2.25,-4.0,-8.5,-8.0
ES,1h,bull (close==high),2017-10-24 19:00:00,3394.25,3395.0,3393.5,3395.0,0.5,2.8035714285714284,-2.0,-1.0,-0.25,-1.25
ES,1h,bull (close==high),2017-10-24 22:00:00,3393.75,3394.75,3393.75,3394.75,1.0,2.7142857142857144,0.25,-1.0,-1.75,0.25
ES,1h,bull (close==high),2017-10-25 06:00:00,3394.5,3395.75,3393.75,3395.75,0.625,2.1785714285714284,-2.25,-1.5,-5.75,-16.5
ES,1h,bull (close==high),2017-10-26 05:00:00,3387.0,3387.75,3386.5,3387.75,0.6,2.3392857142857144,2.25,4.0,2.75,5.5
ES,1h,bull (close==high),2017-10-30 07:00:00,3402.25,3404.0,3402.0,3404.0,0.875,2.142857142857143,-1.0,0.5,2.25,-4.5
ES,1h,bull (close==high),2017-10-31 00:00:00,3400.0,3400.5,3399.75,3400.5,0.6666666666666666,3.0357142857142856,-0.75,-0.75,-0.5,2.25
ES,1h,bull (close==high),2017-10-31 20:00:00,3403.25,3405.5,3402.5,3405.5,0.75,2.4464285714285716,1.5,1.25,1.0,2.75
ES,1h,bull (close==high),2017-11-01 05:00:00,3410.75,3412.25,3410.0,3412.25,0.6666666666666666,2.1964285714285716,1.25,0.25,0.0,-1.75
ES,1h,bull (close==high),2017-11-02 01:00:00,3400.0,3400.5,3399.75,3400.5,0.6666666666666666,3.5892857142857144,-0.75,0.0,0.25,1.75
ES,1h,bull (close==high),2017-11-03 02:02:00,3408.25,3409.5,3408.0,3409.5,0.8333333333333334,2.3214285714285716,-1.25,-1.0,-1.0,-0.75
ES,1h,bull (close==high),2017-11-03 15:00:00,3414.75,3415.25,3412.75,3415.25,0.2,2.767857142857143,-3.75,-1.75,-1.75,-8.0
ES,1h,bull (close==high),2017-11-06 01:00:00,3408.5,3410.75,3408.25,3410.75,0.9,3.0892857142857144,-1.0,0.75,1.25,1.5
ES,1h,bull (close==high),2017-11-06 04:00:00,3411.5,3412.0,3409.5,3412.0,0.2,2.9285714285714284,-1.5,0.25,0.25,4.0
ES,1h,bull (close==high),2017-11-06 06:00:00,3410.25,3412.25,3410.25,3412.25,1.0,2.8392857142857144,0.0,0.75,3.75,3.5
ES,1h,bull (close==high),2017-11-06 19:00:00,3418.25,3419.25,3418.0,3419.25,0.8,2.1607142857142856,1.0,0.0,1.75,3.25
ES,1h,bull (close==high),2017-11-07 23:00:00,3413.5,3414.25,3413.0,3414.25,0.6,3.8035714285714284,-0.5,-0.5,1.25,2.0
ES,1h,bull (close==high),2017-11-12 22:00:00,3412.5,3413.0,3412.0,3413.0,0.5,3.1607142857142856,1.25,-2.5,-2.5,-3.0
ES,1h,bull (close==high),2017-11-15 10:00:00,3388.5,3398.75,3387.75,3398.75,0.9318181818181818,4.392857142857143,1.0,0.0,-2.75,-4.75
ES,1h,bull (close==high),2017-11-16 19:00:00,3415.5,3416.0,3413.0,3416.0,0.16666666666666666,3.267857142857143,-2.0,-4.0,-4.0,-3.75
ES,1h,bull (close==high),2017-11-17 06:00:00,3411.75,3413.75,3411.25,3413.75,0.8,2.375,1.5,-0.25,-1.75,-2.25
ES,1h,bull (close==high),2017-11-20 23:00:00,3411.75,3412.75,3411.75,3412.75,1.0,2.4107142857142856,-1.25,-1.5,-1.5,0.5
ES,1h,bull (close==high),2017-11-21 06:00:00,3417.75,3419.0,3416.75,3419.0,0.5555555555555556,2.2142857142857144,1.25,2.75,6.25,9.5
ES,1h,bull (close==high),2017-11-21 14:00:00,3428.5,3429.25,3428.0,3429.25,0.6,2.7857142857142856,-1.0,-3.0,-2.5,-3.5
ES,1h,bull (close==high),2017-11-22 22:00:00,3424.0,3424.25,3423.75,3424.25,0.5,2.1607142857142856,0.5,0.75,-0.75,-0.5
ES,1h,bull (close==high),2017-11-23 04:00:00,3423.75,3425.75,3423.0,3425.75,0.7272727272727273,2.0357142857142856,2.25,1.5,1.0,1.25
ES,1h,bull (close==high),2017-11-23 12:00:00,3426.5,3427.25,3425.75,3427.25,0.5,2.125,-1.75,-1.25,-1.0,0.75
ES,1h,bull (close==high),2017-11-23 21:00:00,3426.25,3426.5,3425.5,3426.5,0.25,2.017857142857143,1.5,1.75,0.5,1.0
ES,1h,bull (close==high),2017-11-23 23:00:00,3427.75,3428.25,3427.25,3428.25,0.5,1.7321428571428572,-1.25,-1.75,-0.75,-0.5
ES,1h,bull (close==high),2017-11-27 00:00:00,3428.0,3429.0,3427.75,3429.0,0.8,2.125,0.25,1.0,3.5,4.25
ES,1h,bull (close==high),2017-11-27 01:00:00,3429.0,3429.25,3428.0,3429.25,0.2,2.0714285714285716,0.75,3.25,3.25,4.25
ES,1h,bull (close==high),2017-11-27 13:00:00,3431.0,3432.5,3431.0,3432.5,1.0,2.625,-0.25,-1.75,0.25,-4.5
ES,1h,bull (close==high),2017-11-29 05:00:00,3456.75,3458.25,3456.0,3458.25,0.6666666666666666,2.0,1.0,0.25,0.5,-1.5
ES,1h,bull (close==high),2017-12-01 01:00:00,3471.75,3473.5,3469.0,3473.5,0.3888888888888889,5.732142857142857,1.75,-3.0,-1.5,-7.5
ES,1h,bull (close==high),2017-12-03 22:00:00,3490.25,3491.75,3489.75,3491.75,0.75,9.375,-1.0,-2.25,-2.25,-3.25
ES,1h,bull (close==high),2017-12-05 06:00:00,3466.75,3470.5,3466.0,3470.5,0.8333333333333334,3.375,3.25,0.5,-1.25,3.25
ES,1h,bull (close==high),2017-12-05 18:00:00,3456.25,3459.75,3456.25,3459.75,1.0,5.446428571428571,1.0,0.5,-5.0,-6.25
ES,1h,bull (close==high),2017-12-07 09:00:00,3457.75,3462.5,3456.5,3462.5,0.7916666666666666,2.5535714285714284,4.0,7.25,7.5,3.75
ES,1h,bull (close==high),2017-12-07 10:00:00,3462.5,3466.5,3459.5,3466.5,0.5714285714285714,2.875,3.25,3.5,2.5,1.25
ES,1h,bull (close==high),2017-12-08 10:00:00,3477.25,3478.5,3474.0,3478.5,0.2777777777777778,2.5892857142857144,-0.5,1.5,2.25,3.75
ES,1h,bull (close==high),2017-12-10 20:00:00,3482.75,3483.5,3482.0,3483.5,0.5,3.5,-0.25,0.75,1.0,0.0
ES,1h,bull (close==high),2017-12-14 08:00:00,3498.25,3499.25,3497.5,3499.25,0.5714285714285714,1.9285714285714286,-1.5,-2.75,-4.0,-11.25
ES,1h,bull (close==high),2017-12-15 01:00:00,3486.25,3487.5,3485.75,3487.5,0.7142857142857143,3.6607142857142856,-0.25,0.25,-0.75,1.0
ES,1h,bull (close==high),2017-12-15 06:00:00,3487.25,3488.5,3486.5,3488.5,0.625,2.3035714285714284,1.75,2.75,5.75,16.0
ES,1h,bull (close==high),2017-12-17 21:00:00,3513.75,3514.25,3513.0,3514.25,0.4,4.5,1.0,1.0,1.0,2.0
ES,1h,bull (close==high),2017-12-18 14:00:00,3522.25,3523.75,3521.25,3523.75,0.6,2.6964285714285716,-1.5,-0.5,-1.0,-1.0
ES,1h,bull (close==high),2017-12-18 16:00:00,3522.25,3523.25,3520.5,3523.25,0.36363636363636365,3.0357142857142856,-0.5,-1.0,-0.5,-0.5
ES,1h,bull (close==high),2017-12-19 22:00:00,3517.0,3518.25,3516.75,3518.25,0.8333333333333334,3.517857142857143,-0.75,-0.5,-1.0,1.0
ES,1h,bull (close==high),2017-12-21 23:00:00,3517.5,3518.5,3516.75,3518.5,0.5714285714285714,3.2857142857142856,-0.75,-1.25,-0.75,-0.25
ES,1h,bull (close==high),2017-12-25 21:00:00,3512.75,3513.0,3512.5,3513.0,0.5,2.892857142857143,0.0,0.25,0.25,1.0
ES,1h,bull (close==high),2017-12-26 02:00:00,3513.25,3514.0,3513.25,3514.0,1.0,1.9285714285714286,0.0,-0.25,-0.5,-1.75
ES,1h,bull (close==high),2017-12-26 14:00:00,3513.5,3514.5,3512.75,3514.5,0.5714285714285714,1.6428571428571428,0.25,0.5,1.0,0.75
ES,1h,bull (close==high),2017-12-26 21:00:00,3515.25,3516.0,3515.0,3516.0,0.75,2.0714285714285716,0.0,1.25,0.0,-0.75
ES,1h,bull (close==high),2017-12-26 23:00:00,3516.25,3517.25,3516.0,3517.25,0.8,1.9285714285714286,-1.25,-2.0,-2.0,-1.75
ES,1h,bull (close==high),2017-12-27 08:00:00,3515.5,3518.25,3514.75,3518.25,0.7857142857142857,1.6607142857142858,-3.0,-0.5,-4.0,-6.0
ES,1h,bull (close==high),2017-12-27 21:00:00,3513.75,3514.75,3513.5,3514.75,0.8,2.4642857142857144,0.0,-0.75,-1.0,0.25
ES,1h,bull (close==high),2017-12-28 01:00:00,3513.75,3514.5,3513.75,3514.5,1.0,1.8928571428571428,0.5,0.25,0.25,1.25
ES,1h,bull (close==high),2017-12-29 00:00:00,3515.0,3515.5,3515.0,3515.5,1.0,1.6785714285714286,0.0,1.0,1.25,6.0
ES,1h,bull (close==high),2018-01-01 23:00:00,3506.25,3506.75,3506.0,3506.75,0.6666666666666666,5.285714285714286,0.75,0.75,1.25,-3.0
ES,1h,bull (close==high),2018-01-02 20:00:00,3522.0,3522.75,3521.75,3522.75,0.75,3.2857142857142856,0.75,0.75,0.75,0.75
ES,1h,bull (close==high),2018-01-03 18:00:00,3537.75,3538.0,3536.5,3538.0,0.16666666666666666,3.4642857142857144,-0.5,-1.25,0.25,1.75
ES,1h,bull (close==high),2018-01-04 23:00:00,3553.0,3553.75,3552.75,3553.75,0.75,3.0357142857142856,0.0,-0.5,0.75,3.0
ES,1h,bull (close==high),2018-01-05 02:00:00,3553.5,3554.5,3553.25,3554.5,0.8,1.9464285714285714,1.0,2.25,4.5,5.0
ES,1h,bull (close==high),2018-01-07 19:00:00,3573.25,3573.5,3572.5,3573.5,0.25,3.892857142857143,0.0,-0.75,-0.75,-1.0
ES,1h,bull (close==high),2018-01-08 14:00:00,3574.5,3575.25,3573.5,3575.25,0.42857142857142855,3.017857142857143,-1.25,-0.75,0.25,-3.25
ES,1h,bull (close==high),2018-01-09 01:00:00,3572.0,3573.25,3572.0,3573.25,1.0,2.1964285714285716,0.5,2.25,2.25,2.0
ES,1h,bull (close==high),2018-01-09 02:00:00,3573.0,3573.75,3572.75,3573.75,0.75,2.0357142857142856,1.75,1.75,1.75,2.75
ES,1h,bull (close==high),2018-01-09 07:00:00,3575.0,3576.5,3575.0,3576.5,1.0,1.6607142857142858,2.5,0.5,2.0,8.0
ES,1h,bull (close==high),2018-01-09 13:00:00,3584.5,3587.25,3584.5,3587.25,1.0,2.892857142857143,-2.75,-7.0,-9.5,-9.75
ES,1h,bull (close==high),2018-01-10 18:00:00,3577.5,3578.25,3576.5,3578.25,0.42857142857142855,5.535714285714286,2.25,1.5,-2.75,2.25
ES,1h,bull (close==high),2018-01-11 20:00:00,3595.75,3596.5,3594.75,3596.5,0.42857142857142855,3.375,0.25,0.5,-0.25,1.0
ES,1h,bull (close==high),2018-01-12 09:00:00,3596.75,3605.0,3596.25,3605.0,0.9428571428571428,2.9285714285714284,6.25,6.25,6.75,7.75
ES,1h,bull (close==high),2018-01-14 23:00:00,3622.25,3622.75,3622.0,3622.75,0.6666666666666666,4.428571428571429,0.0,-2.5,-2.25,-0.5
ES,1h,bull (close==high),2018-01-15 09:00:00,3620.5,3621.75,3620.0,3621.75,0.7142857142857143,2.107142857142857,1.75,-0.25,0.25,-1.0
ES,1h,bull (close==high),2018-01-15 10:00:00,3621.75,3623.5,3621.5,3623.5,0.875,2.142857142857143,-2.0,-1.5,-2.25,-1.75
ES,1h,bull (close==high),2018-01-15 21:00:00,3621.75,3623.0,3621.5,3623.0,0.8333333333333334,2.3392857142857144,0.25,1.0,1.5,2.0
ES,1h,bull (close==high),2018-01-18 06:00:00,3630.75,3634.25,3630.25,3634.25,0.875,3.357142857142857,-3.5,-5.25,-2.25,-9.75
ES,1h,bull (close==high),2018-01-19 03:00:00,3622.5,3626.5,3622.5,3626.5,1.0,4.089285714285714,4.75,5.5,5.5,0.5
ES,1h,bull (close==high),2018-01-22 07:00:00,3636.25,3638.0,3635.75,3638.0,0.7777777777777778,2.5535714285714284,-2.0,4.0,7.75,15.25
ES,1h,bull (close==high),2018-01-26 05:00:00,3673.75,3677.75,3673.5,3677.75,0.9411764705882353,2.9464285714285716,1.75,-0.25,0.5,3.5
ES,1h,bull (close==high),2018-01-26 06:00:00,3677.75,3679.5,3676.25,3679.5,0.5384615384615384,2.4642857142857144,-2.0,-1.25,-0.5,1.75
ES,1h,bull (close==high),2018-01-29 06:00:00,3695.25,3696.0,3692.5,3696.0,0.21428571428571427,3.3392857142857144,-1.5,-3.25,0.75,-7.0
ES,1h,bull (close==high),2018-01-30 04:00:00,3669.0,3673.0,3667.75,3673.0,0.7619047619047619,6.857142857142857,-4.25,-4.75,-6.0,-19.0
ES,1h,bull (close==high),2018-02-01 07:00:00,3655.5,3656.25,3652.5,3656.25,0.2,3.4642857142857144,-11.25,-5.75,-6.75,4.25
ES,1h,bull (close==high),2018-02-02 01:00:00,3644.5,3647.0,3642.25,3647.0,0.5263157894736842,8.053571428571429,-2.0,-10.75,-17.0,-17.0
ES,1h,bull (close==high),2018-02-15 15:00:00,3550.0,3559.5,3547.0,3559.5,0.76,10.482142857142858,2.5,4.75,4.5,3.25
ES,1h,bull (close==high),2018-02-15 23:00:00,3563.0,3563.25,3562.0,3563.25,0.2,8.392857142857142,-1.25,1.25,3.25,8.5
ES,1h,bull (close==high),2018-02-19 05:00:00,3566.5,3567.25,3565.5,3567.25,0.42857142857142855,3.9285714285714284,0.0,-3.5,-4.75,-17.5
ES,1h,bull (close==high),2018-02-20 05:00:00,3541.25,3545.5,3536.5,3545.5,0.4722222222222222,7.607142857142857,-1.5,1.25,0.25,1.75
ES,1h,bull (close==high),2018-02-23 15:00:00,3562.75,3575.0,3562.5,3575.0,0.98,7.892857142857143,-1.5,4.75,-2.0,0.0
ES,1h,bull (close==high),2018-03-06 01:00:00,3547.5,3551.5,3546.0,3551.5,0.7272727272727273,6.964285714285714,2.5,-0.75,0.5,8.75
ES,1h,bull (close==high),2018-03-06 20:00:00,3515.0,3531.25,3514.0,3531.25,0.9420289855072463,12.285714285714286,-6.0,-9.25,-7.25,-9.0
ES,1h,bull (close==high),2018-03-08 06:00:00,3553.25,3556.75,3552.0,3556.75,0.7368421052631579,4.321428571428571,2.5,0.75,2.25,1.5
ES,1h,bull (close==high),2018-03-09 05:00:00,3567.0,3570.0,3564.75,3570.0,0.5714285714285714,4.946428571428571,-4.25,-2.25,13.75,24.0
ES,1h,bull (close==high),2018-03-12 01:00:00,3621.75,3624.0,3620.75,3624.0,0.6923076923076923,5.357142857142857,2.5,3.5,-2.5,-2.25
ES,1h,bull (close==high),2018-03-12 20:00:00,3610.75,3611.5,3609.75,3611.5,0.42857142857142855,5.803571428571429,-0.25,-0.5,-0.25,2.0
ES,1h,bull (close==high),2018-03-14 03:00:00,3592.25,3601.25,3592.25,3601.25,1.0,5.982142857142857,1.5,2.75,0.75,0.75
ES,1h,bull (close==high),2018-03-15 01:00:00,3580.25,3582.75,3576.75,3582.75,0.4166666666666667,9.5,-0.25,1.0,-1.25,-6.75
ES,1h,bull (close==high),2018-03-20 01:00:00,3547.25,3550.25,3546.75,3550.25,0.8571428571428571,8.571428571428571,-0.5,-4.25,-3.75,-2.75
ES,1h,bull (close==high),2018-03-25 21:00:00,3431.5,3437.5,3429.75,3437.5,0.7741935483870968,17.285714285714285,-4.75,-2.5,-3.5,9.25
ES,1h,bull (close==high),2018-03-26 19:00:00,3483.5,3485.25,3479.75,3485.25,0.3181818181818182,12.660714285714286,4.5,6.75,6.5,6.75
ES,1h,bull (close==high),2018-03-28 06:00:00,3432.25,3440.75,3430.75,3440.75,0.85,9.75,2.75,-4.5,1.75,-7.25
ES,1h,bull (close==high),2018-03-29 02:00:00,3432.5,3437.25,3429.5,3437.25,0.6129032258064516,11.178571428571429,-1.5,0.5,5.5,5.0
ES,1h,bull (close==high),2018-04-11 07:00:00,3456.75,3457.75,3449.0,3457.75,0.11428571428571428,5.0,-2.0,14.5,8.75,16.25
ES,1h,bull (close==high),2018-04-12 02:00:00,3466.75,3467.75,3465.25,3467.75,0.4,6.178571428571429,2.0,-3.5,1.25,9.5
ES,1h,bull (close==high),2018-04-13 16:00:00,3479.25,3482.25,3478.0,3482.25,0.7058823529411765,8.285714285714286,15.5,14.5,13.0,5.25
ES,1h,bull (close==high),2018-04-16 22:00:00,3505.25,3510.75,3504.75,3510.75,0.9166666666666666,6.892857142857143,1.75,4.75,5.25,5.0
ES,1h,bull (close==high),2018-04-16 23:00:00,3510.5,3512.5,3510.25,3512.5,0.8888888888888888,6.535714285714286,3.0,3.5,4.0,4.0
ES,1h,bull (close==high),2018-04-17 00:00:00,3512.5,3515.5,3511.75,3515.5,0.8,5.892857142857143,0.5,1.0,0.25,0.75
ES,1h,bull (close==high),2018-04-18 06:00:00,3534.0,3537.5,3532.5,3537.5,0.7,3.2142857142857144,3.75,0.75,-2.5,-2.0
ES,1h,bull (close==high),2018-04-20 00:00:00,3517.0,3519.25,3516.75,3519.25,0.9,6.053571428571429,-3.0,-5.0,-11.5,-4.75
ES,1h,bull (close==high),2018-04-27 08:00:00,3494.25,3497.5,3493.0,3497.5,0.7222222222222222,3.3392857142857144,-7.0,-13.0,-9.75,-6.0
ES,1h,bull (close==high),2018-04-30 00:00:00,3500.25,3501.0,3500.0,3501.0,0.75,5.964285714285714,1.75,-0.25,0.0,3.5
ES,1h,bull (close==high),2018-05-01 22:00:00,3470.0,3471.5,3469.25,3471.5,0.6666666666666666,8.0,0.5,0.75,3.5,5.25
ES,1h,bull (close==high),2018-05-03 01:00:00,3452.75,3453.0,3449.5,3453.0,0.07142857142857142,6.625,0.25,3.5,4.25,2.25
ES,1h,bull (close==high),2018-05-04 13:00:00,3478.75,3484.75,3477.5,3484.75,0.8275862068965517,8.571428571428571,2.5,0.0,2.25,7.75
ES,1h,bull (close==high),2018-05-08 02:00:00,3493.5,3494.5,3492.75,3494.5,0.5714285714285714,4.303571428571429,-2.5,-7.25,-8.75,-9.5
ES,1h,bull (close==high),2018-05-08 15:00:00,3481.5,3493.25,3479.0,3493.25,0.8245614035087719,8.089285714285714,0.0,1.25,-2.25,-1.75
ES,1h,bull (close==high),2018-05-10 03:00:00,3523.75,3524.5,3520.75,3524.5,0.2,3.875,-0.75,-3.0,-3.75,2.5
ES,1h,bull (close==high),2018-05-10 19:00:00,3541.5,3543.5,3540.75,3543.5,0.7272727272727273,6.160714285714286,-0.25,-0.75,1.25,1.5
ES,1h,bull (close==high),2018-05-11 04:00:00,3540.75,3546.0,3540.5,3546.0,0.9545454545454546,3.7857142857142856,-1.25,2.0,1.25,5.25
ES,1h,bull (close==high),2018-05-11 10:00:00,3551.0,3555.25,3549.0,3555.25,0.68,3.7857142857142856,-6.25,-9.0,-9.75,-5.0
ES,1h,bull (close==high),2018-05-13 20:00:00,3559.0,3560.0,3558.5,3560.0,0.6666666666666666,5.428571428571429,1.0,1.5,1.75,1.75
ES,1h,bull (close==high),2018-05-15 23:00:00,3531.0,3534.25,3530.75,3534.25,0.9285714285714286,7.196428571428571,-1.0,-0.25,-2.0,-0.5
ES,1h,bull (close==high),2018-05-16 06:00:00,3532.0,3534.0,3530.25,3534.0,0.5333333333333333,3.6785714285714284,-3.0,-5.75,7.25,7.75
ES,1h,bull (close==high),2018-05-16 22:00:00,3544.0,3546.5,3543.5,3546.5,0.8333333333333334,5.464285714285714,0.5,-0.75,-3.5,-5.0
ES,1h,bull (close==high),2018-05-18 02:00:00,3547.75,3548.25,3547.0,3548.25,0.4,4.982142857142857,-3.0,-2.5,-0.25,-3.25
ES,1h,bull (close==high),2018-05-22 18:00:00,3547.5,3549.0,3547.25,3549.0,0.8571428571428571,4.178571428571429,-1.5,-0.75,-7.25,-7.25
ES,1h,bull (close==high),2018-05-28 01:00:00,3552.25,3554.0,3550.75,3554.0,0.5384615384615384,4.553571428571429,-0.5,-2.5,-3.25,-7.0
ES,1h,bull (close==high),2018-05-30 10:00:00,3525.75,3538.25,3524.75,3538.25,0.9259259259259259,6.892857142857143,6.0,6.75,10.5,8.75
ES,1h,bull (close==high),2018-05-30 20:00:00,3543.5,3545.75,3541.75,3545.75,0.5625,6.196428571428571,-1.5,-1.25,-0.25,-0.5
ES,1h,bull (close==high),2018-05-31 02:00:00,3545.0,3547.75,3542.75,3547.75,0.55,3.9642857142857144,1.5,1.75,-0.25,2.25
ES,1h,bull (close==high),2018-05-31 07:00:00,3547.0,3550.0,3544.5,3550.0,0.5454545454545454,3.6964285714285716,-2.5,-11.75,-17.5,-13.25
ES,1h,bull (close==high),2018-05-31 19:00:00,3530.5,3531.5,3530.25,3531.5,0.8,6.696428571428571,1.0,2.5,2.75,0.25
ES,1h,bull (close==high),2018-05-31 20:00:00,3531.75,3532.5,3530.5,3532.5,0.375,6.607142857142857,1.5,1.75,-1.25,-1.25
ES,1h,bull (close==high),2018-06-01 08:00:00,3541.25,3545.0,3537.75,3545.0,0.5172413793103449,3.767857142857143,4.75,8.0,9.5,12.0
ES,1h,bull (close==high),2018-06-03 19:00:00,3552.5,3557.0,3552.0,3557.0,0.9,5.25,2.25,4.0,3.75,3.25
ES,1h,bull (close==high),2018-06-05 09:00:00,3567.75,3572.5,3567.25,3572.5,0.9047619047619048,3.25,-1.0,-7.5,-5.0,1.25
ES,1h,bull (close==high),2018-06-05 14:00:00,3569.5,3573.75,3568.0,3573.75,0.7391304347826086,4.714285714285714,-1.25,0.5,0.25,1.5
ES,1h,bull (close==high),2018-06-06 10:00:00,3574.25,3576.25,3571.0,3576.25,0.38095238095238093,2.8392857142857144,8.0,7.0,7.0,19.25
ES,1h,bull (close==high),2018-06-06 15:00:00,3590.0,3595.5,3588.75,3595.5,0.8148148148148148,4.392857142857143,1.0,-1.25,-1.25,0.25
ES,1h,bull (close==high),2018-06-07 01:00:00,3597.25,3598.25,3597.0,3598.25,0.8,3.3214285714285716,2.5,2.25,-1.75,0.25
ES,1h,bull (close==high),2018-06-10 19:00:00,3595.0,3596.5,3593.25,3596.5,0.46153846153846156,5.517857142857143,2.75,2.5,3.0,2.75
ES,1h,bull (close==high),2018-06-12 00:00:00,3606.0,3608.25,3605.75,3608.25,0.9,4.5,-1.5,1.75,-0.5,-5.0
ES,1h,bull (close==high),2018-06-12 07:00:00,3603.25,3606.5,3601.25,3606.5,0.6190476190476191,4.214285714285714,2.25,0.0,2.0,3.75
ES,1h,bull (close==high),2018-06-12 08:00:00,3606.5,3608.75,3605.0,3608.75,0.6,4.142857142857143,-2.25,-0.25,2.75,1.5
ES,1h,bull (close==high),2018-06-12 22:00:00,3612.5,3613.25,3611.25,3613.25,0.375,4.392857142857143,-0.5,-0.25,-0.25,-3.5
ES,1h,bull (close==high),2018-06-13 00:00:00,3612.75,3613.0,3612.25,3613.0,0.3333333333333333,3.857142857142857,0.0,-2.5,-3.25,-2.0
ES,1h,bull (close==high),2018-06-13 20:00:00,3599.75,3601.75,3598.25,3601.75,0.5714285714285714,4.446428571428571,0.25,-4.25,-2.75,-7.0
ES,1h,bull (close==high),2018-06-18 08:00:00,3583.25,3587.25,3582.5,3587.25,0.8421052631578947,4.285714285714286,-1.25,5.25,4.25,7.5
ES,1h,bull (close==high),2018-06-19 07:00:00,3567.75,3570.25,3562.25,3570.25,0.3125,6.964285714285714,0.5,1.25,4.75,7.25
ES,1h,bull (close==high),2018-06-19 19:00:00,3583.0,3586.75,3582.5,3586.75,0.8823529411764706,6.625,-3.0,-3.0,-4.25,0.25
ES,1h,bull (close==high),2018-06-21 07:00:00,3588.25,3590.0,3586.25,3590.0,0.4666666666666667,5.017857142857143,-3.25,-5.25,-14.5,-18.0
ES,1h,bull (close==high),2018-06-21 18:00:00,3569.5,3571.25,3568.25,3571.25,0.5833333333333334,7.125,0.25,3.25,5.25,5.5
ES,1h,bull (close==high),2018-06-21 20:00:00,3571.5,3574.5,3571.0,3574.5,0.8571428571428571,6.553571428571429,2.0,3.25,2.25,3.25
ES,1h,bull (close==high),2018-06-22 02:00:00,3577.75,3580.5,3576.5,3580.5,0.6875,4.607142857142857,1.0,3.25,3.0,5.0
ES,1h,bull (close==high),2018-06-22 07:00:00,3584.0,3585.5,3582.25,3585.5,0.46153846153846156,3.2857142857142856,0.0,-4.0,-4.0,-2.75
ES,1h,bull (close==high),2018-06-24 19:00:00,3575.75,3576.75,3571.25,3576.75,0.18181818181818182,5.142857142857143,-9.75,-10.25,-11.5,-9.0
ES,1h,bull (close==high),2018-06-26 19:00:00,3546.25,3548.0,3545.5,3548.0,0.7,6.321428571428571,1.25,-3.75,-4.25,0.5
ES,1h,bull (close==high),2018-06-27 09:00:00,3547.0,3561.0,3547.0,3561.0,1.0,8.232142857142858,0.75,-5.0,-15.0,-31.5
ES,1h,bull (close==high),2018-06-28 14:00:00,3531.75,3542.0,3530.5,3542.0,0.8913043478260869,9.767857142857142,-4.75,-2.5,-4.75,-3.5
ES,1h,bull (close==high),2018-06-28 19:00:00,3537.25,3540.5,3536.5,3540.5,0.8125,9.267857142857142,-2.0,-2.25,8.5,8.0
ES,1h,bull (close==high),2018-07-02 19:00:00,3544.75,3546.25,3544.25,3546.25,0.75,7.089285714285714,-1.75,-4.0,-3.0,-3.75
ES,1h,bull (close==high),2018-07-03 07:00:00,3556.25,3559.0,3554.75,3559.0,0.6470588235294118,5.339285714285714,-1.5,-6.0,-9.75,-23.75
ES,1h,bull (close==high),2018-07-05 06:00:00,3548.0,3548.75,3546.5,3548.75,0.3333333333333333,5.107142857142857,5.25,2.25,-4.25,-1.0
ES,1h,bull (close==high),2018-07-09 05:00:00,3589.75,3593.0,3589.25,3593.0,0.8666666666666667,3.5535714285714284,0.0,-1.0,-2.0,6.0
ES,1h,bull (close==high),2018-07-12 06:00:00,3605.75,3610.0,3603.5,3610.0,0.6538461538461539,4.053571428571429,-2.0,-0.5,-2.5,4.75
ES,1h,bull (close==high),2018-07-19 13:00:00,3625.5,3630.5,3622.5,3630.5,0.625,4.767857142857143,-3.0,-5.5,-6.5,-5.0
ES,1h,bull (close==high),2018-07-20 09:00:00,3616.5,3625.0,3615.25,3625.0,0.8717948717948718,5.875,0.75,1.5,0.75,-1.5
ES,1h,bull (close==high),2018-07-24 22:00:00,3635.75,3636.5,3634.25,3636.5,0.3333333333333333,5.410714285714286,-1.75,-2.25,-0.75,1.75
ES,1h,bull (close==high),2018-07-25 01:00:00,3634.5,3635.75,3634.0,3635.75,0.7142857142857143,4.517857142857143,2.0,2.5,2.0,1.25
ES,1h,bull (close==high),2018-07-25 08:00:00,3635.75,3638.0,3634.25,3638.0,0.6,3.0,5.25,2.0,8.5,11.5
ES,1h,bull (close==high),2018-07-25 11:00:00,3640.25,3646.5,3638.0,3646.5,0.7352941176470589,3.875,2.5,3.0,5.75,17.75
ES,1h,bull (close==high),2018-07-25 12:00:00,3646.25,3649.0,3644.5,3649.0,0.6111111111111112,4.035714285714286,0.5,3.25,17.25,6.5
ES,1h,bull (close==high),2018-07-26 00:00:00,3653.5,3653.75,3653.0,3653.75,0.3333333333333333,5.857142857142857,-0.75,0.25,1.75,2.25
ES,1h,bull (close==high),2018-07-26 22:00:00,3660.5,3662.25,3659.5,3662.25,0.6363636363636364,4.660714285714286,0.75,0.5,0.75,0.25
ES,1h,bull (close==high),2018-07-30 02:00:00,3628.0,3631.0,3628.0,3631.0,1.0,6.0,1.5,2.25,3.5,4.0
ES,1h,bull (close==high),2018-07-31 11:00:00,3631.5,3639.75,3631.25,3639.75,0.9705882352941176,4.428571428571429,1.75,1.25,-0.25,5.25
ES,1h,bull (close==high),2018-08-03 00:00:00,3645.75,3647.0,3645.75,3647.0,1.0,4.678571428571429,-0.5,-0.5,-1.5,0.75
ES,1h,bull (close==high),2018-08-03 05:00:00,3645.75,3647.75,3645.0,3647.75,0.7272727272727273,2.5892857142857144,1.0,4.0,-0.75,2.5
ES,1h,bull (close==high),2018-08-03 15:00:00,3656.25,3659.5,3655.75,3659.5,0.8666666666666667,4.214285714285714,0.75,0.5,-0.5,3.5
ES,1h,bull (close==high),2018-08-05 21:00:00,3660.0,3663.0,3659.5,3663.0,0.8571428571428571,4.285714285714286,-0.25,-0.75,-1.0,-2.75
ES,1h,bull (close==high),2018-08-07 01:00:00,3670.5,3671.5,3670.5,3671.5,1.0,2.642857142857143,2.25,4.0,4.75,4.0
ES,1h,bull (close==high),2018-08-14 03:00:00,3654.0,3657.75,3653.25,3657.75,0.8333333333333334,4.607142857142857,-5.75,-4.75,-3.0,-5.5
ES,1h,bull (close==high),2018-08-16 01:00:00,3649.0,3651.5,3648.0,3651.5,0.7142857142857143,6.517857142857143,-2.0,-6.0,-1.25,3.5
ES,1h,bull (close==high),2018-08-16 20:00:00,3661.5,3662.0,3660.0,3662.0,0.25,4.982142857142857,3.5,3.0,2.75,0.5
ES,1h,bull (close==high),2018-08-20 13:00:00,3677.75,3678.5,3676.25,3678.5,0.3333333333333333,3.5892857142857144,-1.0,-1.25,-2.25,-3.5
ES,1h,bull (close==high),2018-08-21 00:00:00,3677.5,3677.75,3676.75,3677.75,0.25,2.9285714285714284,0.0,0.0,1.0,5.25
ES,1h,bull (close==high),2018-08-22 04:00:00,3674.5,3675.5,3672.5,3675.5,0.3333333333333333,4.714285714285714,-1.0,3.25,0.75,2.0
ES,1h,bull (close==high),2018-08-24 06:00:00,3682.25,3684.0,3681.75,3684.0,0.7777777777777778,2.4285714285714284,-1.0,-1.5,0.0,11.25
ES,1h,bull (close==high),2018-08-27 07:00:00,3702.5,3704.0,3702.5,3704.0,1.0,2.0357142857142856,3.0,8.5,10.0,13.75
ES,1h,bull (close==high),2018-08-27 08:00:00,3703.75,3707.0,3703.5,3707.0,0.9285714285714286,1.9642857142857142,5.5,7.0,10.75,9.5
ES,1h,bull (close==high),2018-08-27 19:00:00,3719.5,3720.0,3719.0,3720.0,0.5,3.107142857142857,1.75,1.75,0.5,-1.75
ES,1h,bull (close==high),2018-08-29 16:00:00,3733.75,3734.5,3732.5,3734.5,0.375,3.982142857142857,0.25,-1.0,-1.0,-3.5
ES,1h,bull (close==high),2018-08-30 02:00:00,3730.0,3731.5,3729.5,3731.5,0.75,2.3214285714285716,-2.0,-3.75,-3.5,-2.75
ES,1h,bull (close==high),2018-08-31 12:00:00,3715.0,3715.5,3710.75,3715.5,0.10526315789473684,4.446428571428571,0.25,-1.75,4.5,9.5
ES,1h,bull (close==high),2018-09-03 09:00:00,3726.75,3728.0,3725.75,3728.0,0.5555555555555556,2.767857142857143,0.0,0.5,-0.75,-2.25
ES,1h,bull (close==high),2018-09-04 20:00:00,3716.5,3716.75,3714.5,3716.75,0.1111111111111111,5.892857142857143,-0.25,-0.25,0.0,-3.5
ES,1h,bull (close==high),2018-09-06 18:00:00,3696.75,3697.75,3696.0,3697.75,0.5714285714285714,6.928571428571429,-1.25,-5.25,-1.0,-3.5
ES,1h,bull (close==high),2018-09-09 20:00:00,3694.5,3698.25,3694.25,3698.25,0.9375,6.5,-0.25,1.0,0.5,-1.25
ES,1h,bull (close==high),2018-09-11 11:00:00,3697.25,3710.5,3697.0,3710.5,0.9814814814814815,4.839285714285714,1.0,-2.5,-1.0,-1.5
ES,1h,bull (close==high),2018-09-11 22:00:00,3706.0,3707.0,3705.25,3707.0,0.5714285714285714,4.803571428571429,-0.75,0.0,2.25,6.0
ES,1h,bull (close==high),2018-09-12 18:00:00,3706.0,3706.5,3704.75,3706.5,0.2857142857142857,5.375,-0.25,2.5,0.75,-0.25
ES,1h,bull (close==high),2018-09-12 20:00:00,3706.25,3709.0,3705.75,3709.0,0.8461538461538461,5.267857142857143,-1.75,-2.5,-2.75,-24.0
ES,1h,bull (close==high),2018-09-14 13:00:00,3699.5,3703.0,3696.75,3703.0,0.56,3.767857142857143,1.25,2.75,3.0,-2.5
ES,1h,bull (close==high),2018-09-16 22:00:00,3701.0,3701.75,3699.75,3701.75,0.375,4.196428571428571,-0.25,-0.5,-0.5,-0.5
ES,1h,bull (close==high),2018-09-17 22:00:00,3684.75,3686.75,3683.5,3686.75,0.6153846153846154,5.446428571428571,2.0,1.25,2.5,7.5
ES,1h,bull (close==high),2018-09-19 00:00:00,3705.25,3706.25,3705.0,3706.25,0.8,3.9464285714285716,0.5,0.75,-1.0,-1.25
ES,1h,bull (close==high),2018-09-19 16:00:00,3709.0,3711.25,3708.5,3711.25,0.8181818181818182,3.9464285714285716,-0.25,1.0,0.0,-0.25
ES,1h,bull (close==high),2018-09-20 07:00:00,3712.25,3717.5,3712.0,3717.5,0.9545454545454546,2.5,4.0,5.5,7.75,14.0
ES,1h,bull (close==high),2018-09-20 22:00:00,3735.0,3735.75,3734.0,3735.75,0.42857142857142855,3.6607142857142856,0.25,0.25,0.75,4.0
ES,1h,bull (close==high),2018-09-24 23:00:00,3719.5,3719.75,3719.0,3719.75,0.3333333333333333,3.5357142857142856,0.25,0.5,1.0,2.25
ES,1h,bull (close==high),2018-09-25 00:00:00,3719.75,3720.0,3719.25,3720.0,0.3333333333333333,3.1607142857142856,0.25,0.75,0.75,4.0
ES,1h,bull (close==high),2018-09-25 01:00:00,3719.75,3720.25,3719.0,3720.25,0.4,2.5535714285714284,0.5,0.5,1.75,7.25
ES,1h,bull (close==high),2018-09-26 03:00:00,3721.0,3721.5,3719.25,3721.5,0.2222222222222222,2.4464285714285716,0.5,0.25,1.0,-1.75
ES,1h,bull (close==high),2018-09-26 12:00:00,3722.25,3724.5,3721.0,3724.5,0.6428571428571429,2.642857142857143,-2.5,-2.25,-17.75,-16.0
ES,1h,bull (close==high),2018-09-26 21:00:00,3709.25,3710.0,3708.25,3710.0,0.42857142857142855,5.142857142857143,0.25,-2.25,-2.0,-4.0
ES,1h,bull (close==high),2018-09-27 11:00:00,3722.0,3724.75,3720.0,3724.75,0.5789473684210527,4.160714285714286,0.75,-2.5,-7.75,-8.0
ES,1h,bull (close==high),2018-10-02 03:00:00,3717.0,3720.25,3715.75,3720.25,0.7222222222222222,3.25,-6.0,-5.0,-2.25,0.75
ES,1h,bull (close==high),2018-10-03 22:00:00,3714.75,3716.25,3713.0,3716.25,0.46153846153846156,5.071428571428571,-3.5,-1.5,-4.0,-4.0
ES,1h,bull (close==high),2018-10-04 06:00:00,3712.0,3715.75,3711.5,3715.75,0.8823529411764706,4.089285714285714,-0.25,1.0,-2.25,-17.75
ES,1h,bull (close==high),2018-10-04 16:00:00,3701.25,3705.25,3700.75,3705.25,0.8888888888888888,7.803571428571429,-2.0,-0.5,3.0,-1.25
ES,1h,bull (close==high),2018-10-05 05:00:00,3697.75,3700.75,3697.5,3700.75,0.9230769230769231,4.214285714285714,0.5,1.75,0.25,-4.25
ES,1h,bull (close==high),2018-10-09 06:00:00,3674.75,3677.75,3672.75,3677.75,0.6,3.625,-7.5,1.75,6.75,13.5
ES,1h,bull (close==high),2018-10-09 20:00:00,3684.0,3685.0,3681.0,3685.0,0.25,8.232142857142858,-0.5,-6.5,-6.25,-3.25
ES,1h,bull (close==high),2018-10-10 18:00:00,3571.25,3575.25,3566.75,3575.25,0.47058823529411764,13.910714285714286,-3.5,0.0,-24.25,-15.25
ES,1h,bull (close==high),2018-10-12 00:00:00,3562.75,3568.0,3560.25,3568.0,0.6774193548387096,20.160714285714285,3.0,11.0,6.25,-3.5
ES,1h,bull (close==high),2018-10-16 09:00:00,3564.75,3572.5,3563.25,3572.5,0.8378378378378378,5.178571428571429,11.0,16.75,20.0,25.75
ES,1h,bull (close==high),2018-10-16 19:00:00,3609.75,3611.25,3608.75,3611.25,0.6,8.107142857142858,0.75,-0.5,1.25,0.0
ES,1h,bull (close==high),2018-11-01 19:00:00,3523.75,3527.75,3523.0,3527.75,0.8421052631578947,9.946428571428571,3.5,-0.75,0.25,14.75
ES,1h,bull (close==high),2018-11-08 02:00:00,3606.0,3609.75,3605.25,3609.75,0.8333333333333334,5.517857142857143,-2.0,-9.25,-12.5,-7.75
ES,1h,bull (close==high),2018-11-08 15:00:00,3596.25,3602.25,3591.25,3602.25,0.5454545454545454,7.232142857142857,-2.0,-1.5,-0.75,-5.25
ES,1h,bull (close==high),2018-11-16 08:00:00,3512.5,3516.5,3503.5,3516.5,0.3076923076923077,6.25,6.75,11.75,3.0,8.25
ES,1h,bull (close==high),2018-11-19 00:00:00,3527.75,3529.0,3527.25,3529.0,0.7142857142857143,10.071428571428571,1.25,4.25,10.5,3.75
ES,1h,bull (close==high),2018-11-21 01:00:00,3445.0,3449.25,3442.75,3449.25,0.6538461538461539,9.964285714285714,1.25,4.5,-0.5,-0.5
ES,1h,bull (close==high),2018-11-25 23:00:00,3437.75,3439.0,3436.75,3439.0,0.5555555555555556,8.0,0.25,-0.25,6.75,19.75
ES,1h,bull (close==high),2018-11-26 23:00:00,3460.75,3463.5,3460.25,3463.5,0.8461538461538461,9.035714285714286,-3.5,-3.5,-1.0,-1.25
ES,1h,bull (close==high),2018-11-27 13:00:00,3462.25,3471.25,3459.0,3471.25,0.7346938775510204,10.089285714285714,0.5,6.0,9.5,9.25
ES,1h,bull (close==high),2018-11-28 23:00:00,3532.5,3533.5,3531.0,3533.5,0.4,9.482142857142858,-3.5,-3.5,-3.5,-5.5
ES,1h,bull (close==high),2018-12-02 21:00:00,3595.25,3601.0,3594.75,3601.0,0.92,11.035714285714286,0.75,0.0,1.0,6.5
ES,1h,bull (close==high),2018-12-03 01:00:00,3602.0,3603.5,3600.25,3603.5,0.46153846153846156,9.678571428571429,4.0,1.25,0.5,-7.25
ES,1h,bull (close==high),2018-12-04 18:00:00,3494.25,3504.0,3492.75,3504.0,0.8666666666666667,14.464285714285714,-1.0,4.0,3.5,3.0
ES,1h,bull (close==high),2018-12-06 15:00:00,3462.25,3491.75,3457.5,3491.75,0.8613138686131386,19.0,-2.0,-1.25,-5.0,-9.25
ES,1h,bull (close==high),2018-12-18 23:00:00,3334.25,3337.5,3333.25,3337.5,0.7647058823529411,14.125,-1.0,-2.75,-2.0,2.25
ES,1h,bull (close==high),2018-12-20 01:00:00,3271.0,3272.5,3266.25,3272.5,0.24,18.857142857142858,2.0,3.0,11.25,22.25
ES,1h,bull (close==high),2019-01-03 07:00:00,3254.5,3263.75,3254.0,3263.75,0.9487179487179487,8.946428571428571,8.0,-1.0,-20.25,-3.25
ES,1h,bull (close==high),2019-01-14 06:00:00,3353.25,3356.75,3351.5,3356.75,0.6666666666666666,5.321428571428571,-0.75,2.25,4.5,9.0
ES,1h,bull (close==high),2019-01-16 06:00:00,3392.75,3393.25,3390.5,3393.25,0.18181818181818182,4.607142857142857,1.5,2.5,10.75,6.5
ES,1h,bull (close==high),2019-01-18 11:00:00,3445.5,3454.25,3444.5,3454.25,0.8974358974358975,5.517857142857143,2.25,0.0,-4.25,5.75
ES,1h,bull (close==high),2019-01-22 15:00:00,3405.75,3418.75,3399.5,3418.75,0.6753246753246753,8.142857142857142,-3.25,-4.75,-3.5,3.0
ES,1h,bull (close==high),2019-01-24 18:00:00,3419.25,3421.25,3417.5,3421.25,0.5333333333333333,8.589285714285714,1.25,1.0,4.5,11.25
ES,1h,bull (close==high),2019-01-29 06:00:00,3423.5,3425.5,3420.5,3425.5,0.4,4.410714285714286,2.0,4.0,4.0,-4.25
ES,1h,bull (close==high),2019-01-30 02:00:00,3421.75,3424.0,3419.25,3424.0,0.47368421052631576,6.071428571428571,4.5,5.25,6.0,10.75
ES,1h,bull (close==high),2019-01-30 06:00:00,3429.75,3432.0,3429.0,3432.0,0.75,5.053571428571429,2.75,3.25,1.0,13.25
ES,1h,bull (close==high),2019-02-08 03:00:00,3475.75,3480.25,3474.75,3480.25,0.8181818181818182,5.785714285714286,-1.75,-2.5,-8.5,-7.25
ES,1h,bull (close==high),2019-02-11 20:00:00,3496.75,3502.0,3494.5,3502.0,0.7,6.321428571428571,3.25,5.0,3.0,3.25
ES,1h,bull (close==high),2019-02-12 06:00:00,3509.5,3511.25,3508.5,3511.25,0.6363636363636364,4.196428571428571,-1.25,-2.25,4.5,15.25
ES,1h,bull (close==high),2019-02-15 15:00:00,3554.25,3558.75,3549.5,3558.75,0.4864864864864865,7.571428571428571,2.0,3.0,-0.75,2.5
ES,1h,bull (close==high),2019-02-18 05:00:00,3557.0,3559.75,3556.25,3559.75,0.7857142857142857,3.642857142857143,-1.5,-0.75,-0.75,0.0
ES,1h,bull (close==high),2019-02-21 12:00:00,3561.0,3564.0,3559.25,3564.0,0.631578947368421,5.375,-2.75,-14.0,-5.75,-6.5
ES,1h,bull (close==high),2019-02-21 19:00:00,3557.5,3558.25,3555.0,3558.25,0.23076923076923078,6.946428571428571,-3.5,-3.25,-2.75,-0.5
ES,1h,bull (close==high),2019-02-22 09:00:00,3564.25,3568.5,3561.75,3568.5,0.6296296296296297,4.196428571428571,2.75,6.5,5.25,-2.5
ES,1h,bull (close==high),2019-02-24 23:00:00,3580.5,3581.5,3579.0,3581.5,0.4,5.928571428571429,-1.25,1.25,1.75,2.25
ES,1h,bull (close==high),2019-02-28 21:00:00,3575.25,3577.75,3574.25,3577.75,0.7142857142857143,5.732142857142857,2.0,0.75,1.75,3.5
ES,1h,bull (close==high),2019-03-05 06:00:00,3578.75,3579.25,3576.75,3579.25,0.2,3.6964285714285716,-4.5,-3.5,-9.75,-4.25
ES,1h,bull (close==high),2019-03-07 18:00:00,3532.5,3534.25,3531.0,3534.25,0.5384615384615384,8.928571428571429,-6.0,-3.25,-2.75,-7.75
ES,1h,bull (close==high),2019-03-08 16:00:00,3526.0,3531.75,3525.0,3531.75,0.8518518518518519,8.642857142857142,-4.25,-5.25,-11.0,-3.0
ES,1h,bull (close==high),2019-03-11 05:00:00,3530.0,3533.25,3529.5,3533.25,0.8666666666666667,5.660714285714286,-0.5,0.25,3.0,20.0
ES,1h,bull (close==high),2019-03-13 03:00:00,3571.25,3572.5,3569.0,3572.5,0.35714285714285715,4.410714285714286,5.0,4.0,7.25,8.5
ES,1h,bull (close==high),2019-03-13 07:00:00,3579.75,3581.75,3578.75,3581.75,0.6666666666666666,3.857142857142857,-0.75,7.0,12.25,17.25
ES,1h,bull (close==high),2019-03-13 21:00:00,3594.5,3596.0,3592.5,3596.0,0.42857142857142855,5.785714285714286,-0.5,-2.5,-2.25,-1.5
ES,1h,bull (close==high),2019-03-14 03:00:00,3594.5,3597.0,3593.5,3597.0,0.7142857142857143,4.517857142857143,5.25,5.25,-5.5,1.0
ES,1h,bull (close==high),2019-03-18 09:00:00,3609.0,3616.75,3607.5,3616.75,0.8378378378378378,3.1785714285714284,0.75,-8.25,-4.75,-2.5
ES,1h,bull (close==high),2019-03-20 01:00:00,3611.25,3614.75,3611.25,3614.75,1.0,6.678571428571429,0.0,2.0,5.0,-1.75
ES,1h,bull (close==high),2019-03-20 07:00:00,3613.25,3615.5,3611.75,3615.5,0.6,3.732142857142857,-4.25,-10.0,-6.5,-14.25
ES,1h,bull (close==high),2019-03-22 02:00:00,3636.5,3637.5,3634.5,3637.5,0.3333333333333333,4.892857142857143,2.5,-11.25,-9.75,-9.75
ES,1h,bull (close==high),2019-03-26 09:00:00,3596.75,3611.0,3596.5,3611.0,0.9827586206896551,5.357142857142857,1.25,-9.0,-14.0,-17.0
ES,1h,bull (close==high),2019-04-01 12:00:00,3640.75,3643.75,3638.0,3643.75,0.5217391304347826,4.089285714285714,1.5,2.25,5.25,2.75
ES,1h,bull (close==high),2019-04-01 13:00:00,3643.75,3645.25,3641.25,3645.25,0.375,4.25,0.75,3.75,3.25,4.5
ES,1h,bull (close==high),2019-04-02 14:00:00,3647.25,3649.5,3646.5,3649.5,0.75,3.7142857142857144,0.0,-5.0,-3.75,5.75
ES,1h,bull (close==high),2019-04-04 05:00:00,3654.25,3655.5,3653.25,3655.5,0.5555555555555556,3.625,2.0,-0.5,1.5,3.5
ES,1h,bull (close==high),2019-04-05 01:00:00,3664.75,3665.25,3664.0,3665.25,0.4,4.178571428571429,1.0,-0.25,-0.25,0.25
ES,1h,bull (close==high),2019-04-05 13:00:00,3671.25,3673.25,3670.25,3673.25,0.6666666666666666,3.482142857142857,-1.75,1.0,2.5,2.75
ES,1h,bull (close==high),2019-04-09 06:00:00,3674.25,3674.75,3673.5,3674.75,0.4,2.25,-2.0,-6.0,-12.25,-11.0
ES,1h,bull (close==high),2019-04-09 22:00:00,3658.75,3661.0,3658.0,3661.0,0.75,4.910714285714286,0.5,1.25,2.5,4.5
ES,1h,bull (close==high),2019-04-11 06:00:00,3674.5,3677.0,3674.0,3677.0,0.8333333333333334,3.125,-1.0,-3.25,-4.5,-9.75
ES,1h,bull (close==high),2019-04-12 12:00:00,3683.5,3687.75,3682.25,3687.75,0.7727272727272727,4.428571428571429,-1.25,-1.75,2.25,0.75
ES,1h,bull (close==high),2019-04-14 22:00:00,3689.5,3691.0,3689.0,3691.0,0.75,4.035714285714286,-2.0,-1.25,-2.0,-2.75
ES,1h,bull (close==high),2019-04-15 00:00:00,3689.0,3689.75,3689.0,3689.75,1.0,3.4285714285714284,-0.75,-1.25,-1.5,2.0
ES,1h,bull (close==high),2019-04-16 00:00:00,3691.0,3691.5,3690.5,3691.5,0.5,3.1964285714285716,1.75,0.25,5.75,5.0
ES,1h,bull (close==high),2019-04-17 19:00:00,3680.75,3681.5,3680.0,3681.5,0.5,4.785714285714286,-2.75,-7.0,-6.25,-9.25
ES,1h,bull (close==high),2019-04-18 11:00:00,3679.5,3684.5,3676.5,3684.5,0.625,5.589285714285714,0.5,2.5,4.0,4.0
ES,1h,bull (close==high),2019-04-22 21:00:00,3687.75,3689.0,3686.0,3689.0,0.4166666666666667,3.875,0.0,0.5,1.0,1.75
ES,1h,bull (close==high),2019-04-24 10:00:00,3712.5,3716.75,3711.0,3716.75,0.7391304347826086,3.142857142857143,-4.25,-6.75,-6.5,-8.5
ES,1h,bull (close==high),2019-04-25 07:00:00,3707.75,3711.0,3707.75,3711.0,1.0,2.875,-0.75,-7.75,-9.0,-1.5
ES,1h,bull (close==high),2019-04-26 00:00:00,3700.5,3702.0,3700.5,3702.0,1.0,5.607142857142857,0.5,0.0,-1.0,0.5
ES,1h,bull (close==high),2019-04-26 05:00:00,3700.5,3702.5,3699.5,3702.5,0.6666666666666666,4.107142857142857,0.75,-2.0,4.0,3.0
ES,1h,bull (close==high),2019-04-30 02:00:00,3718.0,3719.0,3717.0,3719.0,0.5,3.017857142857143,-1.5,0.5,1.0,2.25
ES,1h,bull (close==high),2019-04-30 19:00:00,3731.5,3733.0,3730.5,3733.0,0.6,5.482142857142857,1.75,3.0,5.25,4.25
ES,1h,bull (close==high),2019-04-30 20:00:00,3733.0,3734.75,3732.25,3734.75,0.7,5.482142857142857,1.25,3.5,2.75,2.75
ES,1h,bull (close==high),2019-05-01 03:00:00,3737.0,3738.0,3736.25,3738.0,0.5714285714285714,3.5535714285714284,-1.0,-2.0,-3.75,-3.75
ES,1h,bull (close==high),2019-05-01 20:00:00,3698.75,3702.25,3698.5,3702.25,0.9333333333333333,7.446428571428571,0.75,0.5,1.75,-0.25
ES,1h,bull (close==high),2019-05-03 07:00:00,3703.0,3705.75,3702.75,3705.75,0.9166666666666666,2.892857142857143,5.25,8.25,11.5,17.0
ES,1h,bull (close==high),2019-05-08 00:00:00,3669.5,3671.25,3668.5,3671.25,0.6363636363636364,10.071428571428571,-1.5,-2.5,1.75,-15.25
ES,1h,bull (close==high),2019-05-08 03:00:00,3668.75,3673.0,3668.0,3673.0,0.85,8.089285714285714,-4.25,-17.0,-16.0,-14.5
ES,1h,bull (close==high),2019-05-21 05:00:00,3629.75,3637.75,3626.75,3637.75,0.7272727272727273,5.392857142857143,2.25,-1.5,3.0,8.5
ES,1h,bull (close==high),2019-05-24 12:00:00,3605.75,3611.75,3602.75,3611.75,0.6666666666666666,5.875,-2.75,-4.25,-5.75,-0.75
ES,1h,bull (close==high),2019-05-30 01:00:00,3564.0,3564.75,3563.0,3564.75,0.42857142857142855,9.0,2.25,4.25,2.0,0.75
ES,1h,bull (close==high),2019-05-31 06:00:00,3534.0,3537.0,3531.75,3537.0,0.5714285714285714,7.410714285714286,0.25,2.0,-1.75,6.5
ES,1h,bull (close==high),2019-06-07 10:00:00,3646.25,3663.25,3645.5,3663.25,0.9577464788732394,6.089285714285714,-9.0,-2.5,-4.75,-11.75
ES,1h,bull (close==high),2019-06-07 12:00:00,3654.25,3660.75,3652.0,3660.75,0.7428571428571429,6.875,-2.25,-7.5,-9.25,7.25
ES,1h,bull (close==high),2019-06-09 21:00:00,3660.0,3662.5,3658.5,3662.5,0.625,9.892857142857142,-2.0,-1.5,0.5,-0.25
ES,1h,bull (close==high),2019-06-10 05:00:00,3661.5,3662.5,3660.25,3662.5,0.4444444444444444,5.571428571428571,0.0,4.5,4.0,12.5
ES,1h,bull (close==high),2019-06-11 01:00:00,3673.5,3674.75,3672.5,3674.75,0.5555555555555556,5.375,-1.75,-0.75,2.75,4.75
ES,1h,bull (close==high),2019-06-12 06:00:00,3655.0,3659.75,3653.25,3659.75,0.7307692307692307,4.392857142857143,-3.75,-1.5,3.75,-6.25
ES,1h,bull (close==high),2019-06-19 07:00:00,3700.75,3701.0,3698.5,3701.0,0.1,3.1607142857142856,0.0,-0.75,-4.75,-5.25
ES,1h,bull (close==high),2019-06-20 00:00:00,3718.5,3719.0,3717.5,3719.0,0.3333333333333333,5.571428571428571,-0.25,4.25,5.75,14.25
ES,1h,bull (close==high),2019-06-21 13:00:00,3732.5,3733.5,3729.5,3733.5,0.25,5.803571428571429,-0.25,-4.5,-11.25,-4.0
ES,1h,bull (close==high),2019-06-24 20:00:00,3726.5,3730.75,3726.25,3730.75,0.9444444444444444,3.8035714285714284,-2.25,-10.0,-11.25,-11.25
ES,1h,bull (close==high),2019-06-25 01:00:00,3716.75,3719.5,3716.25,3719.5,0.8461538461538461,3.9107142857142856,-1.25,0.5,1.0,3.0
ES,1h,bull (close==high),2019-06-25 06:00:00,3721.25,3722.5,3719.75,3722.5,0.45454545454545453,3.8392857142857144,0.25,2.25,-3.75,-9.25
ES,1h,bull (close==high),2019-06-25 18:00:00,3696.5,3699.0,3696.0,3699.0,0.8333333333333334,6.946428571428571,-4.25,-0.5,-2.0,-1.5
ES,1h,bull (close==high),2019-06-27 08:00:00,3696.25,3700.5,3695.25,3700.5,0.8095238095238095,4.732142857142857,4.5,2.0,0.0,5.25
ES,1h,bull (close==high),2019-07-03 11:00:00,3764.5,3769.0,3761.75,3769.0,0.6206896551724138,3.732142857142857,4.25,5.25,5.75,4.25
ES,1h,bull (close==high),2019-07-05 11:00:00,3751.25,3756.75,3748.75,3756.75,0.6875,4.982142857142857,5.5,8.75,14.75,9.0
ES,1h,bull (close==high),2019-07-10 12:00:00,3771.25,3772.5,3767.75,3772.5,0.2631578947368421,6.678571428571429,1.75,-2.25,-1.75,0.0
ES,1h,bull (close==high),2019-07-10 21:00:00,3773.5,3777.25,3772.75,3777.25,0.8333333333333334,7.267857142857143,0.75,2.25,2.25,0.75
ES,1h,bull (close==high),2019-07-11 20:00:00,3779.5,3786.0,3778.75,3786.0,0.896551724137931,5.785714285714286,-0.5,-1.75,-1.0,-0.5
ES,1h,bull (close==high),2019-07-15 00:00:00,3792.25,3792.5,3791.5,3792.5,0.25,3.5357142857142856,0.0,1.25,3.75,0.0
ES,1h,bull (close==high),2019-07-15 15:00:00,3790.5,3792.0,3788.5,3792.0,0.42857142857142855,3.857142857142857,-0.5,-1.0,1.5,0.0
ES,1h,bull (close==high),2019-07-16 21:00:00,3779.5,3782.25,3777.25,3782.25,0.55,4.767857142857143,-0.5,0.0,1.0,1.0
ES,1h,bull (close==high),2019-07-17 05:00:00,3784.75,3786.75,3784.5,3786.75,0.8888888888888888,2.6785714285714284,-3.25,-3.25,-6.5,-16.25
ES,1h,bull (close==high),2019-07-17 07:00:00,3783.25,3783.5,3780.25,3783.5,0.07692307692307693,2.517857142857143,-3.25,-4.0,-13.0,-10.5
ES,1h,bull (close==high),2019-07-18 06:00:00,3754.75,3758.0,3754.0,3758.0,0.8125,4.517857142857143,-1.25,-0.75,0.25,-6.75
ES,1h,bull (close==high),2019-07-18 14:00:00,3759.5,3772.25,3759.0,3772.25,0.9622641509433962,6.107142857142857,-0.75,5.25,-1.25,7.5
ES,1h,bull (close==high),2019-07-19 00:00:00,3780.5,3781.5,3779.0,3781.5,0.4,7.196428571428571,-1.25,-3.5,-0.5,-6.75
ES,1h,bull (close==high),2019-07-22 00:00:00,3750.25,3751.5,3750.25,3751.5,1.0,6.857142857142857,1.5,4.0,1.75,6.25
ES,1h,bull (close==high),2019-07-23 02:00:00,3763.75,3766.5,3763.75,3766.5,1.0,3.9107142857142856,0.0,3.25,3.25,5.0
ES,1h,bull (close==high),2019-07-24 06:00:00,3771.75,3775.5,3771.0,3775.5,0.8333333333333334,3.517857142857143,-1.0,-2.25,5.75,4.75
ES,1h,bull (close==high),2019-07-25 04:00:00,3796.25,3797.5,3795.5,3797.5,0.625,3.0357142857142856,-0.5,-3.0,3.75,-16.25
ES,1h,bull (close==high),2019-07-25 07:00:00,3794.25,3801.25,3793.5,3801.25,0.9032258064516129,2.8214285714285716,-3.75,-20.0,-13.75,-24.5
ES,1h,bull (close==high),2019-07-26 01:00:00,3787.5,3788.25,3786.75,3788.25,0.5,5.214285714285714,-1.5,-1.75,-1.25,0.5
ES,1h,bull (close==high),2019-07-29 12:00:00,3797.0,3797.25,3793.0,3797.25,0.058823529411764705,3.5,-2.0,-1.0,-1.75,1.5
ES,1h,bull (close==high),2019-07-29 18:00:00,3796.25,3798.75,3796.0,3798.75,0.9090909090909091,3.857142857142857,-0.25,0.0,1.0,0.5
ES,1h,bull (close==high),2019-07-31 23:00:00,3755.25,3759.0,3754.25,3759.0,0.7894736842105263,10.803571428571429,-4.0,-5.25,-11.0,-2.25
ES,1h,bull (close==high),2019-08-07 23:00:00,3657.0,3668.0,3657.0,3668.0,1.0,16.535714285714285,-1.75,-0.25,1.0,-5.25
ES,1h,bull (close==high),2019-08-12 19:00:00,3658.0,3661.0,3655.75,3661.0,0.5714285714285714,10.178571428571429,-0.5,-4.5,-0.75,-0.75
ES,1h,bull (close==high),2019-08-19 21:00:00,3691.25,3695.75,3690.0,3695.75,0.782608695652174,6.071428571428571,4.75,5.0,4.0,4.0
ES,1h,bull (close==high),2019-08-21 08:00:00,3692.5,3698.25,3691.0,3698.25,0.7931034482758621,4.375,2.0,-0.5,4.0,-0.25
ES,1h,bull (close==high),2019-08-23 01:00:00,3706.25,3708.75,3705.25,3708.75,0.7142857142857143,6.339285714285714,-1.75,-3.0,-1.25,-5.75
ES,1h,bull (close==high),2019-08-29 23:00:00,3706.75,3707.5,3705.0,3707.5,0.3,6.642857142857143,-1.5,-3.0,-7.5,7.0
ES,1h,bull (close==high),2019-09-05 00:00:00,3741.0,3742.0,3738.5,3742.0,0.2857142857142857,6.446428571428571,-2.25,-9.5,-11.5,-4.0
ES,1h,bull (close==high),2019-09-06 02:00:00,3751.0,3754.25,3748.25,3754.25,0.5416666666666666,4.821428571428571,-0.5,-1.25,-1.75,4.0
ES,1h,bull (close==high),2019-09-09 07:00:00,3762.25,3763.75,3761.0,3763.75,0.5454545454545454,3.5,0.5,-8.75,-3.25,-12.75
ES,1h,bull (close==high),2019-09-20 07:00:00,3785.0,3786.5,3783.5,3786.5,0.5,3.375,-0.25,-0.5,-1.0,-3.25
ES,1h,bull (close==high),2019-09-26 13:00:00,3747.75,3750.75,3742.75,3750.75,0.375,7.428571428571429,0.75,1.0,0.75,-0.25
ES,1h,bull (close==high),2019-10-01 19:00:00,3716.5,3718.0,3714.75,3718.0,0.46153846153846156,8.910714285714286,-1.25,-3.25,-3.25,-2.25
ES,1h,bull (close==high),2019-10-04 09:00:00,3691.25,3702.0,3688.5,3702.0,0.7962962962962963,7.125,-4.75,6.0,6.0,12.75
ES,1h,bull (close==high),2019-10-07 11:00:00,3719.5,3727.0,3718.75,3727.0,0.9090909090909091,5.482142857142857,-5.0,3.25,-11.0,-19.25
ES,1h,bull (close==high),2019-10-09 07:00:00,3688.25,3692.5,3686.75,3692.5,0.7391304347826086,8.339285714285714,-5.0,-10.0,-6.5,-1.0
ES,1h,bull (close==high),2019-10-09 19:00:00,3657.5,3671.5,3655.25,3671.5,0.8615384615384616,13.089285714285714,-3.75,12.5,15.75,13.5
ES,1h,bull (close==high),2019-10-11 04:00:00,3726.75,3738.0,3726.5,3738.0,0.9782608695652174,7.625,1.5,2.0,4.0,13.0
ES,1h,bull (close==high),2019-10-13 19:00:00,3749.75,3753.75,3749.75,3753.75,1.0,10.803571428571429,-5.25,-5.75,-5.25,-5.25
ES,1h,bull (close==high),2019-10-14 13:00:00,3739.0,3741.5,3736.75,3741.5,0.5263157894736842,6.857142857142857,-1.5,-3.5,-3.25,3.25
ES,1h,bull (close==high),2019-10-14 18:00:00,3738.75,3741.5,3738.5,3741.5,0.9166666666666666,6.517857142857143,3.25,0.5,2.0,2.5
ES,1h,bull (close==high),2019-10-15 12:00:00,3770.5,3772.0,3768.25,3772.0,0.4,6.446428571428571,0.75,-0.75,-4.5,-4.25
ES,1h,bull (close==high),2019-10-21 07:00:00,3767.0,3768.75,3766.0,3768.75,0.6363636363636364,3.732142857142857,3.5,0.0,4.25,7.0
ES,1h,bull (close==high),2019-10-23 16:00:00,3775.75,3778.0,3775.0,3778.0,0.75,5.892857142857143,1.75,0.75,-0.5,-1.0
ES,1h,bull (close==high),2019-10-23 21:00:00,3777.5,3778.75,3776.0,3778.75,0.45454545454545453,5.017857142857143,-1.75,-1.0,-1.75,1.5
ES,1h,bull (close==high),2019-10-24 07:00:00,3781.5,3784.25,3780.5,3784.25,0.7333333333333333,3.107142857142857,-0.75,-9.0,-8.5,-6.5
ES,1h,bull (close==high),2019-10-24 23:00:00,3776.0,3776.75,3775.25,3776.75,0.5,6.125,0.0,2.25,2.75,0.75
ES,1h,bull (close==high),2019-10-25 06:00:00,3778.25,3780.25,3778.25,3780.25,1.0,3.5357142857142856,-2.75,-5.75,-0.25,16.25
ES,1h,bull (close==high),2019-10-28 00:00:00,3797.25,3798.25,3796.75,3798.25,0.6666666666666666,4.321428571428571,-1.25,-1.25,-0.75,-1.0
ES,1h,bull (close==high),2019-10-30 03:00:00,3806.0,3806.5,3804.75,3806.5,0.2857142857142857,2.767857142857143,-0.75,-0.25,1.0,3.25
ES,1h,bull (close==high),2019-11-05 12:00:00,3844.75,3847.75,3842.0,3847.75,0.5217391304347826,4.428571428571429,0.25,0.75,-2.75,-3.5
ES,1h,bull (close==high),2019-11-08 14:00:00,3855.0,3856.5,3854.5,3856.5,0.75,4.482142857142857,7.5,7.5,4.25,-0.25
ES,1h,bull (close==high),2019-11-08 15:00:00,3856.25,3864.0,3856.25,3864.0,1.0,4.857142857142857,0.0,-3.25,-4.75,-9.0
ES,1h,bull (close==high),2019-11-11 09:00:00,3850.0,3854.0,3846.5,3854.0,0.5333333333333333,3.3214285714285716,-1.25,0.75,3.0,3.75
ES,1h,bull (close==high),2019-11-11 19:00:00,3857.25,3858.5,3855.0,3858.5,0.35714285714285715,3.392857142857143,-4.0,-4.5,-3.5,4.25
ES,1h,bull (close==high),2019-11-12 09:00:00,3859.75,3868.5,3859.25,3868.5,0.9459459459459459,4.0,3.0,-0.5,-1.5,-10.75
ES,1h,bull (close==high),2019-11-12 21:00:00,3855.5,3855.75,3854.0,3855.75,0.14285714285714285,5.375,-0.25,-0.5,0.25,2.25
ES,1h,bull (close==high),2019-11-13 01:00:00,3856.0,3857.5,3854.25,3857.5,0.46153846153846156,4.535714285714286,0.5,-1.25,-8.25,-5.25
ES,1h,bull (close==high),2019-11-14 06:00:00,3863.75,3864.75,3861.0,3864.75,0.26666666666666666,4.678571428571429,-2.0,-3.75,0.25,-7.75
ES,1h,bull (close==high),2019-11-14 09:00:00,3861.25,3865.0,3859.75,3865.0,0.7142857142857143,4.821428571428571,-3.5,-8.0,-1.75,0.75
ES,1h,bull (close==high),2019-11-15 15:00:00,3888.0,3891.25,3884.0,3891.25,0.4482758620689655,4.303571428571429,-0.25,-5.0,-4.0,-1.5
ES,1h,bull (close==high),2019-11-20 06:00:00,3879.5,3883.0,3876.5,3883.0,0.5384615384615384,4.625,-1.25,-2.25,4.25,2.75
ES,1h,bull (close==high),2019-11-21 23:00:00,3879.75,3880.0,3878.5,3880.0,0.16666666666666666,5.821428571428571,-1.25,-1.5,-1.0,2.0
ES,1h,bull (close==high),2019-11-22 16:00:00,3881.5,3884.0,3881.25,3884.0,0.9090909090909091,5.089285714285714,7.0,7.5,8.25,7.25
ES,1h,bull (close==high),2019-11-25 18:00:00,3903.25,3904.5,3902.25,3904.5,0.5555555555555556,3.142857142857143,4.5,7.0,1.5,2.25
ES,1h,bull (close==high),2019-11-27 20:00:00,3916.25,3918.25,3913.0,3918.25,0.38095238095238093,4.053571428571429,-0.5,-0.75,-1.5,-1.0
ES,1h,bull (close==high),2019-11-28 01:00:00,3916.5,3917.25,3915.25,3917.25,0.375,3.4642857142857144,0.0,-0.75,-0.5,2.75
ES,1h,bull (close==high),2019-11-29 03:00:00,3916.25,3918.0,3913.75,3918.0,0.4117647058823529,2.482142857142857,1.0,0.5,1.25,1.75
ES,1h,bull (close==high),2019-12-04 06:00:00,3874.0,3878.75,3873.75,3878.75,0.95,6.017857142857143,-1.25,-2.5,8.0,7.5
ES,1h,bull (close==high),2019-12-09 04:00:00,3915.0,3915.25,3912.0,3915.25,0.07692307692307693,3.0357142857142856,2.0,-1.75,0.25,4.0
ES,1h,bull (close==high),2019-12-10 21:00:00,3903.5,3905.5,3903.0,3905.5,0.8,7.089285714285714,1.0,0.25,2.25,0.5
ES,1h,bull (close==high),2019-12-16 21:00:00,3963.75,3965.75,3962.5,3965.75,0.6153846153846154,3.875,1.5,1.25,4.0,4.0
ES,1h,bull (close==high),2019-12-17 06:00:00,3963.75,3965.5,3961.25,3965.5,0.4117647058823529,3.375,1.25,4.75,0.25,2.75
ES,1h,bull (close==high),2019-12-18 13:00:00,3967.5,3969.5,3967.5,3969.5,1.0,3.25,0.5,-3.75,-1.25,-0.5
ES,1h,bull (close==high),2019-12-19 04:00:00,3967.25,3970.5,3967.0,3970.5,0.9285714285714286,2.732142857142857,-0.25,-1.5,-4.75,-1.75
ES,1h,bull (close==high),2019-12-23 10:00:00,3996.75,3998.75,3995.75,3998.75,0.6666666666666666,2.142857142857143,-0.75,-2.0,-2.0,-3.5
ES,1h,bull (close==high),2019-12-23 16:00:00,3995.0,3997.0,3994.75,3997.0,0.8888888888888888,2.732142857142857,0.5,-1.0,-1.25,-0.75
ES,1h,bull (close==high),2019-12-23 23:00:00,3996.5,3996.75,3996.25,3996.75,0.5,2.3214285714285716,0.75,0.5,1.25,1.25
ES,1h,bull (close==high),2019-12-24 00:00:00,3996.75,3997.5,3996.5,3997.5,0.75,2.0357142857142856,-0.25,0.5,0.0,1.0
ES,1h,bull (close==high),2019-12-24 02:00:00,3997.25,3998.0,3997.0,3998.0,0.75,1.7857142857142858,-0.5,0.0,0.5,0.5
ES,1h,bull (close==high),2019-12-24 05:00:00,3998.0,3998.5,3997.75,3998.5,0.6666666666666666,1.6071428571428572,0.0,0.0,-0.75,-4.75
ES,1h,bull (close==high),2019-12-25 21:00:00,3998.5,3999.5,3998.5,3999.5,1.0,2.1607142857142856,-0.25,-1.0,-0.5,0.0
ES,1h,bull (close==high),2019-12-26 04:00:00,3999.0,3999.75,3998.75,3999.75,0.75,1.4821428571428572,-0.25,-0.25,-0.25,2.0
ES,1h,bull (close==high),2020-01-02 00:00:00,4008.75,4009.25,4007.5,4009.25,0.2857142857142857,4.625,-0.25,2.75,7.0,9.75
ES,1h,bull (close==high),2020-01-02 07:00:00,4016.5,4018.5,4016.25,4018.5,0.8888888888888888,2.9285714285714284,1.5,0.0,-6.5,-5.75
ES,1h,bull (close==high),2020-01-07 13:00:00,4007.25,4010.0,4007.25,4010.0,1.0,6.482142857142857,-1.75,-4.0,-8.0,-49.25
ES,1h,bull (close==high),2020-01-08 14:00:00,4025.0,4031.5,4025.0,4031.5,1.0,8.392857142857142,-8.75,-2.75,-0.5,1.5
ES,1h,bull (close==high),2020-01-10 00:00:00,4052.25,4053.25,4051.25,4053.25,0.5,4.767857142857143,-0.25,-0.25,-3.0,-1.0
ES,1h,bull (close==high),2020-01-10 04:00:00,4050.0,4052.5,4049.25,4052.5,0.7692307692307693,3.3392857142857144,-0.25,1.75,0.0,-2.75
ES,1h,bull (close==high),2020-01-13 11:00:00,4046.5,4050.75,4045.25,4050.75,0.7727272727272727,3.7142857142857144,0.25,-0.25,2.75,7.25
ES,1h,bull (close==high),2020-01-14 11:00:00,4053.25,4057.75,4052.75,4057.75,0.9,5.928571428571429,3.0,-3.75,-3.5,-1.0
ES,1h,bull (close==high),2020-01-15 16:00:00,4060.0,4063.25,4059.5,4063.25,0.8666666666666667,6.517857142857143,2.75,1.0,2.75,2.25
ES,1h,bull (close==high),2020-01-16 05:00:00,4071.75,4073.75,4070.0,4073.75,0.5333333333333333,3.9464285714285716,0.75,-1.75,-0.75,0.5
ES,1h,bull (close==high),2020-01-16 06:00:00,4073.75,4074.5,4071.0,4074.5,0.21428571428571427,3.4285714285714284,-2.5,-1.5,-0.5,1.25
ES,1h,bull (close==high),2020-01-19 18:00:00,4094.0,4097.0,4092.25,4097.0,0.631578947368421,4.464285714285714,-1.0,-1.25,-1.75,-1.75
ES,1h,bull (close==high),2020-01-20 06:00:00,4088.75,4092.0,4088.75,4092.0,1.0,2.732142857142857,-0.5,-2.0,-0.25,1.5
ES,1h,bull (close==high),2020-01-24 00:00:00,4098.75,4099.0,4097.75,4099.0,0.2,4.875,-0.5,-1.5,5.5,1.75
ES,1h,bull (close==high),2020-01-30 23:00:00,4061.5,4064.0,4060.5,4064.0,0.7142857142857143,12.446428571428571,-4.75,-7.0,-12.5,-17.25
ES,1h,bull (close==high),2020-02-05 23:00:00,4115.25,4121.75,4113.75,4121.75,0.8125,8.303571428571429,0.75,-2.0,0.25,-9.0
ES,1h,bull (close==high),2020-02-06 22:00:00,4109.25,4111.5,4108.75,4111.5,0.8181818181818182,7.107142857142857,-1.5,-2.0,3.25,-0.25
ES,1h,bull (close==high),2020-02-11 12:00:00,4132.0,4136.25,4130.75,4136.25,0.7727272727272727,5.410714285714286,-4.25,-8.0,-10.0,-6.5
ES,1h,bull (close==high),2020-02-12 05:00:00,4137.5,4139.75,4136.5,4139.75,0.6923076923076923,4.535714285714286,0.0,-1.5,0.25,-0.5
ES,1h,bull (close==high),2020-02-13 07:00:00,4126.0,4129.0,4123.25,4129.0,0.5217391304347826,6.589285714285714,4.25,4.5,14.25,15.5
ES,1h,bull (close==high),2020-02-14 15:00:00,4141.25,4148.5,4137.75,4148.5,0.6744186046511628,6.178571428571429,1.0,8.25,4.0,9.25
ES,1h,bull (close==high),2020-02-17 06:00:00,4157.75,4159.0,4157.25,4159.0,0.7142857142857143,3.5,-1.75,-3.0,-3.25,-0.75
ES,1h,bull (close==high),2020-02-17 11:00:00,4157.0,4158.25,4156.75,4158.25,0.8333333333333334,2.482142857142857,-1.25,-13.25,-16.25,-20.75
ES,1h,bull (close==high),2020-02-24 23:00:00,4020.5,4021.75,4016.75,4021.75,0.25,17.160714285714285,1.75,4.75,3.25,-18.0
ES,1h,bull (close==high),2020-03-05 18:00:00,3793.25,3795.5,3785.5,3795.5,0.225,23.178571428571427,-3.0,-28.0,-46.25,-47.25
ES,1h,bull (close==high),2020-03-13 07:00:00,3365.25,3382.75,3364.0,3382.75,0.9333333333333333,52.214285714285715,-34.75,-57.5,-72.0,-8.25
ES,1h,bull (close==high),2020-03-17 02:00:00,3291.75,3298.75,3280.75,3298.75,0.3888888888888889,49.44642857142857,-66.0,-101.0,-17.75,-61.0
ES,1h,bull (close==high),2020-03-24 05:00:00,3124.25,3134.25,3119.5,3134.25,0.6779661016949152,33.19642857142857,-6.75,0.0,17.5,67.75
ES,1h,bull (close==high),2020-03-24 08:00:00,3128.0,3134.25,3101.5,3134.25,0.19083969465648856,30.357142857142858,17.5,37.0,67.75,35.5
ES,1h,bull (close==high),2020-04-09 02:00:00,3537.75,3558.5,3537.5,3558.5,0.9880952380952381,18.482142857142858,8.75,-22.0,-29.25,-41.25
ES,1h,bull (close==high),2020-04-14 09:00:00,3603.25,3627.0,3597.0,3627.0,0.7916666666666666,16.25,-12.25,-16.5,1.0,11.25
ES,1h,bull (close==high),2020-04-14 16:00:00,3637.75,3645.25,3635.75,3645.25,0.7894736842105263,16.964285714285715,-6.5,-12.5,-17.0,-23.0
ES,1h,bull (close==high),2020-04-14 21:00:00,3628.25,3629.75,3621.75,3629.75,0.1875,15.910714285714286,-7.5,-1.75,2.0,-5.0
ES,1h,bull (close==high),2020-04-24 02:00:00,3565.25,3578.5,3560.0,3578.5,0.7162162162162162,17.464285714285715,-0.25,-2.5,14.5,19.0
ES,1h,bull (close==high),2020-04-28 07:00:00,3701.75,3707.75,3698.75,3707.75,0.6666666666666666,11.428571428571429,5.25,-14.25,-50.5,-36.0
ES,1h,bull (close==high),2020-05-03 23:00:00,3595.75,3607.25,3595.75,3607.25,1.0,16.928571428571427,-8.0,-12.0,3.25,-12.0
ES,1h,bull (close==high),2020-05-04 05:00:00,3595.0,3597.0,3584.25,3597.0,0.1568627450980392,16.214285714285715,0.25,3.75,5.25,7.5
ES,1h,bull (close==high),2020-05-06 19:00:00,3627.5,3634.25,3626.0,3634.25,0.8181818181818182,15.017857142857142,7.75,6.25,10.0,19.25
ES,1h,bull (close==high),2020-05-11 23:00:00,3702.25,3704.5,3695.25,3704.5,0.24324324324324326,11.625,4.5,6.0,0.25,9.75
ES,1h,bull (close==high),2020-05-24 21:00:00,3762.5,3764.25,3755.0,3764.25,0.1891891891891892,11.017857142857142,-2.5,-1.0,0.0,3.5
ES,1h,bull (close==high),2020-05-28 11:00:00,3848.5,3853.25,3842.5,3853.25,0.4418604651162791,13.517857142857142,7.25,9.25,4.0,-15.25
ES,1h,bull (close==high),2020-06-05 10:00:00,3974.25,3990.0,3972.75,3990.0,0.9130434782608695,12.053571428571429,11.5,9.75,9.0,0.75
ES,1h,bull (close==high),2020-06-08 01:00:00,3996.0,3997.0,3991.25,3997.0,0.17391304347826086,11.821428571428571,-7.5,-10.25,6.5,2.25
ES,1h,bull (close==high),2020-07-14 06:00:00,3969.75,3972.0,3965.5,3972.0,0.34615384615384615,10.303571428571429,0.25,-24.25,-23.0,-1.5
ES,1h,bull (close==high),2020-07-24 04:00:00,4016.5,4027.25,4015.0,4027.25,0.8775510204081632,11.107142857142858,3.5,2.5,-1.25,-10.5
ES,1h,bull (close==high),2020-07-28 04:00:00,4043.75,4046.25,4041.25,4046.25,0.5,6.321428571428571,-11.25,-8.75,-15.5,-16.75
ES,1h,bull (close==high),2020-07-29 01:00:00,4017.25,4021.25,4015.5,4021.25,0.6956521739130435,8.392857142857142,7.0,9.75,8.5,7.75
ES,1h,bull (close==high),2020-08-03 07:00:00,4091.25,4095.25,4089.0,4095.25,0.64,8.75,0.0,-1.5,-2.25,4.75
ES,1h,bull (close==high),2020-08-05 07:00:00,4129.0,4133.0,4127.25,4133.0,0.6956521739130435,5.732142857142857,-6.5,-4.0,-3.75,-4.0
ES,1h,bull (close==high),2020-08-14 13:00:00,4180.5,4184.75,4178.5,4184.75,0.68,8.267857142857142,-8.25,-5.75,-9.75,-3.0
ES,1h,bull (close==high),2020-08-14 15:00:00,4176.25,4179.0,4167.25,4179.0,0.23404255319148937,9.25,-4.0,-0.5,2.75,3.5
ES,1h,bull (close==high),2020-08-17 18:00:00,4190.5,4191.75,4188.75,4191.75,0.4166666666666667,4.910714285714286,5.5,4.25,1.5,0.0
ES,1h,bull (close==high),2020-08-20 14:00:00,4186.25,4192.75,4185.75,4192.75,0.9285714285714286,8.714285714285714,0.25,1.75,4.75,10.0
ES,1h,bull (close==high),2020-08-26 06:00:00,4253.5,4255.75,4253.25,4255.75,0.9,4.125,-1.5,-0.75,1.5,14.75
ES,1h,bull (close==high),2020-08-26 13:00:00,4276.75,4281.0,4276.5,4281.0,0.9444444444444444,5.821428571428571,-5.0,5.5,10.25,7.5
ES,1h,bull (close==high),2020-08-28 00:00:00,4317.75,4318.25,4313.75,4318.25,0.1111111111111111,11.785714285714286,-4.25,-3.25,-14.25,-9.0
ES,1h,bull (close==high),2020-09-01 02:00:00,4316.0,4320.5,4314.25,4320.5,0.72,7.607142857142857,4.0,-4.25,0.0,-4.5
ES,1h,bull (close==high),2020-09-01 12:00:00,4318.25,4322.5,4317.25,4322.5,0.8095238095238095,7.5,1.25,6.25,14.5,17.0
ES,1h,bull (close==high),2020-09-01 19:00:00,4339.5,4346.75,4338.0,4346.75,0.8285714285714286,8.017857142857142,2.25,-2.25,-1.5,0.75
ES,1h,bull (close==high),2020-09-08 01:00:00,4241.75,4253.0,4239.75,4253.0,0.8490566037735849,9.017857142857142,-2.25,-7.5,-37.75,-46.75
ES,1h,bull (close==high),2020-09-09 09:00:00,4173.0,4191.5,4173.0,4191.5,1.0,14.464285714285714,12.25,21.25,30.25,35.5
ES,1h,bull (close==high),2020-09-13 21:00:00,4171.0,4178.0,4170.0,4178.0,0.875,19.946428571428573,4.75,6.75,4.5,14.25
ES,1h,bull (close==high),2020-09-15 00:00:00,4199.5,4204.0,4198.75,4204.0,0.8571428571428571,10.785714285714286,1.0,-1.0,-1.0,14.0
ES,1h,bull (close==high),2020-09-15 21:00:00,4213.75,4216.25,4210.25,4216.25,0.4166666666666667,8.839285714285714,3.5,7.5,4.5,5.25
ES,1h,bull (close==high),2020-09-24 01:00:00,4034.25,4046.5,4031.25,4046.5,0.8032786885245902,17.303571428571427,-12.25,4.75,-1.25,7.75
ES,1h,bull (close==high),2020-10-04 20:00:00,4183.0,4188.5,4180.5,4188.5,0.6875,19.839285714285715,-6.0,-3.25,-9.75,-5.75
ES,1h,bull (close==high),2020-10-05 06:00:00,4181.5,4184.25,4176.25,4184.25,0.34375,9.053571428571429,-2.0,-2.25,2.75,21.5
ES,1h,bull (close==high),2020-10-12 22:00:00,4339.25,4340.75,4334.5,4340.75,0.24,10.910714285714286,-0.25,-0.75,8.25,-6.25
ES,1h,bull (close==high),2020-10-15 09:00:00,4259.75,4278.0,4252.75,4278.0,0.7227722772277227,11.625,-8.75,-0.5,2.5,13.0
ES,1h,bull (close==high),2020-10-28 23:00:00,4114.25,4119.0,4112.25,4119.0,0.7037037037037037,17.821428571428573,1.25,2.5,4.25,-9.25
ES,1h,bull (close==high),2020-11-02 21:00:00,4141.25,4146.25,4139.5,4146.25,0.7407407407407407,16.25,-6.5,-13.25,-9.25,-5.75
ES,1h,bull (close==high),2020-11-13 12:00:00,4384.5,4389.5,4382.75,4389.5,0.7407407407407407,10.196428571428571,-1.5,9.25,13.75,39.75
ES,1h,bull (close==high),2020-11-16 10:00:00,4426.25,4441.75,4424.0,4441.75,0.8732394366197183,11.053571428571429,-2.0,-8.5,-14.0,2.5
ES,1h,bull (close==high),2020-11-22 19:00:00,4378.5,4386.75,4376.75,4386.75,0.825,10.0,-2.5,-1.0,0.0,-1.0
ES,1h,bull (close==high),2020-11-23 00:00:00,4384.75,4385.75,4383.0,4385.75,0.36363636363636365,8.035714285714286,1.75,6.25,14.0,11.75
ES,1h,bull (close==high),2020-11-23 14:00:00,4389.25,4398.0,4383.75,4398.0,0.6140350877192983,12.589285714285714,-0.75,-0.75,15.0,16.25
ES,1h,bull (close==high),2020-11-26 00:00:00,4451.5,4458.25,4451.25,4458.25,0.9642857142857143,6.821428571428571,-0.25,-1.25,-8.5,-9.25
ES,1h,bull (close==high),2020-11-27 07:00:00,4455.75,4458.75,4454.75,4458.75,0.75,5.875,1.25,-0.25,3.0,-1.0
ES,1h,bull (close==high),2020-11-30 02:00:00,4426.25,4434.75,4425.75,4434.75,0.9444444444444444,9.303571428571429,7.75,9.75,10.25,14.0
ES,1h,bull (close==high),2020-12-03 05:00:00,4483.25,4487.0,4482.5,4487.0,0.8333333333333334,6.160714285714286,1.0,3.5,1.0,9.25
ES,1h,bull (close==high),2020-12-04 05:00:00,4497.5,4498.5,4495.0,4498.5,0.2857142857142857,6.428571428571429,-1.75,-2.5,-3.5,13.75
ES,1h,bull (close==high),2020-12-07 08:00:00,4507.75,4511.0,4505.0,4511.0,0.5416666666666666,6.982142857142857,4.25,3.75,4.5,-5.75
ES,1h,bull (close==high),2020-12-07 09:00:00,4510.75,4515.25,4509.75,4515.25,0.8181818181818182,6.839285714285714,-0.5,0.25,-5.25,-10.25
ES,1h,bull (close==high),2020-12-08 10:00:00,4506.0,4511.5,4498.25,4511.5,0.41509433962264153,7.125,6.0,10.0,10.5,11.75
ES,1h,bull (close==high),2020-12-08 21:00:00,4527.25,4531.25,4527.25,4531.25,1.0,7.732142857142857,-1.0,1.75,1.25,-0.5
ES,1h,bull (close==high),2020-12-08 23:00:00,4530.25,4533.0,4530.25,4533.0,1.0,7.071428571428571,-0.5,-0.5,-2.25,0.25
ES,1h,bull (close==high),2020-12-11 07:00:00,4460.5,4466.25,4459.75,4466.25,0.8846153846153846,8.625,1.25,6.25,5.5,-2.0
ES,1h,bull (close==high),2020-12-17 13:00:00,4538.0,4542.75,4538.0,4542.75,1.0,5.75,-0.5,-0.25,1.5,-4.0
ES,1h,bull (close==high),2020-12-22 05:00:00,4515.75,4519.25,4512.75,4519.25,0.5384615384615384,10.589285714285714,0.5,3.5,0.0,-6.75
ES,1h,bull (close==high),2020-12-24 01:00:00,4517.75,4519.5,4517.25,4519.5,0.7777777777777778,6.285714285714286,-0.5,-0.75,0.75,0.5
ES,1h,bull (close==high),2020-12-28 18:00:00,4560.75,4564.75,4559.0,4564.75,0.6956521739130435,5.321428571428571,2.75,3.0,5.5,6.25
ES,1h,bull (close==high),2020-12-30 20:00:00,4558.0,4558.75,4553.25,4558.75,0.13636363636363635,5.803571428571429,-2.5,-4.0,-5.25,-4.75
ES,1h,bull (close==high),2021-01-07 14:00:00,4624.25,4627.25,4620.75,4627.25,0.46153846153846156,11.303571428571429,-2.0,-1.5,2.0,12.0
ES,1h,bull (close==high),2021-01-11 05:00:00,4622.5,4629.75,4621.5,4629.75,0.8787878787878788,9.214285714285714,-1.0,-3.75,-17.25,-0.5
ES,1h,bull (close==high),2021-01-18 09:00:00,4593.75,4594.0,4590.0,4594.0,0.0625,5.75,2.5,2.75,4.25,16.25
ES,1h,bull (close==high),2021-01-20 07:00:00,4633.0,4635.0,4632.0,4635.0,0.6666666666666666,6.571428571428571,5.5,12.5,27.0,36.0
ES,1h,bull (close==high),2021-01-21 06:00:00,4682.0,4685.75,4681.0,4685.75,0.7894736842105263,5.607142857142857,-2.75,-10.5,-13.5,-10.5
ES,1h,bull (close==high),2021-01-25 05:00:00,4673.0,4677.0,4671.0,4677.0,0.6666666666666666,6.303571428571429,-4.5,-12.5,-10.75,-30.75
ES,1h,bull (close==high),2021-01-26 08:00:00,4683.25,4685.0,4680.5,4685.0,0.3888888888888889,7.892857142857143,-3.5,-6.75,-14.75,-5.75
ES,1h,bull (close==high),2021-02-02 00:00:00,4614.75,4619.5,4613.0,4619.5,0.7307692307692307,13.196428571428571,-4.25,-5.0,3.25,11.5
ES,1h,bull (close==high),2021-02-03 16:00:00,4651.75,4662.25,4650.75,4662.25,0.9130434782608695,10.303571428571429,0.25,-6.5,-5.0,-17.5
ES,1h,bull (close==high),2021-02-04 07:00:00,4651.25,4660.5,4651.0,4660.5,0.9736842105263158,8.321428571428571,1.0,11.25,14.75,20.0
ES,1h,bull (close==high),2021-02-11 18:00:00,4735.0,4740.75,4733.0,4740.75,0.7419354838709677,9.517857142857142,-3.25,-4.0,-8.25,-7.25
ES,1h,bull (close==high),2021-02-15 08:00:00,4776.0,4777.25,4775.5,4777.25,0.7142857142857143,3.875,1.5,2.25,2.5,-0.5
ES,1h,bull (close==high),2021-02-16 06:00:00,4780.25,4783.0,4776.0,4783.0,0.39285714285714285,4.732142857142857,-3.0,-9.5,-13.0,-29.0
ES,1h,bull (close==high),2021-02-18 03:00:00,4744.25,4754.5,4740.0,4754.5,0.7068965517241379,8.375,-6.5,-11.25,-11.75,-23.25
ES,1h,bull (close==high),2021-02-23 14:00:00,4684.25,4699.75,4680.0,4699.75,0.7848101265822784,20.732142857142858,8.0,6.0,3.5,14.5
ES,1h,bull (close==high),2021-03-04 21:00:00,4572.75,4584.25,4565.75,4584.25,0.6216216216216216,29.910714285714285,9.75,-1.25,14.5,3.5
ES,1h,bull (close==high),2021-03-08 06:00:00,4644.5,4650.75,4642.0,4650.75,0.7142857142857143,14.303571428571429,-5.5,20.75,20.75,33.5
ES,1h,bull (close==high),2021-03-10 16:00:00,4726.25,4737.5,4725.25,4737.5,0.9183673469387755,15.803571428571429,-7.75,-12.0,2.5,4.75
ES,1h,bull (close==high),2021-03-11 01:00:00,4744.5,4750.25,4741.25,4750.25,0.6388888888888888,11.446428571428571,2.75,4.5,4.75,1.75
ES,1h,bull (close==high),2021-03-15 13:00:00,4773.25,4778.5,4770.5,4778.5,0.65625,9.464285714285714,5.5,19.0,17.5,12.75
ES,1h,bull (close==high),2021-03-16 02:00:00,4799.5,4802.0,4795.75,4802.0,0.4,7.232142857142857,-2.25,-5.75,-5.75,0.25
ES,1h,bull (close==high),2021-03-22 13:00:00,4774.5,4776.25,4770.25,4776.25,0.2916666666666667,8.839285714285714,4.75,-7.0,-4.25,-0.25
ES,1h,bull (close==high),2021-03-22 19:00:00,4772.0,4776.0,4771.0,4776.0,0.8,8.482142857142858,-4.75,-5.75,-10.5,-15.5
ES,1h,bull (close==high),2021-03-24 20:00:00,4725.5,4729.5,4725.5,4729.5,1.0,11.928571428571429,-4.5,2.5,-1.0,-4.25
ES,1h,bull (close==high),2021-04-01 10:00:00,4827.25,4836.25,4825.5,4836.25,0.8372093023255814,5.982142857142857,-1.25,4.5,3.75,13.0
ES,1h,bull (close==high),2021-04-01 23:00:00,4855.5,4855.75,4855.0,4855.75,0.3333333333333333,5.214285714285714,0.25,1.75,3.0,5.5
ES,1h,bull (close==high),2021-04-02 00:00:00,4855.75,4856.0,4855.5,4856.0,0.5,4.625,1.5,2.75,3.0,4.25
ES,1h,bull (close==high),2021-04-02 04:00:00,4859.0,4861.25,4857.25,4861.25,0.5625,3.3214285714285716,-1.0,-0.5,0.5,5.25
ES,1h,bull (close==high),2021-04-02 06:00:00,4860.0,4860.75,4857.75,4860.75,0.25,2.517857142857143,1.0,10.5,5.75,11.0
ES,1h,bull (close==high),2021-04-02 07:00:00,4860.75,4861.75,4859.5,4861.75,0.4444444444444444,2.25,9.5,4.75,2.25,8.75
ES,1h,bull (close==high),2021-04-13 08:00:00,4948.0,4961.75,4946.25,4961.75,0.8870967741935484,6.142857142857143,-0.25,0.25,2.75,3.5
ES,1h,bull (close==high),2021-04-14 09:00:00,4971.0,4981.75,4968.75,4981.75,0.8269230769230769,4.910714285714286,-4.25,-4.25,-3.75,-24.75
ES,1h,bull (close==high),2021-04-15 07:00:00,4978.5,4980.75,4974.75,4980.75,0.375,4.714285714285714,0.75,2.25,12.25,19.5
ES,1h,bull (close==high),2021-04-16 00:00:00,4995.0,4998.25,4994.5,4998.25,0.8666666666666667,6.214285714285714,0.0,-3.0,-0.25,6.5
ES,1h,bull (close==high),2021-04-21 06:00:00,4964.25,4971.25,4961.75,4971.25,0.7368421052631579,6.089285714285714,-6.75,-13.25,6.25,21.0
ES,1h,bull (close==high),2021-04-22 00:00:00,4998.5,5001.0,4997.0,5001.0,0.625,6.982142857142857,1.75,0.25,-1.0,1.5
ES,1h,bull (close==high),2021-04-27 06:00:00,5017.75,5023.25,5017.25,5023.25,0.9166666666666666,4.839285714285714,-0.75,-2.5,-11.75,-5.0
ES,1h,bull (close==high),2021-04-28 08:00:00,5017.75,5020.0,5017.0,5020.0,0.75,4.053571428571429,6.75,3.25,-4.25,-3.75
ES,1h,bull (close==high),2021-04-29 02:00:00,5039.0,5040.5,5037.25,5040.5,0.46153846153846156,7.142857142857143,0.75,2.25,2.25,2.5
ES,1h,bull (close==high),2021-04-30 07:00:00,5017.75,5022.5,5015.75,5022.5,0.7037037037037037,5.642857142857143,-0.75,5.25,-5.0,-4.75
ES,1h,bull (close==high),2021-05-07 07:00:00,5043.25,5044.5,5040.75,5044.5,0.3333333333333333,4.678571428571429,2.25,8.0,20.5,19.75
ES,1h,bull (close==high),2021-05-11 09:00:00,4968.0,4991.75,4962.5,4991.75,0.811965811965812,14.375,-30.75,-8.75,-23.75,-8.0
ES,1h,bull (close==high),2021-05-14 09:00:00,4972.0,4991.5,4969.25,4991.5,0.8764044943820225,9.321428571428571,3.75,4.75,13.0,23.0
ES,1h,bull (close==high),2021-05-20 08:00:00,4943.75,4954.5,4942.25,4954.5,0.8775510204081632,8.732142857142858,18.0,27.0,43.25,38.75
ES,1h,bull (close==high),2021-05-21 09:00:00,5007.75,5024.0,5006.5,5024.0,0.9285714285714286,7.428571428571429,-11.25,-22.5,-33.25,-24.5
ES,1h,bull (close==high),2021-05-21 16:00:00,4991.75,4997.0,4991.0,4997.0,0.875,11.285714285714286,-8.75,-8.25,3.75,3.0
ES,1h,bull (close==high),2021-05-24 05:00:00,5006.5,5012.75,5005.75,5012.75,0.8928571428571429,8.107142857142858,-1.5,-2.5,1.25,22.75
ES,1h,bull (close==high),2021-05-26 19:00:00,5032.0,5032.25,5029.75,5032.25,0.1,6.821428571428571,-2.25,-8.0,-6.75,-5.5
ES,1h,bull (close==high),2021-05-28 04:00:00,5050.75,5053.75,5050.75,5053.75,1.0,5.285714285714286,0.5,2.0,-1.5,-3.0
ES,1h,bull (close==high),2021-06-07 02:00:00,5060.5,5062.0,5059.0,5062.0,0.5,4.482142857142857,-1.5,0.75,-3.25,6.0
ES,1h,bull (close==high),2021-06-08 04:00:00,5063.0,5066.5,5061.5,5066.5,0.7,4.767857142857143,2.5,0.25,5.5,-7.25
ES,1h,bull (close==high),2021-06-08 22:00:00,5066.75,5067.5,5064.5,5067.5,0.25,7.089285714285714,-1.25,-2.5,-2.0,-2.5
ES,1h,bull (close==high),2021-06-09 02:00:00,5065.0,5066.0,5063.0,5066.0,0.3333333333333333,4.392857142857143,-1.0,3.5,1.5,6.0
ES,1h,bull (close==high),2021-06-10 03:00:00,5060.0,5061.0,5051.25,5061.0,0.10256410256410256,4.035714285714286,-1.75,-0.25,-1.0,9.0
ES,1h,bull (close==high),2021-06-11 01:00:00,5080.5,5080.75,5079.5,5080.75,0.2,4.767857142857143,-1.5,-3.25,-0.5,6.5
ES,1h,bull (close==high),2021-06-13 21:00:00,5088.75,5089.5,5086.5,5089.5,0.25,5.785714285714286,2.0,0.25,-0.25,1.5
ES,1h,bull (close==high),2021-06-15 06:00:00,5097.0,5100.0,5095.0,5100.0,0.6,4.25,-0.25,-3.5,-10.5,-18.5
ES,1h,bull (close==high),2021-06-15 23:00:00,5085.5,5087.0,5084.0,5087.0,0.5,5.446428571428571,-1.0,-1.0,-0.25,-2.5
ES,1h,bull (close==high),2021-06-17 18:00:00,5065.25,5068.25,5063.5,5068.25,0.631578947368421,11.785714285714286,-3.75,-2.5,-0.5,-1.75
ES,1h,bull (close==high),2021-06-22 10:00:00,5058.75,5073.25,5055.0,5073.25,0.7945205479452054,7.660714285714286,1.5,4.25,5.25,12.25
ES,1h,bull (close==high),2021-06-28 01:00:00,5122.75,5126.0,5121.75,5126.0,0.7647058823529411,3.857142857142857,-3.25,-3.0,-3.25,-4.75
ES,1h,bull (close==high),2021-06-29 01:00:00,5124.5,5127.5,5122.75,5127.5,0.631578947368421,4.267857142857143,-3.0,1.75,-1.0,5.0
ES,1h,bull (close==high),2021-06-29 06:00:00,5129.0,5132.5,5126.75,5132.5,0.6086956521739131,3.8392857142857144,-5.5,-2.0,3.5,2.0
ES,1h,bull (close==high),2021-06-29 23:00:00,5134.75,5136.75,5134.0,5136.75,0.7272727272727273,4.464285714285714,0.25,-3.25,-3.75,-13.5
ES,1h,bull (close==high),2021-07-05 02:00:00,5185.75,5186.25,5183.75,5186.25,0.2,4.214285714285714,-2.0,0.75,2.75,4.0
ES,1h,bull (close==high),2021-07-09 16:00:00,5209.0,5211.25,5207.5,5211.25,0.6,7.982142857142857,0.25,1.25,-2.0,-7.25
ES,1h,bull (close==high),2021-07-20 12:00:00,5165.5,5174.25,5162.5,5174.25,0.7446808510638298,13.625,-9.25,-5.0,-9.5,-2.75
ES,1h,bull (close==high),2021-07-21 11:00:00,5188.5,5194.25,5185.0,5194.25,0.6216216216216216,9.910714285714286,-5.5,-1.0,1.5,10.25
ES,1h,bull (close==high),2021-07-21 14:00:00,5193.25,5195.75,5190.25,5195.75,0.45454545454545453,9.714285714285714,4.0,8.75,7.25,5.5
ES,1h,bull (close==high),2021-07-21 16:00:00,5200.0,5204.5,5199.5,5204.5,0.9,9.821428571428571,-1.5,-0.75,-3.25,-2.25
ES,1h,bull (close==high),2021-07-23 03:00:00,5222.5,5225.5,5219.5,5225.5,0.5,4.75,1.0,3.5,4.75,2.0
ES,1h,bull (close==high),2021-07-27 06:00:00,5249.75,5255.0,5248.75,5255.0,0.84,5.464285714285714,1.0,2.0,-8.25,-25.0
ES,1h,bull (close==high),2021-07-28 19:00:00,5243.0,5243.75,5239.75,5243.75,0.1875,9.892857142857142,-3.5,-13.0,-7.5,-6.0
ES,1h,bull (close==high),2021-08-02 07:00:00,5254.0,5259.0,5251.25,5259.0,0.6451612903225806,6.571428571428571,-3.0,-3.25,-5.25,-17.0
ES,1h,bull (close==high),2021-08-06 01:00:00,5268.5,5270.0,5267.5,5270.0,0.6,3.9285714285714284,-0.5,-1.75,2.0,2.75
ES,1h,bull (close==high),2021-08-06 11:00:00,5274.25,5278.75,5271.75,5278.75,0.6428571428571429,4.75,2.0,1.0,-5.25,0.75
ES,1h,bull (close==high),2021-08-09 20:00:00,5274.5,5277.25,5274.25,5277.25,0.9166666666666666,5.464285714285714,-10.0,-8.5,-9.5,-6.75
ES,1h,bull (close==high),2021-08-10 11:00:00,5276.25,5283.5,5272.0,5283.5,0.6304347826086957,4.910714285714286,-1.5,-1.0,-2.0,-4.75
ES,1h,bull (close==high),2021-08-11 02:00:00,5275.75,5276.25,5274.5,5276.25,0.2857142857142857,3.732142857142857,-4.5,-2.75,-2.0,-1.75
ES,1h,bull (close==high),2021-08-11 22:00:00,5288.5,5289.75,5288.25,5289.75,0.8333333333333334,4.535714285714286,1.5,-0.25,-2.25,-0.5
ES,1h,bull (close==high),2021-08-12 05:00:00,5290.25,5291.5,5289.0,5291.5,0.5,2.6785714285714284,0.75,0.25,-3.75,-1.25
ES,1h,bull (close==high),2021-08-12 10:00:00,5284.25,5290.25,5279.5,5290.25,0.5581395348837209,3.9464285714285716,1.25,6.0,6.25,13.5
ES,1h,bull (close==high),2021-08-20 08:00:00,5231.75,5249.5,5231.0,5249.5,0.9594594594594594,10.5,21.5,25.0,27.5,31.0
ES,1h,bull (close==high),2021-08-23 19:00:00,5331.75,5332.75,5331.0,5332.75,0.5714285714285714,6.392857142857143,-0.5,0.25,-1.25,-0.5
ES,1h,bull (close==high),2021-08-25 09:00:00,5334.0,5335.75,5330.0,5335.75,0.30434782608695654,4.142857142857143,1.25,7.75,9.75,7.75
ES,1h,bull (close==high),2021-08-26 05:00:00,5336.75,5338.25,5333.5,5338.25,0.3157894736842105,4.303571428571429,0.5,2.5,-0.75,-16.75
ES,1h,bull (close==high),2021-08-27 12:00:00,5351.75,5354.75,5349.5,5354.75,0.5714285714285714,6.803571428571429,1.5,-0.25,0.0,2.25
ES,1h,bull (close==high),2021-08-30 10:00:00,5367.25,5381.0,5365.25,5381.0,0.873015873015873,4.071428571428571,0.75,-0.75,1.5,-6.5
ES,1h,bull (close==high),2021-08-30 13:00:00,5380.25,5382.5,5379.0,5382.5,0.6428571428571429,4.267857142857143,-0.75,-8.0,-3.25,-5.75
ES,1h,bull (close==high),2021-08-31 19:00:00,5376.0,5377.75,5374.75,5377.75,0.5833333333333334,7.589285714285714,-3.25,0.75,4.25,3.5
ES,1h,bull (close==high),2021-09-02 00:00:00,5368.0,5369.0,5367.5,5369.0,0.6666666666666666,5.017857142857143,1.25,5.0,8.25,9.0
ES,1h,bull (close==high),2021-09-02 02:00:00,5370.25,5374.0,5369.25,5374.0,0.7894736842105263,4.714285714285714,3.25,6.25,4.0,5.0
ES,1h,bull (close==high),2021-09-05 23:00:00,5379.0,5382.5,5378.0,5382.5,0.7777777777777778,6.357142857142857,-0.25,3.0,5.75,10.75
ES,1h,bull (close==high),2021-09-22 09:00:00,5228.0,5233.25,5215.5,5233.25,0.29577464788732394,12.482142857142858,11.5,21.5,16.75,8.0
ES,1h,bull (close==high),2021-10-05 04:00:00,5146.75,5163.0,5146.0,5163.0,0.9558823529411765,12.642857142857142,5.5,2.25,6.75,13.25
ES,1h,bull (close==high),2021-10-07 05:00:00,5239.5,5241.0,5236.25,5241.0,0.3157894736842105,9.785714285714286,7.75,12.5,12.5,36.25
ES,1h,bull (close==high),2021-10-07 09:00:00,5253.25,5270.5,5244.5,5270.5,0.6634615384615384,9.839285714285714,6.75,7.25,4.75,-15.5
ES,1h,bull (close==high),2021-10-11 09:00:00,5232.0,5257.5,5231.0,5257.5,0.9622641509433962,12.053571428571429,2.75,2.0,-13.5,-26.0
ES,1h,bull (close==high),2021-10-15 09:00:00,5308.25,5316.0,5304.0,5316.0,0.6458333333333334,7.5,1.75,-4.5,0.5,8.0
ES,1h,bull (close==high),2021-10-15 16:00:00,5321.5,5324.25,5320.25,5324.25,0.6875,7.964285714285714,-6.5,-12.75,-5.25,-4.0
ES,1h,bull (close==high),2021-10-19 01:00:00,5336.5,5341.5,5335.5,5341.5,0.8333333333333334,6.178571428571429,6.5,3.25,7.75,17.75
ES,1h,bull (close==high),2021-10-21 05:00:00,5374.5,5378.0,5374.0,5378.0,0.875,6.017857142857143,-4.0,-5.0,-1.0,9.0
ES,1h,bull (close==high),2021-10-21 14:00:00,5383.0,5388.5,5382.5,5388.5,0.9166666666666666,7.375,12.25,2.5,0.75,7.25
ES,1h,bull (close==high),2021-10-27 00:00:00,5424.25,5426.75,5424.0,5426.75,0.9090909090909091,8.535714285714286,4.5,2.5,4.75,-7.75
ES,1h,bull (close==high),2021-11-02 06:00:00,5462.25,5464.75,5459.25,5464.75,0.45454545454545453,5.053571428571429,0.5,2.25,10.5,13.0
ES,1h,bull (close==high),2021-11-09 14:00:00,5525.5,5535.25,5524.0,5535.25,0.8666666666666667,10.410714285714286,2.0,-1.0,-4.25,-7.0
ES,1h,bull (close==high),2021-11-10 20:00:00,5506.25,5511.75,5501.75,5511.75,0.55,12.446428571428571,-3.25,-6.25,-9.75,-4.25
ES,1h,bull (close==high),2021-11-14 23:00:00,5538.5,5539.25,5536.25,5539.25,0.25,8.035714285714286,1.25,-0.25,-0.5,6.0
ES,1h,bull (close==high),2021-11-18 05:00:00,5557.75,5560.0,5555.75,5560.0,0.5294117647058824,3.982142857142857,0.0,-4.0,-4.0,-21.25
ES,1h,bull (close==high),2021-11-18 21:00:00,5570.75,5578.0,5569.75,5578.0,0.8787878787878788,9.75,0.75,0.5,-1.25,0.25
ES,1h,bull (close==high),2021-11-22 00:00:00,5565.5,5566.25,5564.0,5566.25,0.3333333333333333,7.517857142857143,-0.25,0.25,1.75,3.0
ES,1h,bull (close==high),2021-11-24 21:00:00,5566.0,5567.0,5564.5,5567.0,0.4,10.535714285714286,3.75,4.5,7.25,5.25
ES,1h,bull (close==high),2021-11-25 00:00:00,5571.5,5574.25,5570.75,5574.25,0.7857142857142857,8.339285714285714,1.25,-2.0,0.0,-5.25
ES,1h,bull (close==high),2021-11-25 09:00:00,5562.5,5567.75,5559.75,5567.75,0.65625,4.214285714285714,-4.5,-2.5,-3.25,-29.25
ES,1h,bull (close==high),2021-12-06 16:00:00,5450.5,5454.25,5446.75,5454.25,0.5,19.339285714285715,-1.5,-2.0,5.0,6.0
ES,1h,bull (close==high),2021-12-07 00:00:00,5465.75,5478.0,5464.5,5478.0,0.9074074074074074,14.178571428571429,-0.25,8.25,22.0,33.75
ES,1h,bull (close==high),2021-12-07 19:00:00,5548.5,5558.75,5542.25,5558.75,0.6212121212121212,12.982142857142858,-5.0,1.5,3.0,3.5
ES,1h,bull (close==high),2021-12-10 01:00:00,5524.25,5529.0,5523.75,5529.0,0.9047619047619048,8.875,1.0,9.0,9.0,15.75
ES,1h,bull (close==high),2021-12-15 23:00:00,5571.75,5576.0,5571.5,5576.0,0.9444444444444444,17.642857142857142,4.5,8.5,14.25,15.25
ES,1h,bull (close==high),2021-12-21 14:00:00,5496.75,5503.0,5492.25,5503.0,0.5813953488372093,15.535714285714286,3.25,4.5,0.25,-0.75
ES,1h,bull (close==high),2021-12-22 06:00:00,5506.5,5511.25,5504.0,5511.25,0.6551724137931034,7.25,-6.25,-15.75,-1.75,28.75
ES,1h,bull (close==high),2021-12-23 06:00:00,5563.25,5565.5,5562.5,5565.5,0.75,4.535714285714286,1.75,-3.0,11.0,22.75
ES,1h,bull (close==high),2021-12-27 13:00:00,5633.0,5638.5,5631.75,5638.5,0.8148148148148148,7.928571428571429,-1.5,9.25,9.25,7.0
ES,1h,bull (close==high),2021-12-28 00:00:00,5642.75,5646.75,5642.0,5646.75,0.8421052631578947,6.857142857142857,0.0,-4.0,7.25,13.5
ES,1h,bull (close==high),2021-12-28 21:00:00,5642.5,5647.5,5641.0,5647.5,0.7692307692307693,10.035714285714286,1.5,1.0,3.75,6.75
ES,1h,bull (close==high),2022-01-04 02:00:00,5661.75,5663.0,5658.5,5663.0,0.2777777777777778,6.535714285714286,-4.0,-1.0,6.25,1.75
ES,1h,bull (close==high),2022-01-04 04:00:00,5659.0,5662.0,5658.5,5662.0,0.8571428571428571,5.410714285714286,7.25,6.75,2.75,8.75
ES,1h,bull (close==high),2022-01-12 00:00:00,5574.0,5581.25,5573.75,5581.25,0.9666666666666667,12.482142857142858,-4.0,-4.5,-19.0,-4.0
ES,1h,bull (close==high),2022-01-17 19:00:00,5522.5,5526.5,5519.5,5526.5,0.5714285714285714,7.982142857142857,-1.75,-2.25,-22.0,-29.5
ES,1h,bull (close==high),2022-02-10 00:00:00,5434.5,5437.75,5432.25,5437.75,0.5909090909090909,9.785714285714286,2.0,4.75,-6.25,0.75
ES,1h,bull (close==high),2022-02-10 05:00:00,5433.75,5438.5,5430.75,5438.5,0.6129032258064516,8.25,-2.5,3.0,-38.0,-13.75
ES,1h,bull (close==high),2022-02-14 18:00:00,5259.0,5269.0,5259.0,5269.0,1.0,27.75,-5.5,-2.0,4.5,-5.75
ES,1h,bull (close==high),2022-03-22 21:00:00,5377.25,5382.25,5376.25,5382.25,0.8333333333333334,11.803571428571429,3.5,-0.25,3.0,1.0
ES,1h,bull (close==high),2022-03-23 23:00:00,5328.75,5333.75,5326.25,5333.75,0.6666666666666666,13.089285714285714,-0.5,8.75,1.75,14.5
ES,1h,bull (close==high),2022-04-04 01:00:00,5416.75,5422.25,5413.5,5422.25,0.6285714285714286,11.803571428571429,-3.0,-14.0,-12.25,-5.0
ES,1h,bull (close==high),2022-04-11 01:00:00,5326.25,5333.0,5323.5,5333.0,0.7105263157894737,13.160714285714286,1.75,13.25,-2.5,11.25
ES,1h,bull (close==high),2022-04-12 19:00:00,5274.0,5279.75,5273.75,5279.75,0.9583333333333334,21.25,3.25,4.0,6.0,6.75
ES,1h,bull (close==high),2022-05-05 00:00:00,5165.5,5170.75,5164.75,5170.75,0.875,22.892857142857142,1.5,-14.75,-20.5,-28.75
ES,1h,bull (close==high),2022-05-11 00:00:00,4885.0,4887.0,4882.75,4887.0,0.47058823529411764,27.785714285714285,-2.25,-4.25,-4.25,26.5
ES,1h,bull (close==high),2022-05-16 04:00:00,4871.25,4888.75,4870.5,4888.75,0.958904109589041,18.857142857142858,-13.5,-9.5,-6.25,-24.25
ES,1h,bull (close==high),2022-05-16 19:00:00,4879.25,4882.25,4876.0,4882.25,0.48,22.732142857142858,3.75,14.5,5.0,11.25
ES,1h,bull (close==high),2022-05-17 02:00:00,4899.0,4902.25,4895.5,4902.25,0.48148148148148145,15.535714285714286,9.5,34.0,48.0,35.5
ES,1h,bull (close==high),2022-06-09 02:00:00,4977.5,4985.75,4976.25,4985.75,0.868421052631579,12.196428571428571,2.25,18.5,14.25,12.5
ES,1h,bull (close==high),2022-06-09 09:00:00,4974.0,4991.25,4958.25,4991.25,0.5227272727272727,14.607142857142858,-23.5,-23.0,-14.0,-51.25
ES,1h,bull (close==high),2022-06-28 18:00:00,4699.75,4703.25,4698.0,4703.25,0.6666666666666666,20.214285714285715,-2.25,-9.0,-3.5,-0.75
ES,1h,bull (close==high),2022-07-05 00:00:00,4708.0,4714.5,4708.0,4714.5,1.0,10.232142857142858,0.5,1.75,-12.25,-34.25
ES,1h,bull (close==high),2022-07-06 16:00:00,4720.75,4725.5,4719.5,4725.5,0.7916666666666666,20.964285714285715,-3.75,-2.0,-7.5,-0.25
ES,1h,bull (close==high),2022-07-13 14:00:00,4695.0,4701.0,4671.75,4701.0,0.20512820512820512,27.625,-25.0,-33.5,-43.0,-43.25
ES,1h,bull (close==high),2022-07-19 12:00:00,4783.25,4791.5,4774.25,4791.5,0.4782608695652174,13.392857142857142,11.25,12.5,17.5,25.25
ES,1h,bull (close==high),2022-07-25 06:00:00,4855.75,4858.0,4852.0,4858.0,0.375,8.964285714285714,-4.0,-8.5,-17.5,-13.5
ES,1h,bull (close==high),2022-07-28 05:00:00,4880.5,4884.0,4875.5,4884.0,0.4117647058823529,8.267857142857142,0.75,1.5,8.75,16.0
ES,1h,bull (close==high),2022-08-01 00:00:00,4985.25,4988.0,4984.75,4988.0,0.8461538461538461,11.803571428571429,0.0,1.25,7.75,8.5
ES,1h,bull (close==high),2022-08-03 20:00:00,5021.5,5029.0,5019.5,5029.0,0.7894736842105263,11.892857142857142,-1.5,-2.75,-6.25,-7.0
ES,1h,bull (close==high),2022-08-12 01:00:00,5086.75,5090.75,5086.5,5090.75,0.9411764705882353,10.107142857142858,2.0,14.5,12.0,6.75
ES,1h,bull (close==high),2022-08-28 23:00:00,4894.5,4900.75,4892.75,4900.75,0.78125,23.071428571428573,-3.25,-13.0,3.25,-11.25
ES,1h,bull (close==high),2022-08-29 16:00:00,4903.5,4907.25,4901.25,4907.25,0.625,18.660714285714285,-1.0,5.75,-1.75,0.5
ES,1h,bull (close==high),2022-08-29 23:00:00,4907.75,4913.0,4905.0,4913.0,0.65625,17.071428571428573,4.0,3.25,3.0,23.5
ES,1h,bull (close==high),2022-09-12 01:00:00,4937.75,4944.5,4937.5,4944.5,0.9642857142857143,9.803571428571429,4.5,9.5,22.5,14.0
ES,1h,bull (close==high),2022-09-14 21:00:00,4825.75,4831.75,4819.0,4831.75,0.47058823529411764,19.928571428571427,-4.5,-7.75,-9.0,-10.5
ES,1h,bull (close==high),2022-09-19 19:00:00,4779.5,4786.5,4778.75,4786.5,0.9032258064516129,17.785714285714285,-5.75,-8.0,-6.5,-5.0
ES,1h,bull (close==high),2022-09-28 01:00:00,4494.0,4502.5,4487.0,4502.5,0.5483870967741935,20.642857142857142,-14.75,-3.75,-10.75,1.75
ES,1h,bull (close==high),2022-10-03 22:00:00,4561.75,4566.0,4556.25,4566.0,0.4358974358974359,19.642857142857142,10.75,14.0,16.25,33.5
ES,1h,bull (close==high),2022-10-19 05:00:00,4586.0,4607.75,4584.5,4607.75,0.9354838709677419,16.321428571428573,-18.25,-31.5,-42.25,-33.75
ES,1h,bull (close==high),2022-10-24 18:00:00,4658.5,4669.0,4658.5,4669.0,1.0,22.517857142857142,-4.0,-0.75,-10.0,-3.75
ES,1h,bull (close==high),2022-10-26 23:00:00,4709.75,4717.0,4709.75,4717.0,1.0,18.25,1.0,3.25,-10.0,-10.25
ES,1h,bull (close==high),2022-11-02 20:00:00,4614.5,4620.75,4612.25,4620.75,0.7352941176470589,23.678571428571427,7.75,7.75,11.5,10.75
ES,1h,bull (close==high),2022-11-10 23:00:00,4816.75,4824.5,4814.5,4824.5,0.775,19.392857142857142,15.25,19.25,24.75,14.5
ES,1h,bull (close==high),2022-11-14 21:00:00,4833.5,4838.0,4832.0,4838.0,0.75,15.214285714285714,1.5,-0.25,1.75,8.0
ES,1h,bull (close==high),2022-11-17 19:00:00,4809.0,4814.75,4807.75,4814.75,0.8214285714285714,17.982142857142858,-2.25,-3.25,-1.0,-7.0
ES,1h,bull (close==high),2022-11-21 00:00:00,4818.0,4818.75,4814.0,4818.75,0.15789473684210525,11.785714285714286,-5.0,-9.0,-8.25,-10.75
ES,1h,bull (close==high),2022-11-22 21:00:00,4863.5,4865.0,4861.25,4865.0,0.4,9.267857142857142,-1.75,-2.0,0.75,5.0
ES,1h,bull (close==high),2022-11-23 06:00:00,4869.5,4871.75,4866.0,4871.75,0.391304347826087,5.482142857142857,-0.25,-9.5,7.75,-2.75
ES,1h,bull (close==high),2022-11-24 05:00:00,4899.75,4904.0,4899.0,4904.0,0.85,4.732142857142857,-0.5,-6.75,-4.75,-2.0
ES,1h,bull (close==high),2022-11-24 08:00:00,4897.25,4899.25,4893.75,4899.25,0.36363636363636365,4.339285714285714,0.0,2.75,1.25,0.0
ES,1h,bull (close==high),2022-11-24 10:00:00,4899.25,4902.0,4899.0,4902.0,0.9166666666666666,4.5,-1.5,-3.25,-2.75,-4.5
ES,1h,bull (close==high),2022-11-24 22:00:00,4896.75,4897.5,4895.5,4897.5,0.375,4.321428571428571,0.75,-0.75,1.75,-2.0
ES,1h,bull (close==high),2022-11-25 01:00:00,4896.75,4899.25,4895.75,4899.25,0.7142857142857143,4.035714285714286,-2.75,-3.75,-9.0,-7.0
ES,1h,bull (close==high),2022-12-01 07:00:00,4934.75,4942.0,4933.25,4942.0,0.8285714285714286,7.178571428571429,8.0,12.25,-3.5,-6.25
ES,1h,bull (close==high),2022-12-02 04:00:00,4934.0,4937.75,4930.75,4937.75,0.5357142857142857,6.767857142857143,-0.5,-5.0,-1.75,-45.0
ES,1h,bull (close==high),2022-12-28 01:00:00,4679.0,4687.0,4678.0,4687.0,0.8888888888888888,9.125,2.75,-3.25,-6.0,2.25
ES,1h,bull (close==high),2022-12-28 23:00:00,4632.75,4635.75,4632.0,4635.75,0.8,13.803571428571429,-2.75,-1.25,1.25,9.0
ES,1h,bull (close==high),2022-12-29 05:00:00,4644.5,4646.5,4641.25,4646.5,0.38095238095238093,6.517857142857143,1.0,0.5,12.25,46.75
ES,1h,bull (close==high),2022-12-30 04:00:00,4673.25,4680.75,4672.0,4680.75,0.8571428571428571,6.5,2.75,-0.75,-8.25,-15.0
ES,1h,bull (close==high),2023-01-18 21:00:00,4763.0,4766.0,4760.75,4766.0,0.5714285714285714,14.571428571428571,-2.25,-1.25,-3.75,-5.5
ES,1h,bull (close==high),2023-01-23 23:00:00,4858.5,4860.5,4857.75,4860.5,0.7272727272727273,13.196428571428571,0.0,0.25,-3.0,-7.25
ES,1h,bull (close==high),2023-02-06 18:00:00,4947.0,4953.25,4946.75,4953.25,0.9615384615384616,12.678571428571429,3.25,5.75,4.75,-3.0
ES,1h,bull (close==high),2023-02-07 21:00:00,4993.0,4995.75,4992.75,4995.75,0.9166666666666666,22.142857142857142,2.75,3.0,6.0,-0.75
ES,1h,bull (close==high),2023-02-09 16:00:00,4915.5,4921.25,4913.75,4921.25,0.7666666666666667,15.25,-3.75,-7.5,-4.75,-12.5
ES,1h,bull (close==high),2023-02-10 12:00:00,4905.75,4912.5,4895.75,4912.5,0.40298507462686567,12.767857142857142,-1.75,5.25,10.75,0.0
ES,1h,bull (close==high),2023-02-13 13:00:00,4965.0,4971.25,4959.5,4971.25,0.5319148936170213,10.107142857142858,-10.5,-0.5,1.75,-2.25
ES,1h,bull (close==high),2023-02-15 13:00:00,4957.25,4972.0,4953.75,4972.0,0.8082191780821918,12.696428571428571,-5.75,9.75,11.0,14.25
ES,1h,bull (close==high),2023-02-21 21:00:00,4836.0,4839.25,4834.75,4839.25,0.7222222222222222,10.107142857142858,-0.25,-1.75,-3.0,-4.0
ES,1h,bull (close==high),2023-02-22 20:00:00,4834.25,4840.0,4832.75,4840.0,0.7931034482758621,13.482142857142858,1.25,0.5,2.0,-1.25
ES,1h,bull (close==high),2023-02-22 23:00:00,4840.5,4842.0,4839.5,4842.0,0.6,11.482142857142858,-2.5,-3.25,-4.0,-3.25
ES,1h,bull (close==high),2023-02-23 06:00:00,4838.5,4843.0,4835.25,4843.0,0.5806451612903226,5.857142857142857,0.0,-1.5,11.0,-42.75
ES,1h,bull (close==high),2023-03-06 01:00:00,4879.0,4880.5,4877.0,4880.5,0.42857142857142855,8.339285714285714,-2.75,-2.75,-8.0,-12.25
ES,1h,bull (close==high),2023-03-06 07:00:00,4868.0,4875.5,4867.75,4875.5,0.967741935483871,7.214285714285714,7.0,13.25,22.0,14.0
ES,1h,bull (close==high),2023-03-06 20:00:00,4877.75,4884.5,4876.75,4884.5,0.8709677419354839,10.392857142857142,-2.75,-0.25,-0.25,-3.5
ES,1h,bull (close==high),2023-03-06 22:04:00,4881.75,4884.25,4881.5,4884.25,0.9090909090909091,9.696428571428571,0.0,-1.5,-3.25,-2.0
ES,1h,bull (close==high),2023-03-08 23:00:00,4812.0,4813.25,4810.75,4813.25,0.5,12.267857142857142,1.5,2.25,-1.0,-10.25
ES,1h,bull (close==high),2023-03-28 23:00:00,4802.5,4804.0,4800.75,4804.0,0.46153846153846156,9.410714285714286,2.25,11.25,10.0,17.5
ES,1h,bull (close==high),2023-03-29 01:00:00,4806.5,4815.25,4805.5,4815.25,0.8974358974358975,8.214285714285714,-1.25,3.5,6.25,6.25
ES,1h,bull (close==high),2023-03-30 01:00:00,4843.75,4852.25,4843.0,4852.25,0.918918918918919,7.196428571428571,-0.25,4.25,6.75,15.0
ES,1h,bull (close==high),2023-04-03 02:00:00,4911.0,4917.5,4908.75,4917.5,0.7428571428571429,7.928571428571429,4.25,-1.25,1.25,2.75
ES,1h,bull (close==high),2023-04-07 04:00:00,4911.25,4914.5,4911.25,4914.5,1.0,3.1607142857142856,0.25,1.0,-1.75,12.75
ES,1h,bull (close==high),2023-04-07 06:00:00,4914.75,4915.5,4914.25,4915.5,0.6,2.3392857142857144,-2.75,8.0,11.75,5.25
ES,1h,bull (close==high),2023-04-10 03:00:00,4913.25,4916.0,4912.5,4916.0,0.7857142857142857,5.482142857142857,1.75,3.0,2.5,-22.5
ES,1h,bull (close==high),2023-04-10 04:00:00,4915.75,4917.75,4914.75,4917.75,0.6666666666666666,5.607142857142857,1.25,0.75,-7.5,-30.5
ES,1h,bull (close==high),2023-04-20 20:00:00,4937.0,4943.0,4936.0,4943.0,0.8571428571428571,9.928571428571429,-2.5,-3.5,-2.25,-5.75
ES,1h,bull (close==high),2023-04-25 22:00:00,4899.25,4900.75,4897.5,4900.75,0.46153846153846156,10.267857142857142,-5.5,-4.25,-0.5,-8.75
ES,1h,bull (close==high),2023-05-01 22:00:00,4966.75,4968.0,4964.75,4968.0,0.38461538461538464,9.357142857142858,2.0,2.0,2.5,0.0
ES,1h,bull (close==high),2023-05-01 23:00:00,4968.0,4970.0,4967.75,4970.0,0.8888888888888888,9.107142857142858,0.0,0.5,3.75,-4.75
ES,1h,bull (close==high),2023-05-03 12:00:00,4928.5,4935.0,4924.0,4935.0,0.5909090909090909,7.892857142857143,0.25,0.75,-41.75,-59.75
ES,1h,bull (close==high),2023-05-08 05:00:00,4936.5,4940.0,4936.0,4940.0,0.875,5.732142857142857,2.0,3.75,2.25,-5.5
ES,1h,bull (close==high),2023-05-12 00:00:00,4935.0,4939.0,4934.75,4939.0,0.9411764705882353,8.125,-1.5,-2.0,1.25,6.25
ES,1h,bull (close==high),2023-05-16 22:00:00,4916.75,4919.5,4916.5,4919.5,0.9166666666666666,8.928571428571429,-3.25,-2.5,-4.5,-6.0
ES,1h,bull (close==high),2023-05-17 19:00:00,4955.0,4955.75,4953.75,4955.75,0.375,10.178571428571429,-2.0,-3.0,0.25,-0.25
ES,1h,bull (close==high),2023-05-18 22:00:00,5002.25,5007.0,5001.25,5007.0,0.8260869565217391,13.089285714285714,-2.75,-3.25,-5.0,-4.75
ES,1h,bull (close==high),2023-05-25 20:00:00,4938.5,4940.25,4936.75,4940.25,0.5,13.107142857142858,-1.5,-3.25,-3.25,-1.25
ES,1h,bull (close==high),2023-05-29 00:00:00,5007.75,5010.5,5007.25,5010.5,0.8461538461538461,10.517857142857142,2.25,6.75,2.0,-0.75
ES,1h,bull (close==high),2023-06-01 13:00:00,5013.0,5017.0,5008.75,5017.0,0.48484848484848486,9.607142857142858,3.5,-3.25,0.5,-1.0
ES,1h,bull (close==high),2023-06-02 03:00:00,5025.0,5028.25,5022.5,5028.25,0.5652173913043478,5.571428571428571,2.75,5.0,6.25,6.25
ES,1h,bull (close==high),2023-06-02 10:00:00,5039.5,5064.25,5034.75,5064.25,0.8389830508474576,9.089285714285714,5.75,12.0,13.0,9.5
ES,1h,bull (close==high),2023-06-08 22:00:00,5080.25,5080.75,5079.0,5080.75,0.2857142857142857,7.839285714285714,1.0,-1.5,1.0,-3.75
ES,1h,bull (close==high),2023-06-09 08:00:00,5083.75,5088.5,5083.25,5088.5,0.9047619047619048,4.321428571428571,13.5,15.0,-1.25,10.0
ES,1h,bull (close==high),2023-06-21 00:00:00,5177.25,5179.25,5177.0,5179.25,0.8888888888888888,8.107142857142858,-3.75,-8.75,-6.0,-2.25
ES,1h,bull (close==high),2023-06-26 18:00:00,5118.75,5120.0,5116.5,5120.0,0.35714285714285715,10.964285714285714,2.25,-1.0,2.25,1.75
ES,1h,bull (close==high),2023-06-26 19:00:00,5120.0,5122.25,5119.75,5122.25,0.9,10.482142857142858,-3.25,0.0,0.0,1.0
ES,1h,bull (close==high),2023-06-29 14:00:00,5168.25,5171.5,5161.0,5171.5,0.30952380952380953,9.410714285714286,7.25,7.25,7.25,6.75
ES,1h,bull (close==high),2023-07-04 02:00:00,5234.0,5235.25,5232.5,5235.25,0.45454545454545453,4.196428571428571,0.5,-3.75,-2.25,-2.25
ES,1h,bull (close==high),2023-07-04 20:00:00,5232.25,5234.0,5230.75,5234.0,0.5384615384615384,3.0,1.0,-1.5,-2.0,-2.75
ES,1h,bull (close==high),2023-07-10 06:00:00,5168.0,5172.75,5166.0,5172.75,0.7037037037037037,7.392857142857143,5.25,1.75,9.5,2.75
ES,1h,bull (close==high),2023-07-10 19:00:00,5188.5,5189.0,5186.25,5189.0,0.18181818181818182,8.392857142857142,1.25,-1.25,1.5,1.0
ES,1h,bull (close==high),2023-07-11 22:00:00,5214.0,5218.25,5214.0,5218.25,1.0,8.75,-0.5,1.25,0.75,4.25
ES,1h,bull (close==high),2023-07-13 14:00:00,5277.0,5283.25,5276.5,5283.25,0.9259259259259259,6.25,3.25,-0.75,1.0,-4.25
ES,1h,bull (close==high),2023-07-14 01:00:00,5283.5,5285.5,5281.75,5285.5,0.5333333333333333,5.25,-5.75,-1.0,-2.25,3.25
ES,1h,bull (close==high),2023-07-17 02:00:00,5276.5,5276.75,5274.5,5276.75,0.1111111111111111,5.392857142857143,3.5,1.5,-3.5,-3.5
ES,1h,bull (close==high),2023-07-18 00:00:00,5292.5,5293.75,5291.75,5293.75,0.625,5.267857142857143,1.75,1.0,2.0,3.5
ES,1h,bull (close==high),2023-07-19 06:00:00,5333.25,5333.75,5331.25,5333.75,0.2,3.392857142857143,-3.75,-1.25,14.25,14.25
ES,1h,bull (close==high),2023-07-24 23:00:00,5325.25,5325.75,5324.25,5325.75,0.3333333333333333,7.089285714285714,0.0,2.0,5.5,8.0
ES,1h,bull (close==high),2023-07-26 20:00:00,5340.0,5344.0,5337.25,5344.0,0.5925925925925926,10.875,2.75,5.25,6.0,7.25
ES,1h,bull (close==high),2023-07-31 06:00:00,5351.25,5354.5,5350.0,5354.5,0.7222222222222222,6.125,2.75,6.0,-4.25,-5.0
ES,1h,bull (close==high),2023-07-31 07:00:00,5354.25,5357.25,5353.75,5357.25,0.8571428571428571,6.160714285714286,3.25,-7.0,-1.75,-10.75
ES,1h,bull (close==high),2023-07-31 20:00:00,5358.75,5362.0,5358.0,5362.0,0.8125,8.071428571428571,1.5,-1.0,-1.75,-3.0
ES,1h,bull (close==high),2023-08-02 06:00:00,5309.25,5322.5,5309.0,5322.5,0.9814814814814815,9.321428571428571,-1.25,-8.0,-14.75,-41.75
ES,1h,bull (close==high),2023-08-08 22:00:00,5264.75,5266.5,5263.25,5266.5,0.5384615384615384,9.553571428571429,-2.75,-1.0,0.5,6.0
ES,1h,bull (close==high),2023-08-10 01:00:00,5244.0,5246.5,5241.0,5246.5,0.45454545454545453,10.517857142857142,-1.5,8.75,7.5,5.25
ES,1h,bull (close==high),2023-08-14 23:00:00,5255.0,5258.0,5254.75,5258.0,0.9230769230769231,9.392857142857142,-0.75,-2.5,-8.0,-24.25
ES,1h,bull (close==high),2023-08-16 21:00:00,5157.75,5159.75,5152.5,5159.75,0.27586206896551724,12.5,2.25,6.25,5.0,8.75
ES,1h,bull (close==high),2023-08-21 09:00:00,5137.75,5149.75,5133.5,5149.75,0.7384615384615385,8.464285714285714,-20.25,-31.25,-14.25,2.75
ES,1h,bull (close==high),2023-08-28 00:00:00,5158.75,5160.75,5158.75,5160.75,1.0,16.196428571428573,5.0,3.5,0.25,3.25
ES,1h,bull (close==high),2023-08-28 22:00:00,5183.5,5187.0,5183.25,5187.0,0.9333333333333333,11.232142857142858,1.0,0.5,4.5,-3.5
ES,1h,bull (close==high),2023-08-31 23:00:00,5262.5,5263.5,5262.0,5263.5,0.6666666666666666,8.285714285714286,1.25,-0.75,-2.25,4.5
ES,1h,bull (close==high),2023-09-03 22:00:00,5263.5,5267.0,5262.5,5267.0,0.7777777777777778,11.142857142857142,-2.0,-1.75,1.0,4.0
ES,1h,bull (close==high),2023-09-11 00:00:00,5207.5,5213.0,5207.5,5213.0,1.0,7.607142857142857,4.5,5.25,10.5,10.25
ES,1h,bull (close==high),2023-09-11 05:00:00,5218.25,5223.25,5218.0,5223.25,0.9523809523809523,5.589285714285714,1.0,-1.0,5.5,-5.25
ES,1h,bull (close==high),2023-09-11 22:00:00,5225.75,5229.0,5225.0,5229.0,0.8125,7.482142857142857,1.5,-0.75,0.0,-5.75
ES,1h,bull (close==high),2023-09-13 02:00:00,5201.75,5205.25,5198.75,5205.25,0.5384615384615384,6.482142857142857,2.25,-2.75,0.5,3.0
ES,1h,bull (close==high),2023-09-13 16:00:00,5212.0,5216.0,5210.25,5216.0,0.6956521739130435,12.285714285714286,-1.75,1.0,5.0,6.5
ES,1h,bull (close==high),2023-09-13 23:00:00,5222.75,5225.75,5222.25,5225.75,0.8571428571428571,9.428571428571429,-2.0,-0.25,-2.0,-3.25
ES,1h,bull (close==high),2023-09-14 21:00:00,5253.25,5255.0,5250.75,5255.0,0.4117647058823529,8.5,2.0,3.25,3.75,2.75
ES,1h,bull (close==high),2023-10-03 01:00:00,5010.0,5011.75,5007.75,5011.75,0.4375,11.857142857142858,5.25,7.5,14.5,5.0
ES,1h,bull (close==high),2023-10-04 21:00:00,4987.25,4992.5,4986.0,4992.5,0.8076923076923077,13.875,-2.0,2.0,0.75,-9.5
ES,1h,bull (close==high),2023-10-06 11:00:00,4978.25,5029.75,4977.75,5029.75,0.9903846153846154,17.339285714285715,-6.25,8.5,18.25,9.5
ES,1h,bull (close==high),2023-10-10 09:00:00,5068.25,5076.5,5065.0,5076.5,0.717391304347826,6.571428571428571,17.0,34.0,32.5,10.0
ES,1h,bull (close==high),2023-10-11 08:00:00,5098.75,5101.75,5088.5,5101.75,0.22641509433962265,5.535714285714286,-6.75,-7.0,-17.5,-24.0
ES,1h,bull (close==high),2023-10-11 23:00:00,5113.5,5116.0,5113.25,5116.0,0.9090909090909091,8.928571428571429,1.0,0.75,4.75,3.25
ES,1h,bull (close==high),2023-10-12 04:00:00,5113.5,5119.25,5112.25,5119.25,0.8214285714285714,6.285714285714286,1.0,1.25,1.75,-27.25
ES,1h,bull (close==high),2023-10-16 06:00:00,5059.25,5063.75,5054.25,5063.75,0.47368421052631576,8.125,2.25,11.0,15.5,32.5
ES,1h,bull (close==high),2023-10-19 22:00:00,4987.25,4992.75,4986.5,4992.75,0.88,18.357142857142858,-2.25,-1.25,-5.5,-4.75
ES,1h,bull (close==high),2023-10-24 00:00:00,4945.25,4948.25,4944.0,4948.25,0.7058823529411765,12.678571428571429,1.0,4.75,-0.75,7.25
ES,1h,bull (close==high),2023-10-29 20:00:00,4843.5,4847.75,4842.25,4847.75,0.7727272727272727,15.142857142857142,0.0,-2.25,-1.25,-1.25
ES,1h,bull (close==high),2023-11-02 03:00:00,4958.75,4961.75,4956.75,4961.75,0.6,7.392857142857143,8.0,9.75,10.0,28.75
ES,1h,bull (close==high),2023-11-09 07:00:00,5095.5,5100.0,5095.5,5100.0,1.0,5.25,5.0,-2.5,-12.0,-5.25
ES,1h,bull (close==high),2023-11-20 10:00:00,5235.0,5239.5,5228.0,5239.5,0.391304347826087,5.946428571428571,1.75,0.5,14.0,16.75
ES,1h,bull (close==high),2023-11-20 18:00:00,5255.75,5258.25,5254.5,5258.25,0.6666666666666666,8.464285714285714,0.5,0.0,1.0,-0.5
ES,1h,bull (close==high),2023-11-22 05:00:00,5245.75,5253.25,5245.25,5253.25,0.9375,5.392857142857143,-2.0,2.25,6.0,2.25
ES,1h,bull (close==high),2023-11-23 10:00:00,5262.5,5266.75,5262.5,5266.75,1.0,3.357142857142857,-1.75,-3.25,-2.0,-1.0
ES,1h,bull (close==high),2023-11-27 05:00:00,5249.25,5258.75,5249.25,5258.75,1.0,4.857142857142857,-3.75,-3.5,-3.5,-2.0
ES,1h,bull (close==high),2023-11-27 18:00:00,5255.5,5258.0,5255.5,5258.0,1.0,7.303571428571429,-2.25,-1.75,-0.5,-3.25
ES,1h,bull (close==high),2023-12-05 18:00:00,5266.75,5271.5,5265.25,5271.5,0.76,9.857142857142858,7.0,9.5,9.0,11.0
ES,1h,bull (close==high),2023-12-05 19:00:00,5271.5,5278.5,5271.5,5278.5,1.0,10.035714285714286,2.5,2.0,3.25,3.75
ES,1h,bull (close==high),2023-12-06 07:00:00,5276.75,5278.0,5273.75,5278.0,0.29411764705882354,4.446428571428571,10.25,4.75,-3.5,-17.0
ES,1h,bull (close==high),2023-12-07 11:00:00,5280.0,5282.25,5266.25,5282.25,0.140625,7.232142857142857,0.5,2.0,-0.75,-2.5
ES,1h,bull (close==high),2023-12-13 03:00:00,5345.0,5348.75,5345.0,5348.75,1.0,3.9285714285714284,-2.0,-2.75,-1.5,3.25
ES,1h,bull (close==high),2023-12-13 23:00:00,5420.0,5424.5,5419.75,5424.5,0.9473684210526315,11.928571428571429,-2.25,-1.5,-8.25,-11.0
ES,1h,bull (close==high),2023-12-14 08:00:00,5419.25,5431.5,5414.0,5431.5,0.7,6.857142857142857,-2.0,-7.75,-8.5,-32.25
ES,1h,bull (close==high),2023-12-14 22:00:00,5418.25,5422.0,5417.5,5422.0,0.8333333333333334,11.392857142857142,0.75,0.75,-0.25,7.0
ES,1h,bull (close==high),2023-12-14 23:00:00,5422.0,5422.75,5421.0,5422.75,0.42857142857142855,10.267857142857142,0.0,-1.0,5.25,8.0
ES,1h,bull (close==high),2023-12-17 18:00:00,5414.0,5417.75,5413.0,5417.75,0.7894736842105263,10.339285714285714,2.25,1.75,3.0,6.75
ES,1h,bull (close==high),2023-12-18 20:00:00,5434.25,5434.5,5431.25,5434.5,0.07692307692307693,6.303571428571429,1.75,3.0,2.75,2.0
ES,1h,bull (close==high),2023-12-19 10:00:00,5450.5,5456.5,5445.75,5456.5,0.5581395348837209,4.732142857142857,-2.0,-0.5,0.75,7.25
ES,1h,bull (close==high),2023-12-22 12:00:00,5452.25,5457.25,5448.0,5457.25,0.5405405405405406,7.410714285714286,-3.25,-6.75,-8.5,-3.75
ES,1h,bull (close==high),2023-12-26 05:00:00,5455.5,5456.75,5454.5,5456.75,0.5555555555555556,4.571428571428571,-2.75,-2.5,-2.75,4.25
ES,1h,bull (close==high),2023-12-27 20:00:00,5480.75,5484.0,5480.75,5484.0,1.0,7.0,0.75,-0.75,-2.0,0.0
ES,1h,bull (close==high),2024-01-03 19:00:00,5393.25,5396.25,5390.25,5396.25,0.5,10.982142857142858,-0.5,-1.75,-3.25,-4.5
ES,1h,bull (close==high),2024-01-09 11:00:00,5420.0,5440.25,5419.5,5440.25,0.9759036144578314,7.482142857142857,1.5,0.75,-4.25,-6.25
ES,1h,bull (close==high),2024-01-14 23:00:00,5460.5,5462.25,5459.75,5462.25,0.7,9.946428571428571,-2.75,2.0,-1.75,-6.75
ES,1h,bull (close==high),2024-01-15 12:00:00,5454.5,5457.0,5453.75,5457.0,0.7692307692307693,5.178571428571429,-5.0,-14.25,-10.25,-13.0
ES,1h,bull (close==high),2024-01-16 01:00:00,5440.75,5441.5,5437.75,5441.5,0.2,4.803571428571429,-0.5,-7.0,-6.25,-0.75
ES,1h,bull (close==high),2024-01-23 07:00:00,5525.75,5528.25,5525.25,5528.25,0.8333333333333334,3.8392857142857144,3.5,0.25,-6.75,-0.5
ES,1h,bull (close==high),2024-01-23 21:00:00,5547.25,5548.0,5546.0,5548.0,0.375,6.678571428571429,0.75,1.0,2.5,8.25
ES,1h,bull (close==high),2024-01-25 14:00:00,5546.0,5553.25,5540.25,5553.25,0.5576923076923077,10.017857142857142,13.5,9.25,4.0,2.0
ES,1h,bull (close==high),2024-01-26 10:00:00,5562.75,5576.75,5556.25,5576.75,0.6829268292682927,8.785714285714286,-3.0,-21.0,-21.25,-17.0
ES,1h,bull (close==high),2024-01-29 00:00:00,5555.25,5556.75,5554.5,5556.75,0.6666666666666666,8.642857142857142,0.75,4.75,6.25,4.75
ES,1h,bull (close==high),2024-01-29 02:00:00,5557.25,5561.5,5557.0,5561.5,0.9444444444444444,6.964285714285714,1.5,-4.5,0.0,-0.5
ES,1h,bull (close==high),2024-02-01 06:00:00,5532.0,5532.75,5529.75,5532.75,0.25,5.5,4.25,0.0,-2.0,4.5
ES,1h,bull (close==high),2024-02-01 19:00:00,5597.75,5598.25,5593.5,5598.25,0.10526315789473684,14.321428571428571,3.5,3.25,1.0,0.75
ES,1h,bull (close==high),2024-02-02 06:00:00,5598.75,5602.25,5597.25,5602.25,0.7,7.339285714285714,2.5,-29.5,-17.5,13.5
ES,1h,bull (close==high),2024-02-04 23:00:00,5609.75,5611.25,5609.25,5611.25,0.75,13.428571428571429,1.5,2.75,1.25,-2.0
ES,1h,bull (close==high),2024-02-06 21:00:00,5621.75,5623.25,5621.25,5623.25,0.75,9.267857142857142,-4.25,-4.5,-4.75,-7.75
ES,1h,bull (close==high),2024-02-08 22:00:00,5658.0,5660.0,5657.75,5660.0,0.8888888888888888,5.982142857142857,-1.75,-2.75,-2.5,5.5
ES,1h,bull (close==high),2024-02-13 02:00:00,5681.25,5683.0,5679.75,5683.0,0.5384615384615384,6.714285714285714,-14.5,-15.0,-17.25,-18.0
ES,1h,bull (close==high),2024-02-16 01:00:00,5686.75,5690.25,5686.5,5690.25,0.9333333333333333,7.0,0.25,6.0,7.25,10.0
ES,1h,bull (close==high),2024-02-16 13:00:00,5687.5,5693.0,5676.5,5693.0,0.3333333333333333,10.982142857142858,-18.25,-29.75,-35.0,-22.25
ES,1h,bull (close==high),2024-02-19 11:00:00,5667.25,5668.75,5666.5,5668.75,0.6666666666666666,3.8214285714285716,-0.75,-9.75,-10.5,-20.75
ES,1h,bull (close==high),2024-02-20 10:00:00,5634.75,5638.25,5625.5,5638.25,0.27450980392156865,8.339285714285714,-13.0,-15.5,-11.25,-3.25
ES,1h,bull (close==high),2024-02-21 21:00:00,5672.5,5675.75,5670.5,5675.75,0.6190476190476191,15.428571428571429,-1.0,1.25,1.0,10.75
ES,1h,bull (close==high),2024-02-21 23:00:00,5674.75,5677.0,5674.0,5677.0,0.75,14.714285714285714,-0.25,7.0,9.5,18.0
ES,1h,bull (close==high),2024-02-22 05:00:00,5695.25,5700.25,5693.5,5700.25,0.7407407407407407,12.607142857142858,4.25,1.75,7.5,13.0
ES,1h,bull (close==high),2024-02-22 13:00:00,5730.5,5738.75,5726.75,5738.75,0.6875,11.053571428571429,-0.5,2.5,-2.0,0.5
ES,1h,bull (close==high),2024-03-08 02:00:00,5808.25,5810.75,5806.25,5810.75,0.5555555555555556,7.821428571428571,3.5,1.75,1.25,-12.0
ES,1h,bull (close==high),2024-03-11 01:00:00,5763.25,5769.75,5762.0,5769.75,0.8387096774193549,15.339285714285714,1.25,-2.25,-6.5,-0.25
ES,1h,bull (close==high),2024-03-19 22:00:00,5816.25,5818.25,5815.5,5818.25,0.7272727272727273,9.428571428571429,0.0,-1.5,0.0,1.75
ES,1h,bull (close==high),2024-03-21 00:00:00,5888.25,5890.5,5887.75,5890.5,0.8181818181818182,10.035714285714286,0.25,1.5,6.75,-3.75
ES,1h,bull (close==high),2024-03-26 21:00:00,5857.75,5859.25,5856.5,5859.25,0.5454545454545454,7.178571428571429,-0.5,1.0,5.25,3.0
ES,1h,bull (close==high),2024-03-27 00:00:00,5860.0,5864.5,5859.75,5864.5,0.9473684210526315,6.142857142857143,-0.25,-2.25,-5.75,0.75
ES,1h,bull (close==high),2024-03-27 20:00:00,5885.0,5889.5,5884.75,5889.5,0.9473684210526315,9.607142857142858,-3.25,-3.75,-2.75,-0.25
ES,1h,bull (close==high),2024-04-04 06:00:00,5864.25,5867.25,5861.75,5867.25,0.5454545454545454,4.946428571428571,-2.5,14.5,12.5,16.5
ES,1h,bull (close==high),2024-04-08 12:00:00,5835.75,5843.0,5827.0,5843.0,0.453125,13.071428571428571,-1.25,-1.75,-8.0,-3.5
ES,1h,bull (close==high),2024-04-08 23:00:00,5835.0,5836.75,5834.75,5836.75,0.875,9.267857142857142,2.0,1.0,0.5,-2.0
ES,1h,bull (close==high),2024-04-22 11:00:00,5595.5,5607.5,5587.75,5607.5,0.6075949367088608,10.696428571428571,10.25,41.5,40.0,23.25
ES,1h,bull (close==high),2024-04-26 12:00:00,5715.75,5725.0,5711.0,5725.0,0.6607142857142857,11.071428571428571,-1.5,-1.75,-11.75,-6.5
ES,1h,bull (close==high),2024-04-28 19:00:00,5718.75,5723.5,5717.75,5723.5,0.8260869565217391,12.285714285714286,0.25,4.25,2.75,3.75
ES,1h,bull (close==high),2024-04-29 01:00:00,5727.0,5728.5,5725.75,5728.5,0.5454545454545454,7.607142857142857,-6.0,-3.0,-6.0,-5.5
ES,1h,bull (close==high),2024-05-05 21:00:00,5740.75,5742.5,5739.75,5742.5,0.6363636363636364,15.107142857142858,-1.75,-1.0,-3.0,1.25
ES,1h,bull (close==high),2024-05-06 23:00:00,5787.75,5790.5,5787.5,5790.5,0.9166666666666666,6.892857142857143,-1.5,-2.5,-0.5,3.5
ES,1h,bull (close==high),2024-05-07 18:00:00,5793.5,5796.25,5790.0,5796.25,0.44,8.392857142857142,-0.5,0.0,-1.5,-1.75
ES,1h,bull (close==high),2024-05-10 04:00:00,5831.0,5838.5,5827.5,5838.5,0.6818181818181818,4.946428571428571,2.5,-0.25,-2.0,5.25
ES,1h,bull (close==high),2024-05-12 21:00:00,5826.75,5827.25,5825.25,5827.25,0.25,8.285714285714286,-1.5,3.5,5.25,5.5
ES,1h,bull (close==high),2024-05-17 06:00:00,5900.75,5902.5,5898.25,5902.5,0.4117647058823529,3.875,1.25,5.0,-0.75,0.0
ES,1h,bull (close==high),2024-05-21 06:00:00,5911.5,5915.25,5911.5,5915.25,1.0,3.0892857142857144,-0.5,-5.75,-6.5,-2.25
ES,1h,bull (close==high),2024-05-22 22:00:00,5927.0,5938.25,5926.0,5938.25,0.9183673469387755,12.517857142857142,4.5,3.75,1.0,-2.5
ES,1h,bull (close==high),2024-05-27 00:00:00,5898.5,5900.25,5898.0,5900.25,0.7777777777777778,7.517857142857143,2.0,4.0,1.75,0.75
ES,1h,bull (close==high),2024-06-04 18:00:00,5886.75,5890.25,5884.25,5890.25,0.5833333333333334,14.160714285714286,3.0,0.75,3.0,5.0
ES,1h,bull (close==high),2024-06-05 08:00:00,5902.0,5906.5,5896.75,5906.5,0.46153846153846156,5.071428571428571,-4.5,4.25,15.5,28.0
ES,1h,bull (close==high),2024-06-05 13:00:00,5928.0,5934.5,5923.25,5934.5,0.5777777777777777,9.053571428571429,6.0,13.25,13.0,17.0
ES,1h,bull (close==high),2024-06-09 21:00:00,5936.5,5937.25,5935.0,5937.25,0.3333333333333333,15.875,-0.5,0.5,1.75,-8.75
ES,1h,bull (close==high),2024-06-11 01:00:00,5947.75,5951.5,5947.25,5951.5,0.8823529411764706,6.839285714285714,0.25,-2.5,-9.0,-11.75
ES,1h,bull (close==high),2024-06-11 10:00:00,5923.5,5943.25,5921.5,5943.25,0.9080459770114943,7.892857142857143,-8.75,-6.0,5.0,22.5
ES,1h,bull (close==high),2024-06-11 18:00:00,5966.25,5967.25,5961.75,5967.25,0.18181818181818182,11.607142857142858,-0.75,-3.0,-0.25,1.75
ES,1h,bull (close==high),2024-06-16 18:00:00,6017.0,6021.25,6013.75,6021.25,0.5666666666666667,11.678571428571429,-2.5,-3.5,-4.25,-3.75
ES,1h,bull (close==high),2024-06-27 19:00:00,6068.75,6071.75,6068.5,6071.75,0.9230769230769231,9.232142857142858,-2.5,6.0,6.75,3.5
ES,1h,bull (close==high),2024-07-04 08:00:00,6111.5,6113.25,6111.25,6113.25,0.875,2.75,-7.75,-9.0,-7.25,-8.75
ES,1h,bull (close==high),2024-07-05 09:00:00,6108.25,6117.25,6105.25,6117.25,0.75,5.428571428571429,-1.75,10.5,10.25,18.5
ES,1h,bull (close==high),2024-07-08 03:00:00,6131.0,6135.5,6128.75,6135.5,0.6666666666666666,5.178571428571429,0.5,0.75,0.0,8.0
ES,1h,bull (close==high),2024-07-08 07:00:00,6135.75,6140.5,6135.25,6140.5,0.9047619047619048,3.6964285714285716,3.0,11.75,3.25,-1.25
ES,1h,bull (close==high),2024-07-10 04:00:00,6152.25,6155.5,6151.5,6155.5,0.8125,3.392857142857143,1.0,1.0,5.75,7.25
ES,1h,bull (close==high),2024-07-11 09:00:00,6201.5,6209.25,6197.5,6209.25,0.6595744680851063,5.571428571428571,-35.25,-52.75,-57.0,-48.75
ES,1h,bull (close==high),2024-07-12 12:00:00,6195.5,6204.25,6188.75,6204.25,0.5645161290322581,10.553571428571429,14.5,16.25,-22.5,-17.25
ES,1h,bull (close==high),2024-07-18 04:00:00,6166.5,6173.25,6162.5,6173.25,0.627906976744186,9.071428571428571,-9.75,-9.75,-7.0,-1.5
ES,1h,bull (close==high),2024-07-19 01:00:00,6120.75,6122.75,6119.0,6122.75,0.5333333333333333,12.964285714285714,-12.0,-26.75,-20.75,-15.5
ES,1h,bull (close==high),2024-07-25 08:00:00,5975.25,5992.5,5969.25,5992.5,0.7419354838709677,13.785714285714286,-18.75,10.5,22.25,29.0
ES,1h,bull (close==high),2024-07-26 07:00:00,5997.5,6005.0,5994.0,6005.0,0.6818181818181818,8.714285714285714,-6.75,-4.0,1.75,35.75
ES,1h,bull (close==high),2024-07-30 02:00:00,6020.0,6021.25,6015.25,6021.25,0.20833333333333334,10.482142857142858,7.5,6.75,5.5,8.0
ES,1h,bull (close==high),2024-08-05 20:00:00,5791.0,5803.25,5774.25,5803.25,0.4224137931034483,46.0,5.25,0.0,10.25,5.5
ES,1h,bull (close==high),2024-08-07 04:00:00,5806.5,5835.75,5804.0,5835.75,0.9212598425196851,26.482142857142858,4.0,10.5,3.0,34.75
ES,1h,bull (close==high),2024-08-12 22:00:00,5889.0,5893.5,5888.75,5893.5,0.9473684210526315,17.767857142857142,-1.5,3.0,4.75,18.75
ES,1h,bull (close==high),2024-08-13 02:00:00,5898.25,5905.5,5894.25,5905.5,0.6444444444444445,10.642857142857142,6.75,1.75,2.75,-4.25
ES,1h,bull (close==high),2024-08-13 07:00:00,5889.0,5901.25,5887.5,5901.25,0.8909090909090909,9.571428571428571,19.0,32.0,37.75,65.0
ES,1h,bull (close==high),2024-08-19 21:00:00,6146.5,6149.0,6142.75,6149.0,0.4,10.196428571428571,4.5,-2.5,-0.5,3.25
ES,1h,bull (close==high),2024-08-22 00:00:00,6150.75,6153.5,6149.75,6153.5,0.7333333333333333,11.428571428571429,1.0,5.5,7.5,7.75
ES,1h,bull (close==high),2024-08-30 05:00:00,6148.75,6150.75,6146.75,6150.75,0.5,8.767857142857142,2.75,-1.75,-6.25,-10.75
ES,1h,bull (close==high),2024-09-02 07:00:00,6170.75,6172.25,6169.0,6172.25,0.46153846153846156,5.910714285714286,2.0,2.0,10.5,9.75
ES,1h,bull (close==high),2024-09-02 23:00:00,6168.25,6170.0,6161.75,6170.0,0.21212121212121213,7.125,-1.5,2.5,2.5,-13.5
ES,1h,bull (close==high),2024-09-03 01:00:00,6168.5,6172.5,6168.5,6172.5,1.0,7.017857142857143,0.0,6.75,-16.0,-21.25
ES,1h,bull (close==high),2024-09-09 11:00:00,5965.75,5992.75,5959.5,5992.75,0.8120300751879699,12.142857142857142,15.0,-2.5,-9.0,11.75
ES,1h,bull (close==high),2024-09-11 01:00:00,5991.0,5994.0,5986.5,5994.0,0.4,12.928571428571429,8.0,13.75,3.0,10.75
ES,1h,bull (close==high),2024-09-15 23:00:00,6149.75,6151.75,6148.25,6151.75,0.5714285714285714,11.267857142857142,-0.75,-2.0,-7.25,2.25
ES,1h,bull (close==high),2024-09-17 00:00:00,6150.75,6154.75,6149.75,6154.75,0.8,9.482142857142858,2.25,4.5,12.0,21.0
ES,1h,bull (close==high),2024-09-18 21:00:00,6163.5,6169.0,6155.25,6169.0,0.4,22.982142857142858,18.75,25.5,24.25,31.5
ES,1h,bull (close==high),2024-09-19 03:00:00,6200.5,6209.0,6193.0,6209.0,0.53125,22.125,4.5,15.25,21.5,16.75
ES,1h,bull (close==high),2024-09-24 00:00:00,6225.25,6230.75,6224.75,6230.75,0.9166666666666666,9.0,4.75,11.5,15.25,12.75
ES,1h,bull (close==high),2024-09-29 18:00:00,6241.25,6251.0,6236.25,6251.0,0.6610169491525424,11.696428571428571,6.25,4.25,-3.75,1.5
ES,1h,bull (close==high),2024-10-03 07:00:00,6203.5,6212.5,6201.25,6212.5,0.8,9.214285714285714,-11.0,-5.75,-17.25,-20.25
ES,1h,bull (close==high),2024-10-08 06:00:00,6222.0,6226.25,6218.25,6226.25,0.53125,11.375,-0.5,-3.0,7.5,23.5
ES,1h,bull (close==high),2024-10-10 07:00:00,6286.75,6292.0,6285.25,6292.0,0.7777777777777778,5.178571428571429,-14.0,-13.5,-13.0,-5.5
ES,1h,bull (close==high),2024-10-11 06:00:00,6275.5,6283.25,6274.0,6283.25,0.8378378378378378,5.517857142857143,-3.25,-0.25,13.0,35.5
ES,1h,bull (close==high),2024-10-14 23:00:00,6370.0,6371.5,6368.75,6371.5,0.5454545454545454,8.732142857142858,-0.75,-4.75,-5.75,-9.5
ES,1h,bull (close==high),2024-10-16 06:00:00,6322.25,6322.75,6319.25,6322.75,0.14285714285714285,5.321428571428571,2.5,-2.25,-10.25,1.0
ES,1h,bull (close==high),2024-10-18 03:00:00,6346.75,6354.5,6346.25,6354.5,0.9393939393939394,7.482142857142857,0.0,-2.75,0.0,3.0
ES,1h,bull (close==high),2024-10-28 05:00:00,6338.75,6340.0,6334.0,6340.0,0.20833333333333334,10.482142857142858,-6.5,-12.25,-3.25,-8.75
ES,1h,bull (close==high),2024-11-05 03:00:00,6208.75,6211.25,6201.0,6211.25,0.24390243902439024,9.25,-0.75,-1.0,0.0,-3.5
ES,1h,bull (close==high),2024-11-06 04:00:00,6402.5,6405.75,6389.75,6405.75,0.203125,23.0,-5.5,-23.5,-4.5,-40.0
ES,1h,bull (close==high),2024-11-07 14:00:00,6451.25,6464.0,6442.75,6464.0,0.6,10.321428571428571,-3.0,-0.25,0.5,-1.25
ES,1h,bull (close==high),2024-11-10 23:00:00,6491.5,6493.75,6491.5,6493.75,1.0,9.017857142857142,-0.25,1.0,3.0,4.75
ES,1h,bull (close==high),2024-11-29 09:00:00,6479.75,6490.25,6476.25,6490.25,0.75,6.339285714285714,11.5,20.5,18.5,12.5
ES,1h,bull (close==high),2024-12-02 01:00:00,6496.25,6496.75,6493.25,6496.75,0.14285714285714285,7.410714285714286,0.25,2.25,0.25,4.5
ES,1h,bull (close==high),2024-12-03 12:00:00,6507.0,6520.5,6506.75,6520.5,0.9818181818181818,6.767857142857143,-4.75,1.5,-0.5,6.0
ES,1h,bull (close==high),2024-12-05 00:00:00,6551.0,6553.5,6550.75,6553.5,0.9090909090909091,6.589285714285714,-0.5,-2.25,-0.5,-2.0
ES,1h,bull (close==high),2024-12-05 11:00:00,6549.0,6557.25,6548.0,6557.25,0.8918918918918919,4.732142857142857,6.5,-4.0,-5.75,-14.25
ES,1h,bull (close==high),2024-12-05 23:00:00,6539.75,6542.0,6538.0,6542.0,0.5625,7.5,0.0,0.25,0.5,0.0
ES,1h,bull (close==high),2024-12-10 23:04:00,6507.25,6507.5,6505.25,6507.5,0.1111111111111111,6.303571428571429,1.75,2.5,-1.75,2.0
ES,1h,bull (close==high),2024-12-11 00:00:00,6507.5,6509.25,6507.5,6509.25,1.0,5.589285714285714,0.75,-3.5,-1.0,-0.5
ES,1h,bull (close==high),2024-12-11 01:07:00,6509.25,6510.0,6508.75,6510.0,0.6,5.071428571428571,-4.25,-1.75,-0.5,-0.25
ES,1h,bull (close==high),2024-12-11 09:00:00,6529.0,6542.0,6528.5,6542.0,0.9629629629629629,5.035714285714286,1.5,11.5,15.25,13.25
ES,1h,bull (close==high),2024-12-11 22:00:00,6541.0,6541.75,6540.5,6541.75,0.6,7.571428571428571,1.0,2.5,0.75,-1.25
ES,1h,bull (close==high),2024-12-11 23:01:00,6541.5,6542.75,6541.5,6542.75,1.0,6.142857142857143,1.5,-0.25,-2.0,-3.25
ES,1h,bull (close==high),2024-12-12 00:00:00,6543.0,6544.25,6542.0,6544.25,0.5555555555555556,5.339285714285714,-1.75,-3.5,-3.75,-3.25
ES,1h,bull (close==high),2024-12-12 23:00:00,6520.25,6524.75,6519.25,6524.75,0.8181818181818182,9.321428571428571,-1.25,3.0,3.25,12.5
ES,1h,bull (close==high),2024-12-13 01:00:00,6523.75,6527.75,6523.75,6527.75,1.0,7.821428571428571,0.25,4.75,9.5,10.5
ES,1h,bull (close==high),2024-12-13 04:00:00,6532.5,6537.25,6532.25,6537.25,0.95,6.303571428571429,1.5,1.0,3.25,-3.25
ES,1h,bull (close==high),2024-12-15 20:00:00,6520.0,6522.25,6518.5,6522.25,0.6,9.910714285714286,0.75,-1.5,-2.5,-1.75
ES,1h,bull (close==high),2024-12-16 01:00:00,6517.75,6520.5,6517.75,6520.5,1.0,7.232142857142857,-1.0,-1.0,4.5,7.75
ES,1h,bull (close==high),2024-12-16 11:00:00,6543.0,6545.5,6539.75,6545.5,0.43478260869565216,6.071428571428571,3.0,7.0,6.0,-5.25
ES,1h,bull (close==high),2024-12-17 04:00:00,6523.5,6529.25,6523.25,6529.25,0.9583333333333334,6.303571428571429,0.0,-2.25,-7.25,-9.25
ES,1h,bull (close==high),2024-12-23 23:00:00,6425.0,6426.25,6422.5,6426.25,0.3333333333333333,15.642857142857142,-1.5,1.0,3.25,9.0
ES,1h,bull (close==high),2024-12-25 22:00:00,6490.25,6495.5,6490.25,6495.5,1.0,9.089285714285714,-4.0,-2.25,-5.75,-20.0
ES,1h,bull (close==high),2025-01-07 08:00:00,6418.0,6428.0,6416.5,6428.0,0.8695652173913043,8.803571428571429,-5.5,-36.0,-63.75,-60.25
ES,1h,bull (close==high),2025-01-14 00:00:00,6282.75,6286.5,6280.75,6286.5,0.6521739130434783,15.392857142857142,-3.25,-0.25,12.5,9.5
ES,1h,bull (close==high),2025-01-19 23:00:00,6420.25,6422.5,6419.5,6422.5,0.75,10.767857142857142,0.25,3.0,9.5,6.5
ES,1h,bull (close==high),2025-01-21 04:00:00,6440.5,6451.25,6439.5,6451.25,0.9148936170212766,19.107142857142858,-4.5,-9.0,-4.0,2.0
ES,1h,bull (close==high),2025-01-29 19:00:00,6459.25,6472.0,6457.25,6472.0,0.864406779661017,19.75,7.75,8.25,11.0,8.5
ES,1h,bull (close==high),2025-01-29 22:00:00,6480.25,6483.0,6479.75,6483.0,0.8461538461538461,19.321428571428573,-2.25,-2.5,-4.25,8.75
ES,1h,bull (close==high),2025-01-31 06:00:00,6514.5,6519.5,6514.5,6519.5,1.0,9.267857142857142,-3.5,-1.75,0.0,8.0
ES,1h,bull (close==high),2025-02-06 07:00:00,6478.5,6488.5,6476.75,6488.5,0.851063829787234,6.428571428571429,3.0,-2.0,-7.75,2.25
ES,1h,bull (close==high),2025-02-07 01:00:00,6489.75,6490.75,6484.5,6490.75,0.16,12.339285714285714,0.5,-0.5,4.25,7.25
ES,1h,bull (close==high),2025-02-16 23:00:00,6532.5,6535.25,6530.75,6535.25,0.6111111111111112,7.982142857142857,0.25,0.25,-5.5,-1.25
ES,1h,bull (close==high),2025-02-17 04:00:00,6529.25,6534.0,6528.5,6534.0,0.8636363636363636,5.071428571428571,0.75,-1.25,0.75,-5.0
ES,1h,bull (close==high),2025-02-17 05:00:00,6533.75,6534.75,6532.5,6534.75,0.4444444444444444,4.589285714285714,-2.0,0.0,1.75,-3.0
ES,1h,bull (close==high),2025-02-17 08:00:00,6534.75,6536.5,6534.25,6536.5,0.7777777777777778,3.767857142857143,-7.5,-4.75,-1.25,-4.5
ES,1h,bull (close==high),2025-02-17 21:00:00,6533.75,6535.5,6532.0,6535.5,0.5,4.75,0.75,0.5,-1.0,11.25
ES,1h,bull (close==high),2025-02-19 19:00:00,6545.5,6548.0,6542.0,6548.0,0.4166666666666667,11.267857142857142,-10.0,-8.0,-10.5,-13.25
ES,1h,bull (close==high),2025-02-21 04:00:00,6525.25,6528.25,6523.75,6528.25,0.6666666666666666,6.660714285714286,0.25,-1.25,2.5,-22.75
ES,1h,bull (close==high),2025-02-26 23:00:00,6363.75,6365.25,6361.0,6365.25,0.35294117647058826,23.625,15.25,19.0,19.5,30.5
ES,1h,bull (close==high),2025-03-11 04:00:00,6024.25,6034.5,6019.75,6034.5,0.6949152542372882,28.696428571428573,-3.25,-4.5,7.0,-30.75
ES,1h,bull (close==high),2025-03-11 07:00:00,6030.0,6041.5,6017.0,6041.5,0.46938775510204084,22.571428571428573,-31.75,-37.75,-88.25,-93.75
ES,1h,bull (close==high),2025-03-11 19:00:00,5981.25,5983.25,5972.75,5983.25,0.19047619047619047,38.089285714285715,-1.5,0.25,-2.25,-2.25
ES,1h,bull (close==high),2025-03-25 02:00:00,6146.25,6147.75,6143.25,6147.75,0.3333333333333333,7.767857142857143,-2.25,-3.0,2.5,20.0
ES,1h,bull (close==high),2025-03-26 00:00:00,6164.25,6165.25,6163.0,6165.25,0.4444444444444444,9.982142857142858,-6.75,-4.5,-3.0,-11.5
ES,1h,bull (close==high),2025-03-27 10:00:00,6092.75,6117.75,6084.75,6117.75,0.7575757575757576,14.160714285714286,-28.5,-42.0,-41.75,-39.5
ES,1h,bull (close==high),2025-04-02 00:00:00,6004.5,6007.75,6003.5,6007.75,0.7647058823529411,22.035714285714285,-5.25,-3.0,-9.25,-14.25
ES,1h,bull (close==high),2025-05-06 02:00:00,5987.75,5998.5,5986.75,5998.5,0.9148936170212766,11.589285714285714,-17.75,-25.0,-26.0,-34.0
ES,1h,bull (close==high),2025-05-06 14:00:00,5961.0,5987.5,5960.75,5987.5,0.9906542056074766,21.767857142857142,-22.75,-33.5,23.75,27.0
ES,1h,bull (close==high),2025-05-20 19:00:00,6287.0,6294.0,6286.25,6294.0,0.9032258064516129,14.910714285714286,-2.0,-7.0,-12.25,-17.0
ES,1h,bull (close==high),2025-05-22 16:00:00,6197.5,6207.0,6195.25,6207.0,0.8085106382978723,22.767857142857142,-15.5,-8.5,-2.75,-4.75
ES,1h,bull (close==high),2025-05-22 20:00:00,6198.75,6204.25,6198.25,6204.25,0.9166666666666666,23.357142857142858,-7.5,-2.0,-3.0,-10.5
ES,1h,bull (close==high),2025-05-28 05:00:00,6261.75,6264.0,6257.5,6264.0,0.34615384615384615,6.125,18.25,14.0,13.25,-7.25
ES,1h,bull (close==high),2025-05-29 03:00:00,6330.0,6344.25,6324.25,6344.25,0.7125,21.535714285714285,-14.25,-21.0,-35.0,-58.5
ES,1h,bull (close==high),2025-06-09 02:00:00,6337.5,6344.25,6334.25,6344.25,0.675,11.035714285714286,5.5,9.0,5.5,10.75
ES,1h,bull (close==high),2025-06-09 03:00:00,6344.0,6349.75,6339.25,6349.75,0.5476190476190477,9.946428571428571,3.5,0.0,-1.75,2.5
ES,1h,bull (close==high),2025-06-11 03:00:00,6366.5,6373.25,6364.0,6373.25,0.7297297297297297,11.821428571428571,3.25,-2.5,1.5,25.25
ES,1h,bull (close==high),2025-06-13 01:00:00,6292.0,6298.75,6286.75,6298.75,0.5625,21.321428571428573,6.75,13.0,14.0,27.0
ES,1h,bull (close==high),2025-06-16 06:00:00,6342.0,6351.0,6341.25,6351.0,0.9230769230769231,12.357142857142858,5.75,4.75,29.0,29.75
ES,1h,bull (close==high),2025-06-20 01:00:00,6307.5,6311.0,6303.0,6311.0,0.4375,15.625,-4.25,2.0,-12.5,-3.0
ES,1h,bull (close==high),2025-06-25 00:00:00,6429.0,6433.5,6428.75,6433.5,0.9473684210526315,8.625,0.25,-2.5,-1.5,-3.5
ES,1h,bull (close==high),2025-06-26 22:00:00,6483.75,6487.5,6482.5,6487.5,0.75,9.285714285714286,0.0,-2.0,2.25,8.0
ES,1h,bull (close==high),2025-06-30 14:00:00,6518.0,6529.0,6512.5,6529.0,0.6666666666666666,9.767857142857142,10.25,1.75,0.75,12.0
ES,1h,bull (close==high),2025-07-16 14:00:00,6578.0,6590.75,6574.0,6590.75,0.7611940298507462,15.946428571428571,-2.0,-6.25,-13.0,-8.5
ES,1h,bull (close==high),2025-07-16 23:00:00,6575.5,6578.25,6573.75,6578.25,0.6111111111111112,13.678571428571429,0.25,8.25,15.5,13.25
ES,1h,bull (close==high),2025-07-21 00:00:00,6625.25,6628.75,6624.75,6628.75,0.875,8.303571428571429,-1.5,3.0,6.0,8.0
ES,1h,bull (close==high),2025-07-22 21:00:00,6636.25,6646.5,6634.5,6646.5,0.8541666666666666,13.142857142857142,-0.75,-2.0,1.25,4.0
ES,1h,bull (close==high),2025-07-28 22:00:00,6713.25,6715.5,6712.0,6715.5,0.6428571428571429,7.821428571428571,1.0,1.75,2.75,7.75
ES,1h,bull (close==high),2025-07-30 06:00:00,6698.0,6699.75,6696.75,6699.75,0.5833333333333334,5.017857142857143,0.5,-3.5,-4.5,-0.25
ES,1h,bull (close==high),2025-07-31 11:00:00,6703.25,6713.0,6687.75,6713.0,0.38613861386138615,12.214285714285714,2.5,-41.0,-34.25,-58.75
ES,1h,bull (close==high),2025-08-17 21:00:00,6765.75,6769.75,6765.0,6769.75,0.8421052631578947,10.928571428571429,-1.75,-3.75,-5.75,-18.0
ES,1h,bull (close==high),2025-08-28 03:00:00,6782.5,6789.75,6782.25,6789.75,0.9666666666666667,11.142857142857142,-5.25,-6.5,-8.5,-5.5
ES,1h,bull (close==high),2025-08-29 01:00:00,6795.5,6797.0,6794.5,6797.0,0.6,6.625,-2.75,-8.5,-18.75,-16.5
ES,1h,bull (close==high),2025-09-10 00:01:00,6823.0,6824.75,6823.0,6824.75,1.0,9.142857142857142,-1.75,0.75,3.5,-3.5
ES,1h,bull (close==high),2025-09-10 05:00:00,6819.5,6821.25,6815.25,6821.25,0.2916666666666667,6.946428571428571,3.75,8.0,19.25,15.0
ES,1h,bull (close==high),2025-09-12 09:00:00,6876.25,6880.5,6871.25,6880.5,0.4594594594594595,5.303571428571429,3.5,-4.25,0.5,8.5
ES,1h,bull (close==high),2025-09-16 03:00:00,6914.0,6918.5,6913.25,6918.5,0.8571428571428571,6.571428571428571,6.75,4.25,3.75,-3.5
ES,1h,bull (close==high),2025-09-19 14:00:00,6942.25,6947.5,6939.0,6947.5,0.6176470588235294,9.910714285714286,5.5,2.75,-0.5,-5.5
ES,1h,bull (close==high),2025-10-02 21:00:00,7003.5,7008.25,7002.0,7008.25,0.76,10.035714285714286,-1.25,2.25,3.5,5.25
ES,1h,bull (close==high),2025-10-07 07:00:00,7016.0,7022.0,7015.25,7022.0,0.8888888888888888,6.160714285714286,7.25,2.25,-11.25,-37.0
ES,1h,bull (close==high),2025-10-20 20:00:00,7008.5,7012.5,7006.5,7012.5,0.6666666666666666,12.303571428571429,-1.5,-1.75,-4.25,-10.5
ES,1h,bull (close==high),2025-10-27 05:00:00,7111.75,7117.5,7109.25,7117.5,0.696969696969697,11.285714285714286,-0.5,-6.75,-4.0,-4.0
ES,1h,bull (close==high),2025-11-10 06:00:00,7047.75,7050.25,7041.5,7050.25,0.2857142857142857,11.107142857142858,-4.75,0.0,9.25,-10.75
ES,1h,bull (close==high),2025-12-02 08:00:00,7075.75,7079.0,7072.75,7079.0,0.52,9.017857142857142,-0.25,11.75,-18.0,-12.75
ES,1h,bull (close==high),2025-12-05 00:00:00,7110.5,7112.5,7109.75,7112.5,0.7272727272727273,12.232142857142858,-1.5,-0.25,-3.5,-4.25
ES,1h,bull (close==high),2025-12-07 21:00:00,7114.0,7118.25,7113.0,7118.25,0.8095238095238095,13.821428571428571,0.75,3.0,2.25,3.0
ES,1h,bull (close==high),2025-12-08 18:00:00,7095.5,7099.0,7090.75,7099.0,0.42424242424242425,13.625,-1.75,-7.0,-6.0,-7.5
ES,1h,bull (close==high),2025-12-12 08:00:00,7128.25,7139.75,7127.0,7139.75,0.9019607843137255,8.553571428571429,-18.25,-77.25,-89.0,-68.75
ES,1h,bull (close==high),2025-12-16 06:00:00,7036.5,7046.0,7034.75,7046.0,0.8444444444444444,14.089285714285714,1.0,-6.0,3.75,-22.25
ES,1h,bull (close==high),2025-12-18 18:00:00,6997.0,7002.0,6992.25,7002.0,0.5128205128205128,22.375,-1.5,0.75,-3.75,4.25
ES,1h,bull (close==high),2025-12-21 21:00:00,7079.25,7080.5,7077.5,7080.5,0.4166666666666667,14.892857142857142,-3.75,-3.75,-5.0,2.0
ES,1h,bull (close==high),2025-12-22 11:00:00,7091.0,7104.5,7090.75,7104.5,0.9818181818181818,7.214285714285714,2.5,-5.0,-2.0,-1.5
ES,1h,bull (close==high),2025-12-22 19:00:00,7103.25,7104.75,7101.75,7104.75,0.5,7.571428571428571,-1.25,0.5,-2.25,-7.5
ES,1h,bull (close==high),2025-12-29 20:00:00,7122.0,7125.75,7120.5,7125.75,0.7142857142857143,11.339285714285714,-3.25,0.75,3.25,-1.5
ES,1h,bull (close==high),2026-01-01 22:00:00,7091.25,7095.75,7090.5,7095.75,0.8571428571428571,13.446428571428571,-1.25,1.0,0.0,7.75
ES,1h,bull (close==high),2026-01-06 13:00:00,7150.0,7157.75,7145.75,7157.75,0.6458333333333334,12.125,1.25,2.25,3.0,3.25
ES,1h,bull (close==high),2026-01-13 06:00:00,7177.5,7182.5,7176.0,7182.5,0.7692307692307693,5.875,-3.75,9.75,-5.0,2.0
ES,1h,bull (close==high),2026-01-14 01:00:00,7158.5,7161.25,7155.5,7161.25,0.4782608695652174,11.535714285714286,0.0,0.75,1.0,-16.75
ES,1h,bull (close==high),2026-01-18 21:00:00,7088.0,7094.75,7088.0,7094.75,1.0,18.428571428571427,-4.75,-7.5,-5.75,-14.25
ES,1h,bull (close==high),2026-01-28 19:00:00,7168.25,7171.5,7158.0,7171.5,0.24074074074074073,16.375,-4.5,3.75,9.5,18.5
ES,1h,bull (close==high),2026-02-04 00:00:00,7118.5,7121.0,7114.25,7121.0,0.37037037037037035,20.089285714285715,6.5,10.25,-2.5,1.5
ES,1h,bull (close==high),2026-02-09 07:00:00,7107.25,7118.25,7100.5,7118.25,0.6197183098591549,13.642857142857142,-8.0,-0.75,37.75,41.0
ES,1h,bull (close==high),2026-03-10 23:00:00,6989.75,6995.25,6988.75,6995.25,0.8461538461538461,23.571428571428573,-6.5,-18.0,-17.25,-39.25
ES,1h,bull (close==high),2026-03-23 23:00:00,6718.75,6725.0,6714.25,6725.0,0.5813953488372093,33.607142857142854,-5.0,-5.75,21.5,19.5
ES,1h,bull (close==high),2026-04-06 09:00:00,6751.25,6771.25,6739.75,6771.25,0.6349206349206349,18.285714285714285,-10.75,-7.0,-6.25,-2.25
ES,1h,bull (close==high),2026-04-28 19:00:00,7298.0,7301.5,7296.25,7301.5,0.6666666666666666,15.696428571428571,4.0,-1.25,2.0,5.0
ES,1h,bull (close==high),2026-05-01 09:00:00,7380.25,7415.25,7380.0,7415.25,0.9929078014184397,9.482142857142858,-14.75,-8.0,-23.0,-30.5
ES,1h,bull (close==high),2026-05-04 09:00:00,7371.25,7379.75,7360.25,7379.75,0.4358974358974359,13.625,1.0,-32.5,-42.75,-34.0
ES,1h,bull (close==high),2026-05-06 13:00:00,7481.25,7493.0,7477.5,7493.0,0.7580645161290323,18.089285714285715,8.25,18.5,15.75,8.75
ES,1h,bull (close==high),2026-05-18 02:00:00,7506.5,7517.25,7498.0,7517.25,0.5584415584415584,22.767857142857142,1.25,21.0,15.25,18.75
ES,1h,bull (close==high),2026-05-21 23:00:00,7605.25,7610.75,7602.0,7610.75,0.6285714285714286,21.196428571428573,4.5,-3.25,0.25,-3.5
ES,1h,bull (close==high),2026-06-02 10:00:00,7725.5,7747.25,7722.0,7747.25,0.8613861386138614,9.392857142857142,-0.5,1.25,-8.75,-1.5
ES,1h,bull (close==high),2026-06-16 21:00:00,7597.0,7605.5,7595.25,7605.5,0.8292682926829268,13.928571428571429,-3.0,0.25,0.5,3.5
ES,1h,bull (close==high),2026-06-17 19:00:00,7525.75,7541.25,7524.25,7541.25,0.9117647058823529,27.946428571428573,9.5,11.75,15.5,3.5
ES,1h,bull (close==high),2026-07-14 12:00:00,7580.0,7589.25,7570.0,7589.25,0.4805194805194805,23.160714285714285,4.0,2.75,2.0,-0.25
ES,1h,bull (close==high),2026-07-15 00:00:00,7607.25,7608.5,7605.75,7608.5,0.45454545454545453,13.660714285714286,0.5,-0.75,-4.0,-4.0
ES,1h,bear (close==low),2017-04-18 11:00:00,3164.5,3166.25,3157.75,3157.75,0.7941176470588235,3.982142857142857,1.5,5.0,5.75,5.75
ES,1h,bear (close==low),2017-04-20 00:00:00,3160.25,3160.75,3159.75,3159.75,0.5,3.5357142857142856,0.5,1.25,5.0,5.75
ES,1h,bear (close==low),2017-04-20 23:00:00,3178.0,3178.0,3177.0,3177.0,1.0,3.5892857142857144,0.5,3.5,3.75,2.5
ES,1h,bear (close==low),2017-04-25 03:00:00,3199.0,3199.5,3196.75,3196.75,0.8181818181818182,2.3214285714285716,1.5,1.0,2.5,6.25
ES,1h,bear (close==low),2017-04-26 16:00:00,3209.0,3209.5,3206.75,3206.75,0.8181818181818182,4.428571428571429,1.75,2.0,2.75,3.0
ES,1h,bear (close==low),2017-04-26 21:00:00,3209.5,3210.25,3209.0,3209.0,0.4,4.214285714285714,0.75,0.0,0.0,0.0
ES,1h,bear (close==low),2017-04-27 00:00:00,3209.25,3209.75,3209.0,3209.0,0.3333333333333333,3.8035714285714284,-0.25,0.0,-1.5,-1.25
ES,1h,bear (close==low),2017-04-27 03:00:00,3209.0,3209.5,3207.5,3207.5,0.75,2.8214285714285716,-0.5,0.25,1.0,2.5
ES,1h,bear (close==low),2017-05-01 19:00:00,3212.0,3212.25,3211.5,3211.5,0.6666666666666666,3.125,1.75,-1.0,-0.25,-0.5
ES,1h,bear (close==low),2017-05-02 01:00:00,3211.0,3211.25,3209.5,3209.5,0.8571428571428571,2.732142857142857,2.25,2.0,0.5,1.25
ES,1h,bear (close==low),2017-05-02 09:00:00,3212.5,3214.0,3207.5,3207.5,0.7692307692307693,2.2142857142857144,1.0,2.25,4.75,1.25
ES,1h,bear (close==low),2017-05-02 22:00:00,3209.5,3209.75,3208.25,3208.25,0.8333333333333334,2.8035714285714284,-0.25,-0.25,0.0,-0.75
ES,1h,bear (close==low),2017-05-03 02:00:00,3208.0,3208.5,3207.75,3207.75,0.3333333333333333,2.0535714285714284,-0.25,-0.5,-0.5,0.25
ES,1h,bear (close==low),2017-05-08 00:00:00,3222.5,3222.75,3221.75,3221.75,0.75,3.4285714285714284,0.75,-1.0,-2.75,-2.5
ES,1h,bear (close==low),2017-05-08 07:00:00,3221.25,3222.5,3220.75,3220.75,0.2857142857142857,2.607142857142857,-1.5,-2.75,-3.5,-1.5
ES,1h,bear (close==low),2017-05-08 19:00:00,3220.75,3221.0,3219.75,3219.75,0.8,2.6607142857142856,-0.75,-0.5,0.0,-0.5
ES,1h,bear (close==low),2017-05-09 18:00:00,3217.0,3217.5,3214.5,3214.5,0.8333333333333334,2.892857142857143,-1.0,-0.75,0.0,0.75
ES,1h,bear (close==low),2017-05-10 23:00:00,3219.75,3219.75,3219.0,3219.0,1.0,2.107142857142857,0.0,0.5,0.25,-1.0
ES,1h,bear (close==low),2017-05-11 00:00:00,3219.25,3219.75,3219.0,3219.0,0.3333333333333333,1.9642857142857142,0.5,0.25,-0.75,-2.0
ES,1h,bear (close==low),2017-05-11 04:00:00,3218.25,3219.0,3218.0,3218.0,0.25,1.3928571428571428,-1.0,-1.0,-3.5,-9.75
ES,1h,bear (close==low),2017-05-14 19:00:00,3214.5,3215.25,3214.25,3214.25,0.25,2.8392857142857144,1.25,2.0,2.75,2.0
ES,1h,bear (close==low),2017-05-14 23:00:00,3217.25,3218.25,3217.0,3217.0,0.2,2.642857142857143,-0.75,-1.0,2.5,-0.5
ES,1h,bear (close==low),2017-05-15 00:00:00,3217.0,3217.25,3216.25,3216.25,0.75,2.357142857142857,-0.25,3.25,2.0,-1.25
ES,1h,bear (close==low),2017-05-15 20:00:00,3224.0,3224.75,3223.75,3223.75,0.25,2.8035714285714284,-1.0,-2.0,-2.0,-0.75
ES,1h,bear (close==low),2017-05-15 22:00:00,3222.5,3223.0,3221.75,3221.75,0.6,2.732142857142857,0.0,1.0,1.25,2.0
ES,1h,bear (close==low),2017-05-16 18:00:00,3221.75,3222.0,3214.25,3214.25,0.967741935483871,3.767857142857143,-3.0,-5.25,-5.5,-6.0
ES,1h,bear (close==low),2017-05-17 08:00:00,3212.25,3212.5,3205.5,3205.5,0.9642857142857143,3.7142857142857144,-5.5,-12.5,-5.5,-13.5
ES,1h,bear (close==low),2017-05-21 20:00:00,3208.0,3209.25,3206.75,3206.75,0.5,3.982142857142857,0.75,1.5,3.0,2.75
ES,1h,bear (close==low),2017-05-22 00:00:00,3209.5,3209.75,3208.5,3208.5,0.8,3.1785714285714284,1.0,1.25,-1.25,-3.25
ES,1h,bear (close==low),2017-05-25 00:00:00,3234.5,3234.5,3234.0,3234.0,1.0,2.9285714285714284,2.75,2.25,-0.5,0.75
ES,1h,bear (close==low),2017-05-26 07:00:00,3236.25,3236.75,3233.5,3233.5,0.8461538461538461,2.2142857142857144,3.0,5.5,4.5,5.75
ES,1h,bear (close==low),2017-05-26 11:00:00,3237.75,3240.0,3237.0,3237.0,0.25,2.5892857142857144,2.25,1.5,2.0,3.0
ES,1h,bear (close==low),2017-05-29 01:00:00,3241.0,3241.5,3240.5,3240.5,0.5,1.8928571428571428,-0.25,0.0,-0.5,0.5
ES,1h,bear (close==low),2017-05-29 10:00:00,3241.5,3242.0,3240.0,3240.0,0.75,1.2321428571428572,0.5,-0.5,-0.25,-1.0
ES,1h,bear (close==low),2017-05-29 12:00:00,3240.5,3240.75,3239.5,3239.5,0.8,1.2857142857142858,0.25,0.0,-0.5,-2.75
ES,1h,bear (close==low),2017-05-29 20:00:00,3239.5,3240.0,3239.0,3239.0,0.5,1.25,-2.75,-2.25,-0.75,-1.25
ES,1h,bear (close==low),2017-05-30 07:00:00,3235.75,3235.75,3233.0,3233.0,1.0,1.875,2.5,3.5,3.75,6.0
ES,1h,bear (close==low),2017-06-01 02:00:00,3237.75,3238.5,3237.25,3237.25,0.4,2.7857142857142856,0.75,2.0,0.5,-0.25
ES,1h,bear (close==low),2017-06-02 03:00:00,3260.0,3261.25,3258.25,3258.25,0.5833333333333334,2.5714285714285716,0.75,1.75,4.0,-1.25
ES,1h,bear (close==low),2017-06-05 06:00:00,3261.75,3261.75,3260.5,3260.5,1.0,1.6071428571428572,-0.75,0.0,1.5,1.75
ES,1h,bear (close==low),2017-06-05 07:00:00,3260.5,3261.25,3259.75,3259.75,0.5,1.5892857142857142,0.75,2.25,2.5,2.5
ES,1h,bear (close==low),2017-06-06 06:00:00,3257.0,3257.25,3255.0,3255.0,0.8888888888888888,1.7321428571428572,-1.5,-0.75,2.5,2.75
ES,1h,bear (close==low),2017-06-08 01:01:00,3259.5,3259.75,3258.0,3258.0,0.8571428571428571,2.482142857142857,1.0,1.75,1.0,3.75
ES,1h,bear (close==low),2017-06-11 22:00:00,3255.25,3256.0,3253.5,3253.5,0.7,6.017857142857143,-0.5,-0.5,-0.75,-0.5
ES,1h,bear (close==low),2017-06-14 01:00:00,3264.25,3264.5,3263.5,3263.5,0.75,2.2857142857142856,1.0,2.5,3.0,5.25
ES,1h,bear (close==low),2017-06-16 04:00:00,3263.0,3264.25,3261.75,3261.75,0.5,2.4285714285714284,0.75,1.25,1.25,-8.0
ES,1h,bear (close==low),2017-06-16 07:00:00,3263.25,3264.0,3263.0,3263.0,0.25,1.8392857142857142,-3.5,-9.25,-12.5,-8.25
ES,1h,bear (close==low),2017-06-18 23:00:00,3264.0,3264.5,3263.75,3263.75,0.3333333333333333,3.607142857142857,0.0,0.25,2.0,2.25
ES,1h,bear (close==low),2017-06-20 05:00:00,3276.25,3276.5,3275.75,3275.75,0.6666666666666666,1.8571428571428572,0.25,-0.25,-2.25,-3.0
ES,1h,bear (close==low),2017-06-20 22:00:00,3262.5,3264.0,3261.5,3261.5,0.4,3.607142857142857,0.0,0.5,0.0,-3.0
ES,1h,bear (close==low),2017-06-21 01:00:00,3262.25,3263.25,3261.5,3261.5,0.42857142857142855,3.0357142857142856,0.75,-3.0,-1.75,1.0
ES,1h,bear (close==low),2017-06-21 12:00:00,3263.75,3264.0,3258.5,3258.5,0.9545454545454546,3.6964285714285716,-1.25,2.5,2.75,-0.5
ES,1h,bear (close==low),2017-07-03 12:00:00,3262.0,3262.0,3253.25,3253.25,1.0,2.8392857142857144,-0.25,-1.5,2.0,0.75
ES,1h,bear (close==low),2017-07-03 20:00:00,3255.5,3255.5,3252.5,3252.5,1.0,3.5357142857142856,1.5,-0.25,0.5,-1.0
ES,1h,bear (close==low),2017-07-03 22:00:00,3254.25,3255.0,3252.25,3252.25,0.7272727272727273,3.4464285714285716,0.75,0.25,-0.75,4.5
ES,1h,bear (close==low),2017-07-04 06:00:00,3258.75,3259.25,3257.0,3257.0,0.7777777777777778,3.3214285714285716,0.75,-0.75,1.0,-4.0
ES,1h,bear (close==low),2017-07-06 05:00:00,3253.5,3253.75,3248.0,3248.0,0.9565217391304348,2.5,0.0,-3.0,0.25,-5.75
ES,1h,bear (close==low),2017-07-10 14:00:00,3256.75,3257.25,3255.25,3255.25,0.75,2.642857142857143,-1.75,-3.5,-3.25,-2.25
ES,1h,bear (close==low),2017-07-10 16:00:00,3253.25,3254.0,3251.75,3251.75,0.6666666666666666,2.875,0.25,0.75,1.25,2.0
ES,1h,bear (close==low),2017-07-12 23:00:00,3269.75,3270.0,3269.0,3269.0,0.75,2.8214285714285716,1.25,1.25,0.75,4.0
ES,1h,bear (close==low),2017-07-13 21:00:00,3274.0,3275.25,3273.5,3273.5,0.2857142857142857,2.625,0.0,-0.5,-0.25,-1.0
ES,1h,bear (close==low),2017-07-13 23:00:00,3273.25,3273.75,3273.0,3273.0,0.3333333333333333,2.4285714285714284,0.25,0.0,-0.5,-2.0
ES,1h,bear (close==low),2017-07-14 01:00:00,3273.25,3273.75,3273.0,3273.0,0.3333333333333333,1.8035714285714286,-0.5,-1.5,-2.0,-0.25
ES,1h,bear (close==low),2017-07-16 21:00:00,3286.0,3286.25,3284.25,3284.25,0.875,3.1607142857142856,0.75,0.5,0.5,0.25
ES,1h,bear (close==low),2017-07-19 01:00:00,3288.0,3288.5,3287.75,3287.75,0.3333333333333333,2.107142857142857,-0.25,0.0,0.0,-1.0
ES,1h,bear (close==low),2017-07-20 04:00:00,3301.5,3302.0,3300.0,3300.0,0.75,1.4464285714285714,0.5,0.0,1.5,2.0
ES,1h,bear (close==low),2017-07-20 06:00:00,3300.5,3301.25,3300.0,3300.0,0.4,1.375,1.5,1.25,2.0,-1.5
ES,1h,bear (close==low),2017-07-21 00:00:00,3299.75,3300.0,3299.0,3299.0,0.75,2.857142857142857,0.5,0.75,1.25,1.75
ES,1h,bear (close==low),2017-07-24 21:00:00,3296.0,3296.75,3295.75,3295.75,0.25,2.232142857142857,0.25,0.25,0.75,-1.0
ES,1h,bear (close==low),2017-07-25 02:00:00,3296.0,3296.25,3294.75,3294.75,0.8333333333333334,1.4107142857142858,1.5,2.25,4.0,7.5
ES,1h,bear (close==low),2017-07-25 21:00:00,3302.5,3303.25,3301.5,3301.5,0.5714285714285714,2.4285714285714284,-0.5,-0.5,-1.0,0.0
ES,1h,bear (close==low),2017-07-26 00:00:00,3301.0,3301.0,3300.5,3300.5,1.0,2.0357142857142856,0.5,1.0,3.75,4.5
ES,1h,bear (close==low),2017-07-26 13:00:00,3303.75,3304.0,3301.75,3301.75,0.8888888888888888,2.0892857142857144,0.5,1.0,0.5,3.0
ES,1h,bear (close==low),2017-07-27 04:00:00,3306.5,3307.25,3305.0,3305.0,0.6666666666666666,2.125,0.5,1.5,0.5,-0.5
ES,1h,bear (close==low),2017-07-31 01:00:00,3296.25,3296.75,3295.75,3295.75,0.5,2.232142857142857,1.25,5.0,4.25,4.25
ES,1h,bear (close==low),2017-08-02 01:00:00,3302.75,3303.5,3302.5,3302.5,0.25,1.8392857142857142,0.75,0.0,-1.0,-1.25
ES,1h,bear (close==low),2017-08-02 06:00:00,3302.25,3304.0,3301.25,3301.25,0.36363636363636365,1.5535714285714286,-0.25,1.5,-1.75,-5.5
ES,1h,bear (close==low),2017-08-03 02:00:00,3299.75,3300.25,3298.75,3298.75,0.6666666666666666,2.1785714285714284,-2.5,0.5,0.25,1.75
ES,1h,bear (close==low),2017-08-04 16:00:00,3301.5,3302.0,3299.5,3299.5,0.8,2.892857142857143,1.5,1.75,5.25,5.25
ES,1h,bear (close==low),2017-08-06 21:00:00,3304.5,3305.5,3304.0,3304.0,0.3333333333333333,3.017857142857143,0.75,0.75,0.75,0.25
ES,1h,bear (close==low),2017-08-07 01:00:00,3304.75,3305.0,3304.25,3304.25,0.6666666666666666,1.9642857142857142,0.0,0.0,-0.5,-1.5
ES,1h,bear (close==low),2017-08-08 12:00:00,3315.25,3316.5,3310.0,3310.0,0.8076923076923077,2.5535714285714284,-1.5,-5.0,-10.0,-13.25
ES,1h,bear (close==low),2017-08-08 16:00:00,3300.0,3301.25,3299.25,3299.25,0.375,3.875,-2.5,-4.0,-8.0,-6.5
ES,1h,bear (close==low),2017-08-11 00:00:00,3263.25,3263.75,3262.75,3262.75,0.5,5.392857142857143,0.75,2.0,1.25,-1.25
ES,1h,bear (close==low),2017-08-14 22:00:00,3299.5,3300.0,3299.0,3299.0,0.5,3.8035714285714284,0.0,-1.75,-2.0,-4.5
ES,1h,bear (close==low),2017-08-15 20:00:00,3290.5,3292.5,3289.75,3289.75,0.2727272727272727,3.5,1.0,0.75,1.25,2.0
ES,1h,bear (close==low),2017-08-17 23:00:00,3260.25,3260.75,3258.75,3258.75,0.75,6.107142857142857,0.0,2.0,-1.25,-5.0
ES,1h,bear (close==low),2017-08-18 02:00:00,3260.75,3261.25,3257.5,3257.5,0.8666666666666667,4.964285714285714,-0.5,-3.75,-0.5,2.0
ES,1h,bear (close==low),2017-08-18 13:00:00,3263.75,3265.0,3256.5,3256.5,0.8529411764705882,6.125,1.0,-4.0,-3.5,0.5
ES,1h,bear (close==low),2017-08-23 02:00:00,3277.5,3277.75,3276.25,3276.25,0.8333333333333334,2.625,1.0,-0.5,-1.25,-4.0
ES,1h,bear (close==low),2017-08-24 01:00:00,3268.25,3269.0,3266.25,3266.25,0.7272727272727273,3.4285714285714284,4.25,2.25,4.5,5.5
ES,1h,bear (close==low),2017-08-27 23:00:00,3267.5,3268.25,3267.25,3267.25,0.25,4.035714285714286,0.0,0.0,-2.5,0.5
ES,1h,bear (close==low),2017-08-29 02:00:00,3259.0,3261.5,3257.75,3257.75,0.3333333333333333,4.589285714285714,-5.5,-7.25,-3.5,1.75
ES,1h,bear (close==low),2017-08-30 16:00:00,3285.0,3285.5,3283.5,3283.5,0.75,3.5535714285714284,0.5,1.75,2.5,1.5
ES,1h,bear (close==low),2017-08-31 22:00:00,3299.75,3299.75,3299.0,3299.0,1.0,3.1607142857142856,-0.25,0.25,0.25,2.75
ES,1h,bear (close==low),2017-09-03 20:00:00,3293.0,3293.75,3291.25,3291.25,0.7,3.767857142857143,3.0,2.75,2.25,1.75
ES,1h,bear (close==low),2017-09-05 22:00:00,3288.25,3288.5,3286.75,3286.75,0.8571428571428571,5.053571428571429,1.5,0.0,1.5,4.25
ES,1h,bear (close==low),2017-09-06 16:00:00,3293.5,3294.25,3292.25,3292.25,0.625,3.9642857142857144,-3.25,-2.5,-0.25,-1.25
ES,1h,bear (close==low),2017-09-07 19:00:00,3295.75,3295.75,3292.0,3292.0,1.0,3.75,-1.25,-0.75,-1.75,0.5
ES,1h,bear (close==low),2017-09-11 00:00:00,3303.75,3304.25,3302.25,3302.25,0.75,3.1964285714285716,0.0,-0.25,0.75,2.25
ES,1h,bear (close==low),2017-09-11 14:00:00,3315.75,3316.5,3314.5,3314.5,0.625,2.7857142857142856,1.25,2.25,2.0,3.25
ES,1h,bear (close==low),2017-09-12 13:00:00,3323.0,3324.25,3321.75,3321.75,0.5,2.4464285714285716,-0.25,2.75,3.25,3.0
ES,1h,bear (close==low),2017-09-12 21:00:00,3323.75,3324.5,3323.0,3323.0,0.5,2.6964285714285716,-0.25,-0.25,0.0,-2.0
ES,1h,bear (close==low),2017-09-18 22:00:00,3332.75,3333.25,3332.25,3332.25,0.5,2.5714285714285716,0.75,0.75,1.0,0.75
ES,1h,bear (close==low),2017-09-19 02:00:00,3333.25,3333.5,3331.25,3331.25,0.8888888888888888,1.9821428571428572,1.75,1.5,3.75,3.0
ES,1h,bear (close==low),2017-09-19 07:00:00,3334.75,3335.25,3334.25,3334.25,0.5,1.4821428571428572,0.25,-1.75,0.0,1.0
ES,1h,bear (close==low),2017-09-19 20:00:00,3333.25,3333.75,3332.5,3332.5,0.6,1.9642857142857142,1.0,1.0,1.5,1.5
ES,1h,bear (close==low),2017-09-20 07:00:00,3335.5,3336.25,3334.75,3334.75,0.5,1.2678571428571428,1.0,0.75,-1.5,1.75
ES,1h,bear (close==low),2017-09-22 08:00:00,3326.5,3326.75,3325.25,3325.25,0.8333333333333334,2.3035714285714284,1.0,1.0,2.5,2.25
ES,1h,bear (close==low),2017-09-22 12:00:00,3327.75,3328.5,3326.5,3326.5,0.625,2.1607142857142856,1.0,1.25,2.75,4.75
ES,1h,bear (close==low),2017-09-25 23:00:00,3326.0,3326.5,3325.25,3325.25,0.6,4.071428571428571,-0.75,-0.5,0.25,0.75
ES,1h,bear (close==low),2017-09-26 06:00:00,3326.25,3327.5,3326.0,3326.0,0.16666666666666666,1.9821428571428572,-0.25,2.0,4.5,0.0
ES,1h,bear (close==low),2017-09-27 04:00:00,3330.0,3330.25,3328.0,3328.0,0.8888888888888888,2.017857142857143,-0.5,1.0,2.75,4.25
ES,1h,bear (close==low),2017-10-01 23:00:00,3349.25,3349.75,3349.0,3349.0,0.3333333333333333,2.75,0.0,0.5,-0.75,-1.0
ES,1h,bear (close==low),2017-10-02 02:00:00,3349.5,3350.0,3348.25,3348.25,0.7142857142857143,2.0892857142857144,0.0,-0.25,0.75,2.5
ES,1h,bear (close==low),2017-10-02 11:00:00,3352.75,3353.5,3350.0,3350.0,0.7857142857142857,2.142857142857143,4.0,4.75,5.0,8.0
ES,1h,bear (close==low),2017-10-03 19:00:00,3362.0,3362.25,3361.5,3361.5,0.6666666666666666,1.8035714285714286,-0.25,0.5,0.75,0.25
ES,1h,bear (close==low),2017-10-04 00:00:00,3362.5,3362.75,3361.75,3361.75,0.75,1.625,0.0,0.5,-0.5,-0.25
ES,1h,bear (close==low),2017-10-04 03:00:00,3362.25,3362.25,3361.25,3361.25,1.0,1.3392857142857142,0.25,0.25,-0.25,-1.0
ES,1h,bear (close==low),2017-10-06 01:00:00,3379.75,3380.0,3379.25,3379.25,0.6666666666666666,1.6785714285714286,0.25,0.25,-0.5,0.0
ES,1h,bear (close==low),2017-10-06 08:00:00,3378.75,3379.0,3373.5,3373.5,0.9545454545454546,1.2142857142857142,2.75,-0.25,-0.75,0.5
ES,1h,bear (close==low),2017-10-08 23:00:00,3378.5,3378.75,3378.0,3378.0,0.6666666666666666,2.5535714285714284,-0.25,0.0,-0.75,0.25
ES,1h,bear (close==low),2017-10-09 00:00:00,3378.25,3378.5,3377.75,3377.75,0.6666666666666666,2.375,0.25,-0.5,0.5,0.75
ES,1h,bear (close==low),2017-10-09 14:00:00,3375.75,3376.25,3372.75,3372.75,0.8571428571428571,2.0892857142857144,0.0,0.75,1.0,3.0
ES,1h,bear (close==low),2017-10-09 21:00:00,3375.75,3376.75,3375.0,3375.0,0.42857142857142855,2.392857142857143,-0.25,0.0,0.25,1.5
ES,1h,bear (close==low),2017-10-11 23:00:00,3381.75,3382.0,3381.5,3381.5,0.5,1.75,0.0,-0.5,0.0,-2.5
ES,1h,bear (close==low),2017-10-13 13:00:00,3384.75,3385.75,3383.75,3383.75,0.5,2.142857142857143,0.0,-1.75,-1.0,0.75
ES,1h,bear (close==low),2017-10-15 23:00:00,3386.0,3386.25,3385.5,3385.5,0.6666666666666666,2.3214285714285716,-0.25,-1.0,-1.5,-2.0
ES,1h,bear (close==low),2017-10-17 02:00:00,3386.5,3386.75,3385.5,3385.5,0.8,1.4642857142857142,-0.5,-0.25,0.0,0.75
ES,1h,bear (close==low),2017-10-17 03:00:00,3385.75,3386.25,3385.0,3385.0,0.6,1.3571428571428572,0.25,0.5,1.0,0.75
ES,1h,bear (close==low),2017-10-18 00:00:00,3388.0,3388.25,3387.75,3387.75,0.5,1.7142857142857142,0.0,0.0,0.0,2.5
ES,1h,bear (close==low),2017-10-18 01:00:00,3388.0,3388.5,3387.75,3387.75,0.3333333333333333,1.4821428571428572,0.0,0.0,0.25,3.25
ES,1h,bear (close==low),2017-10-18 14:00:00,3391.5,3392.25,3390.5,3390.5,0.5714285714285714,1.9464285714285714,-0.75,-0.25,-0.25,-0.5
ES,1h,bear (close==low),2017-10-18 23:00:00,3390.5,3390.5,3389.25,3389.25,1.0,1.875,0.5,-0.75,-2.25,-9.0
ES,1h,bear (close==low),2017-10-19 01:00:00,3389.5,3389.75,3388.5,3388.5,0.8,1.5714285714285714,-1.5,-10.5,-8.25,-10.5
ES,1h,bear (close==low),2017-10-19 18:00:00,3391.25,3391.25,3390.25,3390.25,1.0,4.25,0.5,0.5,9.5,8.5
ES,1h,bear (close==low),2017-10-22 21:00:00,3406.0,3406.5,3404.75,3404.75,0.7142857142857143,2.5714285714285716,-0.25,0.0,-1.25,-0.5
ES,1h,bear (close==low),2017-10-23 23:00:00,3396.25,3396.5,3395.5,3395.5,0.75,2.767857142857143,-0.25,0.25,-0.5,-0.5
ES,1h,bear (close==low),2017-10-25 00:00:00,3395.0,3395.25,3393.75,3393.75,0.8333333333333334,2.3214285714285716,-0.75,0.0,1.25,0.75
ES,1h,bear (close==low),2017-10-26 14:00:00,3392.0,3393.0,3389.75,3389.75,0.6923076923076923,3.5892857142857144,-2.0,2.75,2.0,0.0
ES,1h,bear (close==low),2017-11-01 02:00:00,3408.25,3408.75,3407.75,3407.75,0.5,2.0357142857142856,2.5,3.0,4.5,4.75
ES,1h,bear (close==low),2017-11-02 14:00:00,3402.5,3405.25,3401.25,3401.25,0.3125,3.732142857142857,5.5,6.5,6.75,7.5
ES,1h,bear (close==low),2017-11-02 23:00:00,3408.5,3408.75,3408.0,3408.0,0.6666666666666666,3.6607142857142856,0.0,0.5,1.5,0.5
ES,1h,bear (close==low),2017-11-05 20:00:00,3413.75,3415.0,3410.75,3410.75,0.7058823529411765,3.25,-3.5,-2.25,-2.0,0.0
ES,1h,bear (close==low),2017-11-06 00:00:00,3408.5,3409.75,3408.25,3408.25,0.16666666666666666,3.1785714285714284,2.5,1.5,3.25,2.25
ES,1h,bear (close==low),2017-11-13 23:00:00,3410.0,3410.25,3409.25,3409.25,0.75,2.9107142857142856,-1.25,-0.25,0.75,1.0
ES,1h,bear (close==low),2017-11-14 08:00:00,3407.5,3408.5,3404.75,3404.75,0.7333333333333333,2.482142857142857,-2.75,2.0,2.5,0.25
ES,1h,bear (close==low),2017-11-16 22:00:00,3412.25,3413.75,3412.0,3412.0,0.14285714285714285,3.3392857142857144,1.25,0.25,0.25,-1.0
ES,1h,bear (close==low),2017-11-17 03:00:00,3413.5,3414.75,3411.0,3411.0,0.6666666666666666,2.5,-0.25,1.0,2.75,2.5
ES,1h,bear (close==low),2017-11-21 00:00:00,3412.5,3413.25,3411.5,3411.5,0.5714285714285714,2.2857142857142856,-0.25,-0.25,-0.25,6.25
ES,1h,bear (close==low),2017-11-22 00:00:00,3427.25,3427.75,3426.75,3426.75,0.5,2.1785714285714284,1.75,1.0,0.75,0.5
ES,1h,bear (close==low),2017-11-23 07:00:00,3427.25,3428.0,3426.75,3426.75,0.4,1.9642857142857142,0.75,0.25,0.25,0.5
ES,1h,bear (close==low),2017-11-26 23:00:00,3428.75,3429.5,3428.0,3428.0,0.5,2.25,1.0,1.25,2.0,4.5
ES,1h,bear (close==low),2017-11-28 20:00:00,3455.25,3456.0,3454.75,3454.75,0.4,4.107142857142857,-1.0,-0.5,-0.25,1.25
ES,1h,bear (close==low),2017-11-29 18:00:00,3455.25,3456.75,3454.25,3454.25,0.4,4.035714285714286,-0.5,-0.5,0.0,1.0
ES,1h,bear (close==low),2017-12-05 02:00:00,3473.75,3474.75,3471.5,3471.5,0.6923076923076923,4.160714285714286,-1.5,0.0,-4.75,2.25
ES,1h,bear (close==low),2017-12-07 02:00:00,3463.75,3463.75,3461.5,3461.5,1.0,3.125,1.0,2.25,0.75,-3.0
ES,1h,bear (close==low),2017-12-07 07:00:00,3461.25,3461.5,3458.5,3458.5,0.9166666666666666,2.5535714285714284,-0.75,4.0,8.0,11.5
ES,1h,bear (close==low),2017-12-07 08:00:00,3458.5,3460.75,3457.75,3457.75,0.25,2.4285714285714284,4.75,8.75,12.0,11.25
ES,1h,bear (close==low),2017-12-07 21:00:00,3470.0,3470.75,3468.75,3468.75,0.625,4.0,1.0,2.5,4.0,4.5
ES,1h,bear (close==low),2017-12-11 06:00:00,3483.5,3484.75,3483.0,3483.0,0.2857142857142857,2.0535714285714284,-1.75,0.5,3.5,3.0
ES,1h,bear (close==low),2017-12-11 23:00:00,3493.75,3494.25,3493.0,3493.0,0.6,3.0357142857142856,0.25,-0.25,-0.75,0.0
ES,1h,bear (close==low),2017-12-13 06:00:00,3495.75,3496.5,3494.75,3494.75,0.5714285714285714,2.5357142857142856,-1.25,2.5,6.25,7.25
ES,1h,bear (close==low),2017-12-14 06:00:00,3498.75,3499.75,3498.0,3498.0,0.42857142857142855,2.0357142857142856,0.0,1.25,-0.25,-2.75
ES,1h,bear (close==low),2017-12-18 06:00:00,3518.75,3519.75,3518.0,3518.0,0.42857142857142855,2.25,1.0,1.5,5.75,6.5
ES,1h,bear (close==low),2017-12-19 01:00:00,3523.5,3523.5,3522.5,3522.5,1.0,1.8392857142857142,0.25,2.75,2.25,1.25
ES,1h,bear (close==low),2017-12-19 08:00:00,3524.75,3525.5,3524.0,3524.0,0.5,1.1964285714285714,-5.25,-6.75,-9.75,-8.25
ES,1h,bear (close==low),2017-12-21 07:00:00,3514.25,3514.75,3513.75,3513.75,0.5,1.6785714285714286,2.5,-0.5,4.5,7.75
ES,1h,bear (close==low),2017-12-22 00:00:00,3518.5,3518.75,3517.75,3517.75,0.75,2.9464285714285716,-0.5,0.0,0.5,-0.5
ES,1h,bear (close==low),2017-12-22 01:00:00,3517.75,3518.25,3517.25,3517.25,0.5,2.5,0.5,1.0,1.0,0.75
ES,1h,bear (close==low),2017-12-22 07:00:00,3518.0,3518.5,3516.25,3516.25,0.7777777777777778,1.5892857142857142,-0.5,0.0,-2.5,-4.0
ES,1h,bear (close==low),2017-12-26 04:00:00,3514.0,3514.25,3513.75,3513.75,0.5,1.6607142857142858,-0.25,-1.25,-1.5,0.25
ES,1h,bear (close==low),2017-12-26 06:00:00,3513.5,3513.5,3512.5,3512.5,1.0,1.3571428571428572,-0.25,0.25,1.5,1.5
ES,1h,bear (close==low),2017-12-27 12:00:00,3514.0,3514.25,3511.75,3511.75,0.9,2.3214285714285716,0.5,-1.0,0.5,1.5
ES,1h,bear (close==low),2017-12-28 23:01:00,3515.25,3515.5,3515.0,3515.0,0.5,1.9821428571428572,0.5,0.5,1.5,3.25
ES,1h,bear (close==low),2018-01-04 01:00:00,3541.5,3541.5,3540.0,3540.0,1.0,2.9285714285714284,0.5,0.75,2.5,2.5
ES,1h,bear (close==low),2018-01-04 05:00:00,3542.5,3543.0,3540.75,3540.75,0.7777777777777778,2.267857142857143,1.75,2.5,5.25,13.0
ES,1h,bear (close==low),2018-01-05 01:00:00,3553.75,3554.25,3553.25,3553.25,0.5,2.2142857142857144,1.25,2.25,3.5,6.0
ES,1h,bear (close==low),2018-01-07 23:00:00,3572.5,3572.75,3572.0,3572.0,0.6666666666666666,3.375,0.5,0.0,0.75,-2.0
ES,1h,bear (close==low),2018-01-09 19:00:00,3579.0,3579.5,3577.5,3577.5,0.75,3.8035714285714284,-1.0,0.0,1.5,0.75
ES,1h,bear (close==low),2018-01-12 07:00:00,3602.75,3603.5,3601.0,3601.0,0.7,1.9464285714285714,-4.25,4.0,10.25,10.75
ES,1h,bear (close==low),2018-01-14 20:00:00,3622.0,3622.5,3621.0,3621.0,0.6666666666666666,5.035714285714286,0.5,1.25,1.75,-0.75
ES,1h,bear (close==low),2018-01-18 03:00:00,3632.75,3633.75,3628.5,3628.5,0.8095238095238095,3.9285714285714284,1.75,2.25,5.75,0.5
ES,1h,bear (close==low),2018-01-23 08:00:00,3661.25,3661.75,3659.5,3659.5,0.7777777777777778,2.8392857142857144,2.75,11.0,7.0,11.0
ES,1h,bear (close==low),2018-01-24 06:00:00,3672.0,3673.25,3670.5,3670.5,0.5454545454545454,2.5714285714285716,2.25,5.25,8.0,-4.0
ES,1h,bear (close==low),2018-01-25 19:00:00,3671.0,3672.5,3670.5,3670.5,0.25,6.678571428571429,2.5,2.0,2.5,2.0
ES,1h,bear (close==low),2018-01-29 03:00:00,3700.75,3701.0,3695.5,3695.5,0.9545454545454546,3.6964285714285716,-3.0,-0.5,0.5,-2.75
ES,1h,bear (close==low),2018-01-31 00:00:00,3660.25,3661.0,3653.75,3653.75,0.896551724137931,7.535714285714286,2.5,6.5,8.5,6.0
ES,1h,bear (close==low),2018-02-01 03:00:00,3661.5,3663.5,3659.75,3659.75,0.4666666666666667,5.875,-2.25,-4.0,-4.0,-14.75
ES,1h,bear (close==low),2018-02-01 04:00:00,3660.0,3661.0,3657.5,3657.5,0.7142857142857143,5.839285714285714,-1.75,-1.75,-1.25,-7.0
ES,1h,bear (close==low),2018-02-01 05:00:00,3657.75,3659.75,3655.75,3655.75,0.5,4.589285714285714,0.0,0.5,-10.75,-6.25
ES,1h,bear (close==low),2018-02-07 05:00:00,3496.75,3502.0,3493.5,3493.5,0.38235294117647056,13.410714285714286,16.75,17.0,15.5,48.0
ES,1h,bear (close==low),2018-02-07 15:00:00,3520.25,3537.5,3506.25,3506.25,0.448,17.071428571428573,-10.25,-31.5,-16.5,-15.0
ES,1h,bear (close==low),2018-02-21 15:00:00,3560.75,3561.0,3527.75,3527.75,0.9924812030075187,9.857142857142858,-1.75,-9.0,-7.5,-13.0
ES,1h,bear (close==low),2018-02-26 21:00:00,3612.25,3613.25,3610.25,3610.25,0.6666666666666666,6.410714285714286,-1.75,-2.75,-3.25,-4.5
ES,1h,bear (close==low),2018-02-27 15:00:00,3587.75,3589.5,3571.0,3571.0,0.9054054054054054,10.196428571428571,3.75,9.25,9.5,4.0
ES,1h,bear (close==low),2018-03-05 06:00:00,3518.0,3518.25,3509.5,3509.5,0.9714285714285714,8.732142857142858,-2.5,-3.75,-2.75,29.5
ES,1h,bear (close==low),2018-03-05 20:00:00,3548.5,3550.0,3547.0,3547.0,0.5,9.803571428571429,-0.75,-0.5,-1.5,4.5
ES,1h,bear (close==low),2018-03-13 16:00:00,3592.5,3596.5,3591.25,3591.25,0.23809523809523808,7.928571428571429,-0.75,0.0,0.0,-4.0
ES,1h,bear (close==low),2018-03-15 00:00:00,3581.25,3582.0,3580.0,3580.0,0.625,9.928571428571429,2.75,2.5,3.75,2.25
ES,1h,bear (close==low),2018-03-15 13:00:00,3580.25,3582.0,3569.75,3569.75,0.8571428571428571,6.160714285714286,5.0,4.5,11.75,12.0
ES,1h,bear (close==low),2018-03-19 00:00:00,3572.5,3573.25,3572.0,3572.0,0.4,5.303571428571429,-1.5,-1.75,-0.75,-6.5
ES,1h,bear (close==low),2018-03-20 03:00:00,3549.75,3550.25,3546.0,3546.0,0.8823529411764706,7.160714285714286,0.5,-3.75,1.5,1.75
ES,1h,bear (close==low),2018-03-21 01:00:00,3550.25,3550.25,3547.5,3547.5,1.0,5.232142857142857,1.5,0.5,-4.0,-1.5
ES,1h,bear (close==low),2018-03-29 06:00:00,3442.75,3442.75,3438.75,3438.75,1.0,7.071428571428571,3.5,1.5,-3.75,20.0
ES,1h,bear (close==low),2018-04-02 04:00:00,3458.5,3459.75,3457.0,3457.0,0.5454545454545454,7.5,2.25,1.25,-2.75,-10.0
ES,1h,bear (close==low),2018-04-02 13:00:00,3403.75,3407.0,3382.25,3382.25,0.8686868686868687,10.857142857142858,7.5,20.5,23.5,24.25
ES,1h,bear (close==low),2018-04-03 03:00:00,3409.0,3412.25,3408.0,3408.0,0.23529411764705882,8.821428571428571,0.75,-1.5,1.75,10.25
ES,1h,bear (close==low),2018-04-09 05:00:00,3447.75,3451.25,3445.5,3445.5,0.391304347826087,7.857142857142857,-2.25,-1.25,-5.5,11.0
ES,1h,bear (close==low),2018-04-10 21:00:00,3465.0,3469.25,3464.25,3464.25,0.15,11.0,1.5,1.25,1.0,1.75
ES,1h,bear (close==low),2018-04-11 10:00:00,3472.25,3477.75,3466.5,3466.5,0.5111111111111111,6.035714285714286,10.5,7.5,8.5,-1.0
ES,1h,bear (close==low),2018-04-18 02:00:00,3534.75,3535.5,3531.75,3531.75,0.8,4.017857142857143,2.75,3.75,2.25,9.5
ES,1h,bear (close==low),2018-04-18 11:00:00,3537.5,3541.0,3535.5,3535.5,0.36363636363636365,4.196428571428571,1.75,-1.5,1.5,-2.0
ES,1h,bear (close==low),2018-04-23 01:00:00,3503.5,3504.0,3501.25,3501.25,0.8181818181818182,6.767857142857143,-3.25,-8.25,-9.75,-7.25
ES,1h,bear (close==low),2018-04-24 11:00:00,3490.75,3495.75,3483.75,3483.75,0.5833333333333334,5.821428571428571,-21.25,-34.25,-34.25,-25.25
ES,1h,bear (close==low),2018-04-25 06:00:00,3450.5,3453.25,3443.75,3443.75,0.7105263157894737,6.089285714285714,6.75,5.75,-7.25,0.75
ES,1h,bear (close==low),2018-04-30 23:00:00,3473.25,3473.25,3472.0,3472.0,1.0,7.196428571428571,0.75,4.25,-0.25,-6.5
ES,1h,bear (close==low),2018-05-01 04:00:00,3472.0,3472.0,3465.5,3465.5,1.0,5.017857142857143,2.25,4.0,3.25,-1.25
ES,1h,bear (close==low),2018-05-09 08:00:00,3502.75,3504.25,3501.25,3501.25,0.5,3.9107142857142856,-1.0,-5.25,0.25,19.5
ES,1h,bear (close==low),2018-05-10 16:00:00,3544.0,3544.25,3539.25,3539.25,0.95,6.107142857142857,2.25,4.25,4.0,5.5
ES,1h,bear (close==low),2018-05-14 02:00:00,3561.75,3562.0,3559.25,3559.25,0.9090909090909091,3.9285714285714284,-1.0,-1.25,-1.0,-3.0
ES,1h,bear (close==low),2018-05-17 06:00:00,3543.0,3544.0,3540.75,3540.75,0.6923076923076923,2.8392857142857144,-0.25,0.75,0.75,7.5
ES,1h,bear (close==low),2018-05-18 06:00:00,3547.75,3549.5,3546.75,3546.75,0.36363636363636365,3.607142857142857,-1.75,-10.75,-8.5,-5.25
ES,1h,bear (close==low),2018-05-21 07:00:00,3551.5,3552.25,3550.75,3550.75,0.5,3.6607142857142856,0.75,4.5,9.5,5.25
ES,1h,bear (close==low),2018-05-22 01:00:00,3557.5,3558.0,3557.0,3557.0,0.5,3.607142857142857,1.25,2.0,3.25,4.75
ES,1h,bear (close==low),2018-05-22 14:00:00,3557.0,3560.5,3554.0,3554.0,0.46153846153846156,3.5,-6.0,-5.5,-5.0,-5.75
ES,1h,bear (close==low),2018-05-23 02:00:00,3543.25,3544.75,3541.5,3541.5,0.5384615384615384,4.0,-7.0,-10.75,-12.0,-10.25
ES,1h,bear (close==low),2018-05-27 18:00:00,3552.0,3554.0,3549.0,3549.0,0.6,6.267857142857143,3.5,2.5,2.25,2.75
ES,1h,bear (close==low),2018-05-28 04:00:00,3551.5,3552.25,3550.75,3550.75,0.5,4.0,-3.5,-3.75,-4.25,-7.0
ES,1h,bear (close==low),2018-05-28 05:00:00,3550.75,3551.25,3547.25,3547.25,0.875,3.892857142857143,-0.25,-0.75,-4.75,-1.25
ES,1h,bear (close==low),2018-05-31 23:00:00,3534.25,3534.75,3531.25,3531.25,0.8571428571428571,6.267857142857143,0.5,0.0,8.75,6.5
ES,1h,bear (close==low),2018-06-05 02:00:00,3567.0,3568.0,3566.5,3566.5,0.3333333333333333,2.625,4.25,5.25,8.0,5.0
ES,1h,bear (close==low),2018-06-06 08:00:00,3580.25,3581.75,3578.25,3578.25,0.5714285714285714,2.3392857142857144,-4.25,-2.0,6.0,5.0
ES,1h,bear (close==low),2018-06-06 18:00:00,3596.5,3597.0,3594.25,3594.25,0.8181818181818182,4.375,0.0,0.25,1.5,2.75
ES,1h,bear (close==low),2018-06-07 04:00:00,3600.75,3601.0,3596.5,3596.5,0.9444444444444444,3.125,0.5,2.0,1.0,3.25
ES,1h,bear (close==low),2018-06-07 21:00:00,3596.5,3597.5,3594.5,3594.5,0.6666666666666666,6.178571428571429,-0.5,-2.25,-2.75,-5.5
ES,1h,bear (close==low),2018-06-11 00:00:00,3599.75,3600.75,3599.25,3599.25,0.3333333333333333,4.375,-1.5,1.25,4.25,3.75
ES,1h,bear (close==low),2018-06-12 21:00:00,3612.75,3615.0,3612.25,3612.25,0.18181818181818182,4.625,1.0,0.5,0.75,-1.75
ES,1h,bear (close==low),2018-06-13 12:00:00,3613.75,3614.0,3610.0,3610.0,0.9375,2.4107142857142856,1.0,-2.75,-10.5,-9.75
ES,1h,bear (close==low),2018-06-13 22:00:00,3602.25,3602.25,3597.5,3597.5,1.0,4.642857142857143,1.5,1.0,-2.75,-2.75
ES,1h,bear (close==low),2018-06-14 01:00:00,3598.75,3599.0,3594.75,3594.75,0.9411764705882353,4.517857142857143,-2.5,0.0,2.5,3.25
ES,1h,bear (close==low),2018-06-14 02:00:00,3594.5,3596.5,3592.25,3592.25,0.5294117647058824,4.589285714285714,2.5,5.0,4.5,9.75
ES,1h,bear (close==low),2018-06-14 10:00:00,3606.5,3613.0,3602.5,3602.5,0.38095238095238093,4.517857142857143,5.0,1.75,4.0,4.25
ES,1h,bear (close==low),2018-06-18 18:00:00,3597.25,3599.25,3596.75,3596.75,0.2,5.089285714285714,-12.75,-11.25,-20.0,-23.0
ES,1h,bear (close==low),2018-06-21 03:00:00,3596.0,3599.25,3593.0,3593.0,0.48,4.5,-5.0,-11.0,-4.75,-6.25
ES,1h,bear (close==low),2018-06-21 12:00:00,3579.75,3580.25,3572.0,3572.0,0.9393939393939394,6.357142857142857,6.25,1.25,-0.25,-0.75
ES,1h,bear (close==low),2018-06-21 14:00:00,3578.25,3580.5,3573.25,3573.25,0.6896551724137931,6.946428571428571,-1.5,-3.0,-2.0,1.25
ES,1h,bear (close==low),2018-06-22 16:00:00,3576.75,3580.75,3575.5,3575.5,0.23809523809523808,5.160714285714286,0.5,1.25,-8.5,-10.25
ES,1h,bear (close==low),2018-06-27 12:00:00,3556.0,3560.75,3546.0,3546.0,0.6779661016949152,9.928571428571429,-9.25,-16.5,-25.25,-20.25
ES,1h,bear (close==low),2018-06-29 08:00:00,3550.25,3553.25,3545.5,3545.5,0.6129032258064516,6.089285714285714,10.0,16.25,11.5,11.75
ES,1h,bear (close==low),2018-07-04 05:00:00,3541.25,3543.0,3539.0,3539.0,0.5625,5.107142857142857,2.5,0.25,1.25,-0.75
ES,1h,bear (close==low),2018-07-04 18:00:00,3541.0,3541.75,3538.75,3538.75,0.75,3.0535714285714284,0.25,-4.25,0.0,-4.0
ES,1h,bear (close==low),2018-07-09 04:00:00,3593.25,3593.5,3589.75,3589.75,0.9333333333333333,3.5714285714285716,3.25,3.25,2.25,5.5
ES,1h,bear (close==low),2018-07-10 06:00:00,3610.5,3613.0,3610.0,3610.0,0.16666666666666666,3.142857142857143,1.25,0.5,2.25,5.5
ES,1h,bear (close==low),2018-07-13 08:00:00,3620.25,3620.25,3616.25,3616.25,1.0,3.1607142857142856,-2.5,6.0,6.0,6.5
ES,1h,bear (close==low),2018-07-15 21:00:00,3626.25,3628.0,3624.5,3624.5,0.5,4.446428571428571,-1.0,0.25,0.0,-0.25
ES,1h,bear (close==low),2018-07-16 10:00:00,3620.0,3621.0,3614.25,3614.25,0.8518518518518519,3.2142857142857144,3.5,6.75,5.75,5.0
ES,1h,bear (close==low),2018-07-18 01:00:00,3632.5,3632.75,3630.75,3630.75,0.875,3.392857142857143,2.0,2.0,0.25,0.0
ES,1h,bear (close==low),2018-07-19 07:00:00,3628.0,3629.0,3626.25,3626.25,0.6363636363636364,2.6607142857142856,0.25,-3.5,-1.25,-0.75
ES,1h,bear (close==low),2018-07-22 19:00:00,3623.5,3624.0,3621.0,3621.0,0.8333333333333334,5.392857142857143,-4.5,-5.75,-6.75,-4.25
ES,1h,bear (close==low),2018-07-24 02:00:00,3636.25,3636.5,3634.5,3634.5,0.875,2.9464285714285716,-1.75,1.25,3.25,3.25
ES,1h,bear (close==low),2018-07-24 23:00:00,3636.25,3637.0,3634.75,3634.75,0.6666666666666666,5.142857142857143,-0.5,1.0,3.0,3.0
ES,1h,bear (close==low),2018-07-25 22:00:00,3654.75,3655.25,3652.75,3652.75,0.8,6.571428571428571,0.75,1.0,0.25,2.75
ES,1h,bear (close==low),2018-07-26 21:00:00,3661.5,3662.25,3660.25,3660.25,0.625,4.625,2.0,2.75,2.5,2.5
ES,1h,bear (close==low),2018-07-27 03:00:00,3663.0,3664.75,3662.5,3662.5,0.2222222222222222,3.125,-0.5,1.0,1.0,0.5
ES,1h,bear (close==low),2018-07-27 07:00:00,3663.5,3663.5,3662.0,3662.0,1.0,2.25,1.0,-7.25,-9.5,-29.75
ES,1h,bear (close==low),2018-08-03 11:00:00,3650.25,3652.75,3647.75,3647.75,0.5,3.5714285714285716,4.75,8.0,8.25,12.5
ES,1h,bear (close==low),2018-08-06 07:00:00,3661.5,3662.0,3659.0,3659.0,0.8333333333333334,2.767857142857143,-1.75,1.25,3.5,11.25
ES,1h,bear (close==low),2018-08-06 16:00:00,3669.5,3670.0,3668.0,3668.0,0.75,4.339285714285714,0.25,0.75,1.0,1.75
ES,1h,bear (close==low),2018-08-08 01:00:00,3678.0,3679.0,3677.75,3677.75,0.2,2.5535714285714284,-1.5,1.0,0.75,2.0
ES,1h,bear (close==low),2018-08-08 07:00:00,3679.75,3680.5,3678.5,3678.5,0.625,1.9642857142857142,-3.25,-4.25,-0.25,-1.75
ES,1h,bear (close==low),2018-08-10 02:00:00,3662.25,3663.25,3659.25,3659.25,0.75,3.625,0.0,0.5,-2.75,-0.25
ES,1h,bear (close==low),2018-08-12 19:00:00,3651.25,3652.75,3650.5,3650.5,0.3333333333333333,6.678571428571429,-3.5,-6.5,-7.5,-9.75
ES,1h,bear (close==low),2018-08-12 21:00:00,3647.25,3647.75,3644.0,3644.0,0.8666666666666667,6.410714285714286,-1.0,-1.5,-3.25,1.5
ES,1h,bear (close==low),2018-08-13 11:00:00,3659.0,3660.5,3645.25,3645.25,0.9016393442622951,6.089285714285714,-2.25,0.25,0.75,0.0
ES,1h,bear (close==low),2018-08-14 00:00:00,3650.5,3651.25,3649.5,3649.5,0.5714285714285714,5.642857142857143,1.0,4.25,8.25,3.5
ES,1h,bear (close==low),2018-08-14 20:00:00,3660.75,3662.0,3659.75,3659.75,0.4444444444444444,4.607142857142857,-1.75,-2.75,-4.25,-3.5
ES,1h,bear (close==low),2018-08-15 09:00:00,3641.75,3645.75,3634.0,3634.0,0.6595744680851063,4.303571428571429,-10.75,-7.25,1.5,-1.0
ES,1h,bear (close==low),2018-08-19 20:00:00,3672.0,3674.0,3671.75,3671.75,0.1111111111111111,5.678571428571429,-0.25,-1.0,0.0,-1.25
ES,1h,bear (close==low),2018-08-22 22:00:00,3678.25,3679.75,3677.25,3677.25,0.4,4.357142857142857,0.5,0.5,1.75,3.5
ES,1h,bear (close==low),2018-08-23 00:00:00,3678.0,3679.5,3677.75,3677.75,0.14285714285714285,3.732142857142857,1.25,2.75,3.0,2.75
ES,1h,bear (close==low),2018-08-23 10:00:00,3683.75,3688.75,3683.0,3683.0,0.13043478260869565,3.517857142857143,-7.0,-5.0,-6.0,-5.75
ES,1h,bear (close==low),2018-08-27 01:00:00,3702.75,3703.25,3702.0,3702.0,0.6,2.8392857142857144,-0.25,-1.25,1.0,0.5
ES,1h,bear (close==low),2018-08-27 05:00:00,3702.75,3703.75,3702.25,3702.25,0.3333333333333333,2.232142857142857,0.25,1.75,4.75,11.75
ES,1h,bear (close==low),2018-08-28 00:00:00,3720.0,3720.25,3718.25,3718.25,0.875,2.6607142857142856,-0.75,0.5,-0.25,2.5
ES,1h,bear (close==low),2018-08-29 04:00:00,3720.5,3721.75,3720.0,3720.0,0.2857142857142857,2.0714285714285716,-0.5,-1.5,0.25,0.75
ES,1h,bear (close==low),2018-08-29 19:00:00,3734.75,3735.0,3733.5,3733.5,0.8333333333333334,3.8392857142857144,0.0,-2.25,-2.5,-2.0
ES,1h,bear (close==low),2018-08-29 22:00:00,3731.25,3732.0,3731.0,3731.0,0.25,3.75,0.25,0.5,-1.0,-1.5
ES,1h,bear (close==low),2018-08-30 19:00:00,3716.75,3718.5,3716.5,3716.5,0.125,5.035714285714286,1.25,3.5,1.75,4.5
ES,1h,bear (close==low),2018-09-03 07:00:00,3730.25,3731.5,3728.0,3728.0,0.6428571428571429,2.732142857142857,-1.25,0.0,0.0,-0.75
ES,1h,bear (close==low),2018-09-05 00:00:00,3716.5,3716.75,3715.75,3715.75,0.75,4.392857142857143,-2.5,-7.5,-8.5,-8.5
ES,1h,bear (close==low),2018-09-05 01:00:00,3716.0,3716.5,3713.25,3713.25,0.8461538461538461,3.857142857142857,-5.0,-6.0,-6.25,-2.25
ES,1h,bear (close==low),2018-09-06 12:00:00,3695.5,3696.25,3689.75,3689.75,0.8846153846153846,6.107142857142857,3.75,6.75,9.5,8.0
ES,1h,bear (close==low),2018-09-12 02:00:00,3709.0,3710.5,3708.25,3708.25,0.3333333333333333,2.9107142857142856,4.75,5.0,1.75,-1.0
ES,1h,bear (close==low),2018-09-12 16:00:00,3707.75,3708.25,3706.0,3706.0,0.7777777777777778,5.714285714285714,0.5,0.25,3.0,0.5
ES,1h,bear (close==low),2018-09-13 00:00:00,3687.0,3687.25,3685.25,3685.25,0.875,5.964285714285714,-0.25,2.25,6.0,5.25
ES,1h,bear (close==low),2018-09-17 00:00:00,3701.75,3702.0,3701.25,3701.25,0.6666666666666666,3.857142857142857,0.0,-0.75,0.0,0.25
ES,1h,bear (close==low),2018-09-18 19:00:00,3709.0,3709.5,3707.0,3707.0,0.8,4.821428571428571,-1.25,-2.0,0.5,-0.75
ES,1h,bear (close==low),2018-09-18 23:00:00,3707.75,3708.25,3705.0,3705.0,0.8461538461538461,4.714285714285714,1.25,1.75,2.0,-0.25
ES,1h,bear (close==low),2018-09-19 03:00:00,3707.25,3708.25,3705.25,3705.25,0.6666666666666666,3.0535714285714284,-0.5,-0.25,-0.25,-2.0
ES,1h,bear (close==low),2018-09-19 14:00:00,3709.0,3710.25,3707.5,3707.5,0.5454545454545454,3.767857142857143,1.5,3.75,3.5,3.75
ES,1h,bear (close==low),2018-09-21 06:00:00,3736.5,3737.0,3734.5,3734.5,0.8,2.4285714285714284,0.0,2.75,3.25,3.25
ES,1h,bear (close==low),2018-09-23 20:00:00,3722.75,3722.75,3720.75,3720.75,1.0,4.660714285714286,0.25,1.75,2.0,2.0
ES,1h,bear (close==low),2018-09-24 00:00:00,3722.75,3723.0,3722.0,3722.0,0.75,3.982142857142857,0.75,-1.0,-0.25,0.5
ES,1h,bear (close==low),2018-09-24 19:00:00,3720.75,3720.75,3720.0,3720.0,1.0,3.75,-1.0,-1.5,-0.5,0.0
ES,1h,bear (close==low),2018-09-24 21:00:00,3719.0,3720.0,3718.5,3718.5,0.3333333333333333,3.6785714285714284,1.0,1.25,1.5,2.25
ES,1h,bear (close==low),2018-09-28 01:00:00,3717.25,3717.5,3715.75,3715.75,0.8571428571428571,3.2142857142857144,-2.75,-3.5,0.0,-6.75
ES,1h,bear (close==low),2018-10-02 00:00:00,3721.0,3721.5,3720.5,3720.5,0.5,3.625,-1.0,-3.75,-0.25,-5.25
ES,1h,bear (close==low),2018-10-02 23:00:00,3729.75,3729.75,3726.75,3726.75,1.0,4.464285714285714,-0.25,-0.75,2.75,3.25
ES,1h,bear (close==low),2018-10-03 23:00:00,3716.0,3717.0,3712.75,3712.75,0.7647058823529411,5.214285714285714,2.0,-0.5,0.25,-2.5
ES,1h,bear (close==low),2018-10-05 11:00:00,3696.5,3696.75,3676.0,3676.0,0.9879518072289156,6.589285714285714,-0.75,2.0,9.25,13.75
ES,1h,bear (close==low),2018-10-07 21:00:00,3689.25,3692.5,3688.5,3688.5,0.1875,9.357142857142858,-1.25,0.25,1.0,-4.25
ES,1h,bear (close==low),2018-10-08 02:00:00,3689.0,3689.5,3684.25,3684.25,0.9047619047619048,6.357142857142857,-2.75,-6.5,-1.75,-0.75
ES,1h,bear (close==low),2018-10-08 04:00:00,3681.75,3683.25,3677.75,3677.75,0.7272727272727273,5.571428571428571,4.75,3.25,5.75,5.25
ES,1h,bear (close==low),2018-10-23 01:00:00,3528.0,3531.5,3523.25,3523.25,0.5757575757575758,8.589285714285714,-4.5,-3.75,-5.25,-4.75
ES,1h,bear (close==low),2018-10-25 00:00:00,3467.5,3467.5,3464.0,3464.0,1.0,16.0,-1.75,2.5,11.75,22.75
ES,1h,bear (close==low),2018-11-04 23:00:00,3511.25,3511.5,3510.25,3510.25,0.8,12.160714285714286,1.25,3.0,1.5,5.25
ES,1h,bear (close==low),2018-11-07 20:00:00,3610.5,3612.75,3606.0,3606.0,0.6666666666666666,8.607142857142858,2.5,3.5,4.0,0.0
ES,1h,bear (close==low),2018-11-08 12:00:00,3607.5,3610.0,3604.0,3604.0,0.5833333333333334,5.392857142857143,-0.75,-8.0,-1.75,-3.25
ES,1h,bear (close==low),2018-11-28 21:00:00,3531.5,3532.5,3529.25,3529.25,0.6923076923076923,9.553571428571429,3.25,4.25,0.75,0.75
ES,1h,bear (close==low),2018-12-05 09:00:00,3512.5,3513.75,3496.5,3496.5,0.927536231884058,6.0,-17.75,-20.75,-28.0,-32.75
ES,1h,bear (close==low),2018-12-20 18:00:00,3268.0,3274.75,3265.5,3265.5,0.2702702702702703,20.571428571428573,-1.25,-4.5,-1.25,-4.5
ES,1h,bear (close==low),2018-12-21 02:00:00,3270.75,3272.5,3266.5,3266.5,0.7083333333333334,15.535714285714286,-14.25,-10.25,-7.75,-6.75
ES,1h,bear (close==low),2018-12-21 03:00:00,3266.5,3267.75,3252.25,3252.25,0.9193548387096774,14.964285714285714,4.0,6.5,7.0,16.5
ES,1h,bear (close==low),2018-12-24 12:00:00,3155.0,3163.0,3134.25,3134.25,0.7217391304347827,17.214285714285715,-9.5,-5.75,-3.75,-18.5
ES,1h,bear (close==low),2018-12-27 03:00:00,3239.5,3241.0,3225.5,3225.5,0.9032258064516129,14.464285714285714,-19.0,-12.5,-10.0,-10.0
ES,1h,bear (close==low),2018-12-27 04:00:00,3225.75,3227.25,3206.5,3206.5,0.927710843373494,13.964285714285714,6.5,9.0,9.25,4.0
ES,1h,bear (close==low),2019-01-06 21:00:00,3324.25,3326.75,3321.5,3321.5,0.5238095238095238,14.178571428571429,1.25,0.25,-2.5,1.5
ES,1h,bear (close==low),2019-01-07 22:00:00,3342.75,3345.0,3342.25,3342.25,0.18181818181818182,9.696428571428571,3.75,-3.75,-1.25,5.0
ES,1h,bear (close==low),2019-01-08 02:00:00,3341.0,3344.0,3337.25,3337.25,0.5555555555555556,7.446428571428571,10.0,7.25,12.25,13.5
ES,1h,bear (close==low),2019-01-16 23:00:00,3390.75,3391.25,3389.0,3389.0,0.7777777777777778,6.714285714285714,-1.25,-4.25,-6.25,-5.0
ES,1h,bear (close==low),2019-01-20 22:00:00,3449.25,3449.5,3446.75,3446.75,0.9090909090909091,8.125,2.5,1.0,1.5,-2.25
ES,1h,bear (close==low),2019-01-22 05:00:00,3438.75,3439.75,3435.25,3435.25,0.7777777777777778,4.267857142857143,0.0,2.25,1.25,-8.5
ES,1h,bear (close==low),2019-01-28 18:00:00,3423.25,3424.0,3418.5,3418.5,0.8636363636363636,8.357142857142858,-6.0,-3.5,-4.5,-1.25
ES,1h,bear (close==low),2019-01-28 19:00:00,3418.5,3419.25,3412.5,3412.5,0.8888888888888888,8.571428571428571,2.5,1.5,3.25,8.5
ES,1h,bear (close==low),2019-01-29 01:00:00,3421.0,3422.75,3419.25,3419.25,0.5,6.571428571428571,-1.25,1.25,3.5,6.25
ES,1h,bear (close==low),2019-01-29 18:00:00,3431.5,3434.0,3427.75,3427.75,0.6,7.946428571428571,-1.5,-2.5,-2.5,-1.0
ES,1h,bear (close==low),2019-01-31 23:00:00,3487.25,3488.5,3486.5,3486.5,0.375,8.910714285714286,-1.5,2.5,3.5,0.75
ES,1h,bear (close==low),2019-02-01 09:00:00,3490.5,3491.75,3482.0,3482.0,0.8717948717948718,5.232142857142857,6.0,14.5,8.0,-0.75
ES,1h,bear (close==low),2019-02-10 18:00:00,3493.75,3495.75,3489.25,3489.25,0.6923076923076923,6.982142857142857,-2.5,-4.25,-0.75,-1.75
ES,1h,bear (close==low),2019-02-12 08:00:00,3510.0,3511.5,3509.0,3509.0,0.4,4.089285714285714,6.75,12.25,17.5,21.5
ES,1h,bear (close==low),2019-02-13 03:00:00,3536.0,3536.5,3533.75,3533.75,0.8181818181818182,4.214285714285714,-2.5,-1.25,1.25,3.0
ES,1h,bear (close==low),2019-02-14 16:00:00,3528.5,3529.75,3524.25,3524.25,0.7727272727272727,8.178571428571429,1.75,-3.5,-2.25,-6.75
ES,1h,bear (close==low),2019-02-17 22:00:00,3561.25,3563.5,3560.75,3560.75,0.18181818181818182,6.446428571428571,-0.25,-0.75,0.5,-2.5
ES,1h,bear (close==low),2019-02-21 00:00:00,3579.25,3580.25,3576.25,3576.25,0.75,6.321428571428571,-0.75,-2.5,-3.25,-3.5
ES,1h,bear (close==low),2019-02-26 10:00:00,3576.25,3583.25,3573.25,3573.25,0.3,4.214285714285714,7.25,3.5,4.75,3.75
ES,1h,bear (close==low),2019-02-28 00:00:00,3574.25,3575.0,3569.5,3569.5,0.8636363636363636,5.142857142857143,-1.5,-3.75,0.0,0.25
ES,1h,bear (close==low),2019-03-04 04:00:00,3598.25,3598.75,3593.25,3593.25,0.9090909090909091,4.285714285714286,0.75,2.25,2.75,5.25
ES,1h,bear (close==low),2019-03-07 19:00:00,3534.25,3534.75,3528.25,3528.25,0.9230769230769231,9.267857142857142,2.75,3.25,0.75,-2.25
ES,1h,bear (close==low),2019-03-08 07:00:00,3520.0,3522.25,3518.75,3518.75,0.35714285714285715,4.571428571428571,-7.75,-8.25,-6.0,-12.5
ES,1h,bear (close==low),2019-03-10 19:00:00,3527.75,3531.5,3526.5,3526.5,0.25,8.732142857142858,-5.75,2.0,2.25,4.25
ES,1h,bear (close==low),2019-03-12 20:00:00,3573.75,3575.75,3572.75,3572.75,0.3333333333333333,5.821428571428571,-3.75,-5.0,-3.25,1.0
ES,1h,bear (close==low),2019-03-17 20:00:00,3604.75,3606.0,3603.5,3603.5,0.5,5.642857142857143,0.0,5.5,5.25,7.0
ES,1h,bear (close==low),2019-03-18 08:00:00,3611.75,3611.75,3608.75,3608.75,1.0,2.6964285714285716,8.0,8.75,-0.25,5.25
ES,1h,bear (close==low),2019-03-18 23:00:00,3621.5,3622.25,3620.0,3620.0,0.6666666666666666,4.857142857142857,0.5,-0.25,1.25,5.5
ES,1h,bear (close==low),2019-03-19 03:00:00,3621.5,3621.5,3620.25,3620.25,1.0,2.9107142857142856,5.25,6.0,10.0,8.75
ES,1h,bear (close==low),2019-03-19 18:00:00,3615.25,3616.25,3612.0,3612.0,0.7647058823529411,7.267857142857143,0.75,-2.25,-4.0,0.5
ES,1h,bear (close==low),2019-03-20 08:00:00,3615.5,3617.25,3611.25,3611.25,0.7083333333333334,3.857142857142857,-5.75,-2.25,-11.25,-6.75
ES,1h,bear (close==low),2019-03-21 01:00:00,3607.5,3609.25,3605.75,3605.75,0.5,7.660714285714286,-5.25,-7.0,-5.0,-1.5
ES,1h,bear (close==low),2019-03-25 11:00:00,3584.75,3593.25,3580.5,3580.5,0.3333333333333333,8.410714285714286,1.5,-7.5,-1.75,5.75
ES,1h,bear (close==low),2019-03-25 18:00:00,3586.5,3587.0,3584.25,3584.25,0.8181818181818182,10.321428571428571,3.75,6.25,6.0,9.5
ES,1h,bear (close==low),2019-04-03 22:00:00,3660.25,3660.75,3657.75,3657.75,0.8333333333333334,5.607142857142857,-2.0,-2.25,-1.75,-3.0
ES,1h,bear (close==low),2019-04-05 00:00:00,3665.0,3665.75,3664.5,3664.5,0.4,4.839285714285714,0.75,1.75,0.5,0.75
ES,1h,bear (close==low),2019-04-08 20:00:00,3675.75,3678.0,3674.75,3674.75,0.3076923076923077,3.9642857142857144,-3.25,-0.75,-0.75,-1.0
ES,1h,bear (close==low),2019-04-09 07:00:00,3674.5,3674.75,3672.75,3672.75,0.875,2.267857142857143,-4.0,-10.25,-9.5,-8.0
ES,1h,bear (close==low),2019-04-15 19:00:00,3688.25,3688.75,3688.0,3688.0,0.3333333333333333,3.5357142857142856,2.25,1.0,2.25,3.5
ES,1h,bear (close==low),2019-04-23 02:00:00,3692.0,3692.5,3690.75,3690.75,0.7142857142857143,2.732142857142857,-2.75,-1.25,-2.75,1.0
ES,1h,bear (close==low),2019-04-23 08:00:00,3691.75,3694.75,3691.5,3691.5,0.07692307692307693,2.642857142857143,5.0,10.5,21.0,22.5
ES,1h,bear (close==low),2019-04-25 15:00:00,3712.0,3712.75,3706.0,3706.0,0.8888888888888888,5.910714285714286,-4.5,-4.0,-5.0,-5.75
ES,1h,bear (close==low),2019-04-25 19:00:00,3702.25,3703.5,3701.0,3701.0,0.5,6.089285714285714,-4.0,-0.75,-0.25,1.0
ES,1h,bear (close==low),2019-04-26 16:00:00,3719.5,3720.75,3717.0,3717.0,0.6666666666666666,6.071428571428571,2.25,1.5,2.25,3.25
ES,1h,bear (close==low),2019-04-29 02:00:00,3721.5,3722.0,3719.75,3719.75,0.7777777777777778,3.017857142857143,1.75,2.0,-1.0,-2.0
ES,1h,bear (close==low),2019-04-30 00:00:00,3718.0,3718.5,3717.25,3717.25,0.6,3.482142857142857,0.75,1.75,0.25,2.75
ES,1h,bear (close==low),2019-04-30 10:00:00,3714.75,3717.75,3713.0,3713.0,0.3684210526315789,3.3214285714285716,2.5,4.75,11.25,11.5
ES,1h,bear (close==low),2019-05-03 05:00:00,3705.25,3706.5,3703.0,3703.0,0.6428571428571429,3.357142857142857,0.0,2.75,8.0,14.25
ES,1h,bear (close==low),2019-05-09 22:00:00,3661.25,3661.75,3643.75,3643.75,0.9722222222222222,14.285714285714286,-5.75,-7.5,2.5,-0.5
ES,1h,bear (close==low),2019-05-21 16:00:00,3644.0,3645.5,3642.5,3642.5,0.5,6.571428571428571,3.25,2.75,-2.25,3.25
ES,1h,bear (close==low),2019-05-22 18:00:00,3635.75,3636.5,3634.75,3634.75,0.5714285714285714,7.232142857142857,-2.5,-6.0,-11.0,-9.75
ES,1h,bear (close==low),2019-05-23 02:00:00,3622.5,3623.0,3616.5,3616.5,0.9230769230769231,5.392857142857143,1.75,-2.0,-10.25,-5.0
ES,1h,bear (close==low),2019-05-26 19:00:00,3610.75,3613.0,3608.75,3608.75,0.47058823529411764,6.464285714285714,1.75,0.25,-1.25,-2.75
ES,1h,bear (close==low),2019-06-03 00:00:00,3516.5,3516.75,3513.0,3513.0,0.9333333333333333,7.625,5.0,5.25,-1.0,8.5
ES,1h,bear (close==low),2019-06-10 12:00:00,3682.25,3683.0,3673.5,3673.5,0.9210526315789473,4.982142857142857,-1.5,-1.0,-8.75,-6.25
ES,1h,bear (close==low),2019-06-11 06:00:00,3680.75,3682.25,3679.5,3679.5,0.45454545454545453,3.6785714285714284,1.0,4.5,1.25,-12.25
ES,1h,bear (close==low),2019-06-12 07:00:00,3659.75,3660.75,3656.0,3656.0,0.7894736842105263,4.517857142857143,2.25,7.5,2.25,3.25
ES,1h,bear (close==low),2019-06-12 11:00:00,3658.5,3660.5,3653.5,3653.5,0.7142857142857143,5.392857142857143,5.75,5.5,5.75,6.0
ES,1h,bear (close==low),2019-06-13 05:00:00,3668.5,3670.25,3666.5,3666.5,0.5333333333333333,6.089285714285714,5.75,2.0,2.25,-2.75
ES,1h,bear (close==low),2019-06-17 18:00:00,3672.0,3672.75,3671.0,3671.0,0.5714285714285714,4.589285714285714,-0.5,1.0,0.0,-1.0
ES,1h,bear (close==low),2019-06-19 02:00:00,3701.0,3702.0,3699.5,3699.5,0.6,3.8035714285714284,1.0,-2.25,0.25,1.5
ES,1h,bear (close==low),2019-06-21 16:00:00,3729.0,3732.0,3722.25,3722.25,0.6923076923076923,6.625,7.5,7.25,7.5,11.0
ES,1h,bear (close==low),2019-06-24 03:00:00,3733.25,3735.75,3731.0,3731.0,0.47368421052631576,4.553571428571429,0.75,0.75,-0.25,-0.5
ES,1h,bear (close==low),2019-06-28 00:00:00,3706.75,3708.0,3706.25,3706.25,0.2857142857142857,4.732142857142857,0.0,2.25,4.5,6.75
ES,1h,bear (close==low),2019-07-03 07:00:00,3761.5,3761.75,3759.25,3759.25,0.9,2.892857142857143,0.5,-0.5,5.0,14.0
ES,1h,bear (close==low),2019-07-09 21:00:00,3760.5,3761.0,3757.0,3757.0,0.875,4.178571428571429,0.5,-1.0,-2.25,-7.25
ES,1h,bear (close==low),2019-07-09 23:00:00,3757.25,3757.75,3756.0,3756.0,0.7142857142857143,4.071428571428571,-1.25,-1.75,-6.25,-4.25
ES,1h,bear (close==low),2019-07-16 02:00:00,3794.0,3794.0,3791.75,3791.75,1.0,2.517857142857143,0.25,1.5,-0.25,2.25
ES,1h,bear (close==low),2019-07-26 00:00:00,3787.75,3788.75,3787.5,3787.5,0.2,5.803571428571429,0.75,-0.75,-1.0,2.5
ES,1h,bear (close==low),2019-07-26 06:00:00,3790.25,3791.25,3788.75,3788.75,0.6,2.9107142857142856,0.75,-0.5,4.5,9.5
ES,1h,bear (close==low),2019-07-26 15:00:00,3802.0,3803.5,3800.75,3800.75,0.45454545454545453,3.767857142857143,-3.75,-2.25,-3.25,-4.25
ES,1h,bear (close==low),2019-07-29 13:00:00,3797.0,3798.0,3795.25,3795.25,0.6363636363636364,3.607142857142857,1.0,0.25,1.5,3.25
ES,1h,bear (close==low),2019-07-31 02:00:00,3792.75,3794.75,3788.5,3788.5,0.68,3.8214285714285716,2.25,3.25,4.25,3.5
ES,1h,bear (close==low),2019-08-01 06:00:00,3762.75,3763.5,3759.75,3759.75,0.8,6.303571428571429,-1.0,-2.75,6.25,24.0
ES,1h,bear (close==low),2019-08-06 18:00:00,3647.75,3649.75,3646.75,3646.75,0.3333333333333333,13.375,-3.75,-2.75,-7.75,-11.0
ES,1h,bear (close==low),2019-08-07 00:00:00,3635.5,3637.75,3633.75,3633.75,0.4375,11.25,6.25,13.0,20.0,27.0
ES,1h,bear (close==low),2019-08-07 20:00:00,3648.5,3651.75,3646.25,3646.25,0.4090909090909091,16.517857142857142,20.0,11.0,21.75,21.5
ES,1h,bear (close==low),2019-08-14 16:00:00,3615.25,3618.5,3609.75,3609.75,0.6285714285714286,14.339285714285714,-0.5,10.75,11.25,18.25
ES,1h,bear (close==low),2019-08-16 02:00:00,3642.75,3643.0,3636.75,3636.75,0.96,9.75,4.0,13.0,12.5,10.25
ES,1h,bear (close==low),2019-08-20 08:00:00,3700.5,3703.25,3696.0,3696.0,0.6206896551724138,5.339285714285714,-14.0,-3.0,-5.75,-8.5
ES,1h,bear (close==low),2019-08-21 13:00:00,3700.75,3702.0,3698.0,3698.0,0.6875,5.107142857142857,-3.25,1.0,8.25,11.0
ES,1h,bear (close==low),2019-08-23 02:00:00,3709.0,3710.75,3707.0,3707.0,0.5333333333333333,5.642857142857143,-1.25,0.5,-0.25,-1.0
ES,1h,bear (close==low),2019-08-30 10:00:00,3709.5,3714.75,3703.5,3703.5,0.5333333333333333,6.321428571428571,-6.5,-2.0,-7.0,-6.25
ES,1h,bear (close==low),2019-09-09 09:00:00,3764.5,3765.5,3755.0,3755.0,0.9047619047619048,3.8392857142857144,5.5,2.25,-4.0,-7.25
ES,1h,bear (close==low),2019-09-10 18:00:00,3753.0,3753.5,3750.0,3750.0,0.8571428571428571,8.035714285714286,1.25,-0.5,-3.75,2.75
ES,1h,bear (close==low),2019-09-10 21:00:00,3749.25,3750.25,3746.25,3746.25,0.75,7.767857142857143,4.0,6.5,9.5,9.5
ES,1h,bear (close==low),2019-09-16 19:00:00,3776.75,3778.5,3775.5,3775.5,0.4166666666666667,5.607142857142857,0.75,-6.5,-3.75,-4.5
ES,1h,bear (close==low),2019-09-17 00:00:00,3771.75,3772.0,3771.0,3771.0,0.75,4.857142857142857,-2.75,-1.75,0.75,-1.5
ES,1h,bear (close==low),2019-09-17 05:00:00,3771.25,3774.0,3769.5,3769.5,0.3888888888888889,4.035714285714286,-1.0,3.25,-0.25,1.5
ES,1h,bear (close==low),2019-09-18 00:00:00,3776.0,3776.5,3775.75,3775.75,0.3333333333333333,3.8392857142857144,0.25,0.25,1.5,0.25
ES,1h,bear (close==low),2019-09-19 06:00:00,3772.75,3775.0,3772.0,3772.0,0.25,4.732142857142857,4.5,13.75,17.0,21.25
ES,1h,bear (close==low),2019-09-22 21:00:00,3775.75,3778.25,3773.0,3773.0,0.5238095238095238,8.285714285714286,-0.25,0.25,-0.75,1.75
ES,1h,bear (close==low),2019-09-23 20:00:00,3779.5,3782.0,3779.25,3779.25,0.09090909090909091,5.839285714285714,-3.25,-1.0,-2.5,-1.5
ES,1h,bear (close==low),2019-09-27 12:00:00,3748.25,3749.25,3730.75,3730.75,0.9459459459459459,8.321428571428571,3.0,-9.5,4.25,8.5
ES,1h,bear (close==low),2019-09-30 14:00:00,3754.75,3755.25,3752.0,3752.0,0.8461538461538461,5.535714285714286,-2.25,4.5,3.25,7.75
ES,1h,bear (close==low),2019-10-03 18:00:00,3683.5,3684.25,3680.75,3680.75,0.7857142857142857,11.142857142857142,-1.75,-1.25,-1.25,-1.0
ES,1h,bear (close==low),2019-10-06 19:00:00,3712.75,3714.75,3711.5,3711.5,0.38461538461538464,10.160714285714286,-3.0,-1.25,-2.75,0.25
ES,1h,bear (close==low),2019-10-07 02:00:00,3711.0,3713.5,3709.75,3709.75,0.3333333333333333,5.910714285714286,0.25,-2.0,-0.75,6.0
ES,1h,bear (close==low),2019-10-08 02:00:00,3718.25,3722.0,3717.5,3717.5,0.16666666666666666,6.535714285714286,-12.0,-10.75,-16.5,-27.0
ES,1h,bear (close==low),2019-10-08 09:00:00,3690.5,3693.75,3674.75,3674.75,0.8289473684210527,7.517857142857143,5.0,-1.25,6.75,8.25
ES,1h,bear (close==low),2019-10-14 00:00:00,3750.5,3752.5,3748.5,3748.5,0.5,9.767857142857142,-2.0,-2.0,-9.75,-21.5
ES,1h,bear (close==low),2019-10-21 00:00:00,3767.5,3768.0,3766.75,3766.75,0.6,6.053571428571429,-2.5,-2.75,-0.5,0.25
ES,1h,bear (close==low),2019-10-21 21:00:00,3783.5,3786.25,3782.5,3782.5,0.26666666666666666,4.392857142857143,0.5,1.5,2.0,-1.75
ES,1h,bear (close==low),2019-10-23 02:00:00,3762.75,3763.75,3761.25,3761.25,0.6,5.821428571428571,0.75,3.5,3.0,-0.25
ES,1h,bear (close==low),2019-10-23 22:00:00,3778.5,3779.5,3777.0,3777.0,0.6,4.75,0.75,0.0,-0.25,3.75
ES,1h,bear (close==low),2019-10-25 03:00:00,3779.25,3781.75,3776.5,3776.5,0.5238095238095238,4.196428571428571,1.0,2.0,3.75,-2.0
ES,1h,bear (close==low),2019-10-25 07:00:00,3780.0,3780.25,3777.5,3777.5,0.9090909090909091,3.107142857142857,-3.0,2.5,12.25,16.5
ES,1h,bear (close==low),2019-10-29 05:00:00,3807.0,3807.75,3803.75,3803.75,0.8125,2.6607142857142856,2.75,1.25,3.25,12.0
ES,1h,bear (close==low),2019-10-29 18:00:00,3808.5,3809.5,3807.5,3807.5,0.5,5.928571428571429,0.25,-1.0,-2.75,-2.0
ES,1h,bear (close==low),2019-10-31 09:00:00,3814.5,3818.25,3807.75,3807.75,0.6428571428571429,4.75,-5.0,-6.25,-11.25,-10.0
ES,1h,bear (close==low),2019-11-03 22:00:00,3843.0,3843.5,3842.0,3842.0,0.6666666666666666,5.535714285714286,0.0,-0.25,0.25,3.25
ES,1h,bear (close==low),2019-11-05 19:00:00,3844.0,3844.75,3840.75,3840.75,0.8125,4.678571428571429,1.0,0.25,1.5,3.75
ES,1h,bear (close==low),2019-11-06 18:00:00,3849.25,3849.75,3846.0,3846.0,0.8666666666666667,5.321428571428571,0.0,-3.0,-2.5,-1.5
ES,1h,bear (close==low),2019-11-10 18:00:00,3862.5,3864.25,3860.75,3860.75,0.5,4.75,-1.5,-4.5,-5.75,-6.0
ES,1h,bear (close==low),2019-11-13 03:00:00,3858.0,3860.0,3856.25,3856.25,0.4666666666666667,4.142857142857143,-7.0,-4.0,-4.0,-1.0
ES,1h,bear (close==low),2019-11-18 18:00:00,3893.5,3893.75,3891.25,3891.25,0.9,4.392857142857143,-1.75,2.25,3.5,4.5
ES,1h,bear (close==low),2019-11-21 18:00:00,3876.0,3876.75,3873.25,3873.25,0.7857142857142857,6.535714285714286,3.75,8.0,6.5,6.75
ES,1h,bear (close==low),2019-11-22 00:00:00,3880.0,3881.5,3878.75,3878.75,0.45454545454545453,5.25,-0.25,0.25,6.75,2.5
ES,1h,bear (close==low),2019-11-24 22:00:00,3891.5,3892.0,3891.25,3891.25,0.3333333333333333,4.464285714285714,-1.0,1.0,0.75,0.25
ES,1h,bear (close==low),2019-12-01 23:00:00,3926.5,3926.5,3925.0,3925.0,1.0,3.4642857142857144,0.0,-1.0,-1.75,1.75
ES,1h,bear (close==low),2019-12-02 05:00:00,3927.0,3928.75,3926.25,3926.25,0.3,3.357142857142857,-5.5,-5.75,-8.0,-40.75
ES,1h,bear (close==low),2019-12-06 13:00:00,3922.0,3923.0,3920.5,3920.5,0.6,4.964285714285714,-1.0,-2.5,-2.0,-7.5
ES,1h,bear (close==low),2019-12-09 03:00:00,3916.75,3917.5,3915.0,3915.0,0.7,2.982142857142857,0.25,2.25,-1.5,-0.25
ES,1h,bear (close==low),2019-12-09 23:00:00,3909.25,3909.5,3908.0,3908.0,0.8333333333333334,4.125,0.75,1.0,1.25,-12.5
ES,1h,bear (close==low),2019-12-11 03:00:00,3906.25,3915.5,3904.25,3904.25,0.17777777777777778,4.446428571428571,2.0,2.5,4.75,8.0
ES,1h,bear (close==low),2019-12-12 00:00:00,3918.25,3918.5,3917.0,3917.0,0.8333333333333334,3.75,2.0,1.0,3.5,0.25
ES,1h,bear (close==low),2019-12-16 00:00:00,3953.25,3953.25,3952.0,3952.0,1.0,5.125,0.75,-0.25,2.5,1.5
ES,1h,bear (close==low),2019-12-16 02:00:00,3953.0,3954.25,3951.75,3951.75,0.5,3.1607142857142856,2.75,2.75,1.75,6.75
ES,1h,bear (close==low),2019-12-18 23:00:00,3966.75,3967.75,3966.25,3966.25,0.3333333333333333,3.3035714285714284,1.0,2.0,1.75,4.25
ES,1h,bear (close==low),2019-12-20 01:00:00,3979.75,3980.0,3978.25,3978.25,0.8571428571428571,2.8035714285714284,1.0,2.0,0.0,2.75
ES,1h,bear (close==low),2019-12-22 21:00:00,3997.25,3997.75,3996.5,3996.5,0.6,3.857142857142857,0.75,0.5,0.5,-0.75
ES,1h,bear (close==low),2019-12-23 01:00:00,3997.0,3997.0,3995.25,3995.25,1.0,2.75,0.5,1.5,2.0,4.25
ES,1h,bear (close==low),2019-12-25 23:00:00,3999.25,3999.25,3998.5,3998.5,1.0,2.107142857142857,0.5,0.5,1.0,1.25
ES,1h,bear (close==low),2019-12-26 05:00:00,3999.75,4000.0,3999.5,3999.5,0.5,1.3928571428571428,0.0,0.0,0.0,5.25
ES,1h,bear (close==low),2019-12-26 23:00:00,4018.5,4019.0,4017.75,4017.75,0.6,3.375,-0.25,-0.5,0.0,0.75
ES,1h,bear (close==low),2019-12-30 23:00:00,3996.25,3997.0,3996.0,3996.0,0.25,5.482142857142857,0.0,0.25,-2.25,-1.25
ES,1h,bear (close==low),2020-01-12 23:00:00,4042.75,4043.0,4042.25,4042.25,0.6666666666666666,5.571428571428571,0.5,0.25,-0.25,4.75
ES,1h,bear (close==low),2020-01-13 21:00:00,4062.0,4062.75,4060.25,4060.25,0.7,4.517857142857143,-2.25,-2.0,-3.0,-5.75
ES,1h,bear (close==low),2020-01-15 19:00:00,4066.0,4067.0,4064.25,4064.25,0.6363636363636364,6.571428571428571,1.75,1.0,1.25,4.5
ES,1h,bear (close==low),2020-01-16 23:00:00,4087.25,4087.75,4086.5,4086.5,0.6,3.892857142857143,1.25,1.0,3.5,6.75
ES,1h,bear (close==low),2020-01-22 07:00:00,4102.0,4104.0,4101.5,4101.5,0.2,3.4285714285714284,-1.0,2.0,-1.0,-3.25
ES,1h,bear (close==low),2020-01-22 13:00:00,4098.5,4100.75,4097.25,4097.25,0.35714285714285715,3.75,-0.25,-6.75,-11.0,-10.5
ES,1h,bear (close==low),2020-01-27 05:00:00,4022.0,4022.0,4008.25,4008.25,1.0,10.339285714285714,6.25,6.25,3.75,5.75
ES,1h,bear (close==low),2020-01-29 14:00:00,4055.5,4061.75,4052.75,4052.75,0.3055555555555556,6.732142857142857,-11.25,-13.0,-10.5,-18.5
ES,1h,bear (close==low),2020-01-31 00:00:00,4063.75,4065.25,4059.25,4059.25,0.75,11.714285714285714,-2.25,-7.75,-11.5,-18.0
ES,1h,bear (close==low),2020-02-04 21:00:00,4066.5,4066.5,4061.5,4061.5,1.0,8.017857142857142,1.25,2.75,-1.75,-0.75
ES,1h,bear (close==low),2020-02-07 05:00:00,4104.5,4105.75,4098.75,4098.75,0.8214285714285714,6.267857142857143,4.5,7.0,3.5,3.25
ES,1h,bear (close==low),2020-02-07 13:00:00,4105.5,4105.75,4096.25,4096.25,0.9736842105263158,8.267857142857142,0.75,-0.5,-4.25,-12.0
ES,1h,bear (close==low),2020-02-09 22:00:00,4100.25,4102.0,4096.0,4096.0,0.7083333333333334,10.642857142857142,-2.0,1.25,3.75,-4.5
ES,1h,bear (close==low),2020-02-13 12:00:00,4145.5,4149.75,4144.5,4144.5,0.19047619047619047,7.178571428571429,6.5,6.75,-1.0,-1.25
ES,1h,bear (close==low),2020-02-19 20:00:00,4164.25,4165.0,4157.5,4157.5,0.9,5.0,-5.25,-10.25,-6.0,-2.5
ES,1h,bear (close==low),2020-02-24 15:00:00,4017.25,4022.25,3994.5,3994.5,0.8198198198198198,20.303571428571427,1.5,14.25,22.25,22.0
ES,1h,bear (close==low),2020-02-27 05:00:00,3860.5,3864.5,3846.5,3846.5,0.7777777777777778,18.767857142857142,1.0,-10.0,-15.25,-22.5
ES,1h,bear (close==low),2020-03-05 21:00:00,3767.5,3769.25,3749.25,3749.25,0.9125,24.571428571428573,-1.0,-1.0,-2.25,3.25
ES,1h,bear (close==low),2020-03-08 21:00:00,3603.5,3608.0,3588.0,3588.0,0.775,42.589285714285715,0.0,0.0,-26.0,2.75
ES,1h,bear (close==low),2020-03-12 08:00:00,3372.5,3384.25,3370.0,3370.0,0.17543859649122806,36.517857142857146,-18.0,-29.0,-80.0,-37.75
ES,1h,bear (close==low),2020-03-15 18:00:00,3432.25,3450.75,3356.25,3356.25,0.8042328042328042,72.33928571428571,-120.0,-69.5,-34.25,-104.75
ES,1h,bear (close==low),2020-03-18 01:00:00,3202.75,3203.75,3194.25,3194.25,0.8947368421052632,50.69642857142857,13.25,-8.5,-0.25,-91.75
ES,1h,bear (close==low),2020-03-22 18:00:00,3021.0,3023.75,2974.75,2974.75,0.9438775510204082,54.160714285714285,16.75,5.5,22.75,24.5
ES,1h,bear (close==low),2020-05-11 01:00:00,3740.75,3740.75,3731.75,3731.75,1.0,9.839285714285714,5.5,7.25,-6.0,-21.25
ES,1h,bear (close==low),2020-05-13 14:00:00,3605.0,3615.75,3594.0,3594.0,0.5057471264367817,19.892857142857142,19.75,25.75,28.0,20.25
ES,1h,bear (close==low),2020-05-15 01:00:00,3651.25,3656.0,3645.75,3645.75,0.5365853658536586,15.785714285714286,1.75,15.75,11.25,-15.75
ES,1h,bear (close==low),2020-05-18 15:00:00,3754.75,3765.5,3747.0,3747.0,0.4189189189189189,12.696428571428571,-1.75,5.25,5.0,-6.75
ES,1h,bear (close==low),2020-05-27 08:00:00,3825.25,3831.0,3819.75,3819.75,0.4888888888888889,9.75,-23.5,-42.0,-27.0,-19.0
ES,1h,bear (close==low),2020-05-29 01:00:00,3832.5,3836.0,3829.0,3829.0,0.5,13.553571428571429,-3.0,-9.5,-8.5,2.75
ES,1h,bear (close==low),2020-06-03 02:00:00,3890.5,3895.5,3887.75,3887.75,0.3548387096774194,8.285714285714286,2.75,2.75,6.25,4.5
ES,1h,bear (close==low),2020-06-04 02:00:00,3912.0,3915.25,3906.25,3906.25,0.6388888888888888,7.589285714285714,3.75,0.75,-5.5,4.25
ES,1h,bear (close==low),2020-06-04 14:00:00,3912.5,3914.5,3899.0,3899.0,0.8709677419354839,11.321428571428571,11.75,15.5,15.75,15.25
ES,1h,bear (close==low),2020-06-12 07:00:00,3864.0,3872.0,3858.0,3858.0,0.42857142857142855,18.196428571428573,11.5,15.25,-34.0,-23.25
ES,1h,bear (close==low),2020-06-19 13:00:00,3914.5,3915.25,3889.5,3889.5,0.970873786407767,14.607142857142858,15.0,6.25,-20.5,-24.5
ES,1h,bear (close==low),2020-06-24 01:00:00,3935.75,3937.25,3930.25,3930.25,0.7857142857142857,11.535714285714286,1.5,-13.25,-21.5,-24.0
ES,1h,bear (close==low),2020-06-30 01:00:00,3865.0,3868.25,3853.25,3853.25,0.7833333333333333,10.375,-0.25,-2.5,-7.5,0.75
ES,1h,bear (close==low),2020-07-12 19:00:00,4006.0,4006.75,3997.75,3997.75,0.9166666666666666,13.839285714285714,4.0,7.75,6.5,5.5
ES,1h,bear (close==low),2020-07-13 02:00:00,4009.75,4014.0,4004.5,4004.5,0.5526315789473685,8.839285714285714,-3.25,-5.75,-1.25,8.5
ES,1h,bear (close==low),2020-07-17 03:00:00,4013.25,4015.75,4006.75,4006.75,0.7222222222222222,7.982142857142857,6.75,7.25,13.75,16.5
ES,1h,bear (close==low),2020-07-23 04:00:00,4092.75,4095.75,4086.5,4086.5,0.6756756756756757,9.089285714285714,2.5,1.25,0.5,-5.75
ES,1h,bear (close==low),2020-07-23 08:00:00,4087.0,4087.25,4073.5,4073.5,0.9818181818181818,8.446428571428571,7.25,-0.25,3.75,-27.25
ES,1h,bear (close==low),2020-07-30 02:00:00,4056.5,4058.5,4050.75,4050.75,0.7419354838709677,7.642857142857143,-12.25,-22.25,-15.0,-11.75
ES,1h,bear (close==low),2020-07-30 08:00:00,4039.0,4040.75,4023.75,4023.75,0.8970588235294118,9.285714285714286,-12.25,0.5,14.0,23.75
ES,1h,bear (close==low),2020-07-30 20:00:00,4078.5,4081.5,4068.75,4068.75,0.7647058823529411,16.232142857142858,10.5,0.0,2.0,-10.75
ES,1h,bear (close==low),2020-08-05 22:00:00,4136.75,4137.25,4127.25,4127.25,0.95,6.875,0.5,0.75,1.5,6.75
ES,1h,bear (close==low),2020-08-14 02:00:00,4186.75,4191.75,4184.75,4184.75,0.2857142857142857,7.0,-13.0,-21.0,-16.25,-7.5
ES,1h,bear (close==low),2020-08-21 16:00:00,4204.75,4207.25,4202.75,4202.75,0.4444444444444444,9.767857142857142,7.25,6.0,7.75,9.5
ES,1h,bear (close==low),2020-09-02 07:00:00,4361.0,4362.25,4357.25,4357.25,0.75,6.160714285714286,0.25,-9.25,2.5,9.25
ES,1h,bear (close==low),2020-09-04 06:00:00,4293.25,4295.5,4282.0,4282.0,0.8333333333333334,15.357142857142858,-21.25,-6.5,-36.0,-80.0
ES,1h,bear (close==low),2020-09-29 15:00:00,4155.25,4159.75,4145.75,4145.75,0.6785714285714286,12.285714285714286,5.25,10.0,11.75,21.5
ES,1h,bear (close==low),2020-10-08 23:00:00,4278.5,4281.25,4277.75,4277.75,0.21428571428571427,8.392857142857142,-0.75,-5.5,-9.75,-5.5
ES,1h,bear (close==low),2020-10-09 01:00:00,4276.75,4277.25,4272.25,4272.25,0.9,7.321428571428571,-4.25,-0.25,0.0,-3.25
ES,1h,bear (close==low),2020-10-19 07:00:00,4314.0,4315.0,4310.5,4310.5,0.7777777777777778,6.339285714285714,-3.5,-4.0,-17.25,-27.25
ES,1h,bear (close==low),2020-10-20 10:00:00,4269.75,4275.0,4257.25,4257.25,0.704225352112676,10.5,6.0,15.75,22.0,-2.0
ES,1h,bear (close==low),2020-11-01 22:00:00,4095.25,4097.25,4088.75,4088.75,0.7647058823529411,25.142857142857142,0.75,8.25,0.25,18.0
ES,1h,bear (close==low),2020-11-12 19:00:00,4356.0,4360.25,4348.5,4348.5,0.6382978723404256,15.482142857142858,-5.0,-0.5,-0.5,5.75
ES,1h,bear (close==low),2020-11-19 02:00:00,4394.0,4395.0,4386.0,4386.0,0.8888888888888888,11.875,-16.25,-15.75,-11.5,-3.5
ES,1h,bear (close==low),2020-11-26 05:00:00,4450.75,4453.0,4449.0,4449.0,0.4375,5.714285714285714,1.75,-0.25,0.25,-1.0
ES,1h,bear (close==low),2020-12-07 12:00:00,4515.75,4516.25,4510.0,4510.0,0.92,6.785714285714286,-4.75,-5.0,2.0,-6.25
ES,1h,bear (close==low),2020-12-08 22:01:00,4531.25,4532.0,4530.25,4530.25,0.5714285714285714,7.285714285714286,2.75,2.25,2.25,5.0
ES,1h,bear (close==low),2020-12-17 03:00:00,4543.75,4545.75,4541.5,4541.5,0.5294117647058824,6.0,1.5,2.0,1.75,-2.5
ES,1h,bear (close==low),2020-12-20 22:00:00,4532.0,4532.0,4527.25,4527.25,1.0,14.660714285714286,4.0,11.0,5.0,-11.75
ES,1h,bear (close==low),2020-12-22 08:00:00,4522.75,4524.75,4519.25,4519.25,0.6363636363636364,9.357142857142858,-5.75,-6.75,-13.75,-4.0
ES,1h,bear (close==low),2021-01-11 04:00:00,4626.5,4630.75,4622.5,4622.5,0.48484848484848486,10.0,7.25,6.25,3.5,2.0
ES,1h,bear (close==low),2021-01-22 16:00:00,4662.0,4665.25,4659.75,4659.75,0.4090909090909091,9.696428571428571,11.5,16.5,15.5,19.0
ES,1h,bear (close==low),2021-01-24 22:00:00,4681.0,4681.25,4678.75,4678.75,0.9,8.910714285714286,0.25,0.75,0.5,-3.0
ES,1h,bear (close==low),2021-02-02 06:00:00,4630.75,4632.5,4623.0,4623.0,0.8157894736842105,9.660714285714286,2.0,6.0,18.75,40.5
ES,1h,bear (close==low),2021-02-03 14:00:00,4666.0,4669.75,4663.0,4663.0,0.4444444444444444,9.5,-9.75,-0.75,-0.5,-5.75
ES,1h,bear (close==low),2021-02-04 06:00:00,4659.5,4660.5,4651.0,4651.0,0.8947368421052632,8.464285714285714,9.5,10.5,20.75,27.5
ES,1h,bear (close==low),2021-02-08 01:00:00,4726.25,4728.75,4725.75,4725.75,0.16666666666666666,6.607142857142857,-2.25,-6.75,-4.25,-2.5
ES,1h,bear (close==low),2021-02-15 18:00:00,4780.5,4781.75,4776.75,4776.75,0.75,3.142857142857143,6.25,9.25,10.0,11.0
ES,1h,bear (close==low),2021-02-22 00:00:00,4725.75,4728.25,4721.25,4721.25,0.6428571428571429,11.0,3.0,-14.5,-25.5,-17.5
ES,1h,bear (close==low),2021-03-09 22:00:00,4695.75,4697.75,4693.5,4693.5,0.5294117647058824,11.25,5.0,0.25,-3.25,13.0
ES,1h,bear (close==low),2021-03-18 18:00:00,4750.0,4755.75,4745.25,4745.25,0.4523809523809524,15.660714285714286,4.0,9.75,12.25,3.0
ES,1h,bear (close==low),2021-03-28 19:00:00,4796.25,4797.0,4790.25,4790.25,0.8888888888888888,13.25,-7.5,-6.5,-6.0,-7.75
ES,1h,bear (close==low),2021-04-01 06:00:00,4820.25,4820.25,4815.75,4815.75,1.0,5.553571428571429,5.75,8.25,11.25,19.25
ES,1h,bear (close==low),2021-04-04 22:00:00,4869.0,4870.0,4865.5,4865.5,0.7777777777777778,5.375,1.25,0.5,-1.5,-0.5
ES,1h,bear (close==low),2021-04-05 14:00:00,4909.0,4911.5,4904.25,4904.25,0.6551724137931034,6.946428571428571,2.75,5.25,8.25,2.0
ES,1h,bear (close==low),2021-04-08 02:00:00,4931.25,4931.75,4926.0,4926.0,0.9130434782608695,6.0,-3.0,-4.25,-4.0,-2.75
ES,1h,bear (close==low),2021-04-08 06:00:00,4922.0,4925.0,4921.0,4921.0,0.25,5.178571428571429,2.25,-0.25,-0.75,1.0
ES,1h,bear (close==low),2021-04-08 21:00:00,4941.0,4941.75,4934.0,4934.0,0.9032258064516129,6.071428571428571,-2.0,0.5,1.0,-4.0
ES,1h,bear (close==low),2021-04-11 19:00:00,4954.25,4955.25,4949.75,4949.75,0.8181818181818182,8.375,3.0,-1.0,-2.75,-4.25
ES,1h,bear (close==low),2021-04-20 03:00:00,5000.0,5004.75,4999.75,4999.75,0.05,5.428571428571429,-5.5,-20.25,-21.0,-20.25
ES,1h,bear (close==low),2021-04-29 00:00:00,5038.0,5041.0,5037.75,5037.75,0.07692307692307693,7.857142857142857,1.25,2.75,3.5,5.0
ES,1h,bear (close==low),2021-05-03 08:00:00,5034.25,5037.25,5031.5,5031.5,0.4782608695652174,5.964285714285714,6.75,-0.25,-0.25,-2.5
ES,1h,bear (close==low),2021-05-06 06:00:00,5002.0,5008.25,5001.5,5001.5,0.07407407407407407,7.339285714285714,0.75,-2.75,-10.75,10.5
ES,1h,bear (close==low),2021-05-18 13:00:00,4995.0,4998.0,4991.75,4991.75,0.52,7.464285714285714,-9.75,-29.5,-37.75,-43.25
ES,1h,bear (close==low),2021-05-18 19:00:00,4957.0,4962.25,4948.5,4948.5,0.6181818181818182,11.5,7.25,5.75,-3.5,-5.25
ES,1h,bear (close==low),2021-05-19 18:00:00,4947.0,4948.75,4939.25,4939.25,0.8157894736842105,17.375,0.5,8.75,8.25,8.75
ES,1h,bear (close==low),2021-05-20 21:00:00,5003.75,5005.75,4999.75,4999.75,0.6666666666666666,11.375,-0.25,-2.0,2.25,2.75
ES,1h,bear (close==low),2021-05-27 05:00:00,5021.5,5023.0,5020.0,5020.0,0.5,5.410714285714286,4.0,9.75,16.75,23.0
ES,1h,bear (close==low),2021-06-03 00:00:00,5048.25,5049.5,5047.25,5047.25,0.4444444444444444,5.607142857142857,0.75,-3.0,-8.75,-10.25
ES,1h,bear (close==low),2021-06-17 23:00:00,5067.0,5068.5,5066.5,5066.5,0.25,10.232142857142858,-1.75,-0.75,-1.75,-5.75
ES,1h,bear (close==low),2021-06-23 00:00:00,5092.0,5092.75,5090.75,5090.75,0.625,5.821428571428571,4.25,4.5,-2.0,-3.75
ES,1h,bear (close==low),2021-06-28 12:00:00,5120.25,5121.5,5116.25,5116.25,0.7619047619047619,5.25,3.25,7.75,13.5,10.75
ES,1h,bear (close==low),2021-06-29 21:00:00,5135.5,5137.25,5134.25,5134.25,0.4166666666666667,5.053571428571429,0.75,2.5,2.75,-1.25
ES,1h,bear (close==low),2021-06-30 22:00:00,5147.0,5147.0,5145.5,5145.5,1.0,5.464285714285714,-0.5,-1.0,-0.25,7.0
ES,1h,bear (close==low),2021-07-05 22:00:00,5193.75,5195.25,5191.5,5191.5,0.6,3.607142857142857,0.0,-0.25,-2.0,-2.5
ES,1h,bear (close==low),2021-07-06 10:00:00,5184.25,5185.5,5164.75,5164.75,0.9397590361445783,5.678571428571429,1.5,0.25,7.5,18.5
ES,1h,bear (close==low),2021-07-07 21:00:00,5197.25,5197.25,5191.75,5191.75,1.0,8.196428571428571,-1.0,-1.25,-1.0,-15.25
ES,1h,bear (close==low),2021-07-12 18:00:00,5226.25,5226.75,5223.0,5223.0,0.8666666666666667,6.982142857142857,3.5,3.75,2.75,0.75
ES,1h,bear (close==low),2021-07-13 00:00:00,5224.0,5224.0,5223.0,5223.0,1.0,4.446428571428571,-1.5,-2.5,-2.25,2.75
ES,1h,bear (close==low),2021-07-14 00:00:00,5207.5,5207.75,5202.0,5202.0,0.9565217391304348,7.303571428571429,-0.25,-1.5,3.5,9.5
ES,1h,bear (close==low),2021-07-14 01:00:00,5202.0,5205.5,5201.75,5201.75,0.06666666666666667,6.892857142857143,-1.25,3.75,4.75,11.0
ES,1h,bear (close==low),2021-07-19 22:00:00,5122.75,5124.0,5119.75,5119.75,0.7058823529411765,14.678571428571429,-10.5,-8.75,-6.0,0.75
ES,1h,bear (close==low),2021-07-21 00:00:00,5162.5,5165.0,5159.25,5159.25,0.5652173913043478,9.660714285714286,4.0,10.25,22.75,24.0
ES,1h,bear (close==low),2021-08-03 22:00:00,5260.75,5261.0,5259.5,5259.5,0.8333333333333334,9.75,0.25,1.25,2.75,-1.25
ES,1h,bear (close==low),2021-08-05 12:00:00,5262.0,5263.25,5257.5,5257.5,0.782608695652174,5.482142857142857,5.25,2.75,13.25,10.0
ES,1h,bear (close==low),2021-08-06 07:00:00,5272.75,5274.25,5272.5,5272.5,0.14285714285714285,2.767857142857143,-0.75,1.0,1.75,8.25
ES,1h,bear (close==low),2021-08-06 14:00:00,5279.5,5280.5,5273.5,5273.5,0.8571428571428571,5.428571428571429,5.25,6.0,-1.0,-8.25
ES,1h,bear (close==low),2021-08-12 22:00:00,5302.5,5304.75,5301.5,5301.5,0.3076923076923077,5.017857142857143,1.75,1.75,1.75,5.0
ES,1h,bear (close==low),2021-08-13 07:00:00,5305.75,5306.25,5304.75,5304.75,0.6666666666666666,2.5535714285714284,3.25,2.75,2.75,3.75
ES,1h,bear (close==low),2021-08-19 01:00:00,5239.5,5240.25,5231.25,5231.25,0.9166666666666666,10.714285714285714,-18.0,-19.25,-26.75,-21.5
ES,1h,bear (close==low),2021-08-23 01:00:00,5302.75,5303.75,5300.0,5300.0,0.7333333333333333,6.464285714285714,2.0,-3.0,-0.75,1.5
ES,1h,bear (close==low),2021-08-23 22:00:00,5333.0,5333.75,5331.5,5331.5,0.6666666666666666,6.107142857142857,0.5,0.75,2.5,3.75
ES,1h,bear (close==low),2021-08-25 00:00:00,5327.5,5328.25,5326.0,5326.0,0.6666666666666666,4.160714285714286,5.0,5.5,6.0,8.5
ES,1h,bear (close==low),2021-08-26 09:00:00,5337.5,5341.25,5334.5,5334.5,0.4444444444444444,4.964285714285714,-13.0,-7.0,-4.75,-14.5
ES,1h,bear (close==low),2021-09-01 08:00:00,5386.25,5388.75,5383.25,5383.25,0.5454545454545454,3.8214285714285716,-10.5,-4.5,-6.75,0.0
ES,1h,bear (close==low),2021-09-06 19:00:00,5390.25,5391.5,5388.25,5388.25,0.6153846153846154,3.4107142857142856,-0.75,-0.5,1.75,-0.5
ES,1h,bear (close==low),2021-09-22 23:00:00,5254.25,5256.5,5252.75,5252.75,0.4,12.017857142857142,1.75,3.5,11.25,22.0
ES,1h,bear (close==low),2021-09-24 13:00:00,5299.25,5300.5,5292.75,5292.75,0.8387096774193549,11.339285714285714,11.75,12.0,12.25,18.25
ES,1h,bear (close==low),2021-09-27 03:00:00,5324.0,5325.25,5316.0,5316.0,0.8648648648648649,7.625,1.0,-8.25,-15.5,-21.75
ES,1h,bear (close==low),2021-09-27 18:00:00,5288.75,5291.5,5284.5,5284.5,0.6071428571428571,10.678571428571429,4.25,-0.75,5.0,4.75
ES,1h,bear (close==low),2021-09-29 06:00:00,5234.5,5237.0,5229.5,5229.5,0.6666666666666666,10.428571428571429,-3.0,-9.75,-2.5,-8.0
ES,1h,bear (close==low),2021-10-19 08:00:00,5359.25,5359.5,5352.25,5352.25,0.9655172413793104,6.928571428571429,-2.5,9.75,13.5,15.25
ES,1h,bear (close==low),2021-10-20 23:00:00,5385.0,5385.25,5380.5,5380.5,0.9473684210526315,7.714285714285714,-2.75,-6.0,-8.5,-6.0
ES,1h,bear (close==low),2021-10-29 00:00:00,5433.0,5434.25,5428.5,5428.5,0.782608695652174,8.75,-2.25,-2.75,-1.5,-3.75
ES,1h,bear (close==low),2021-11-01 19:00:00,5466.5,5466.5,5462.25,5462.25,1.0,8.178571428571429,-0.25,-4.75,-7.75,-7.0
ES,1h,bear (close==low),2021-11-02 04:00:00,5463.25,5465.25,5459.5,5459.5,0.6521739130434783,5.928571428571429,2.75,5.25,5.75,15.75
ES,1h,bear (close==low),2021-11-14 21:00:00,5542.75,5544.0,5542.0,5542.0,0.375,8.267857142857142,-3.5,-2.75,-1.5,-3.25
ES,1h,bear (close==low),2021-11-17 07:00:00,5554.25,5556.5,5553.25,5553.25,0.3076923076923077,3.892857142857143,-2.0,-13.75,-4.75,-8.25
ES,1h,bear (close==low),2021-11-19 00:00:00,5578.5,5579.75,5576.75,5576.75,0.5833333333333334,8.982142857142858,2.25,1.5,-1.0,-18.0
ES,1h,bear (close==low),2021-11-21 23:00:00,5566.25,5569.0,5565.5,5565.5,0.21428571428571427,8.571428571428571,0.75,0.5,1.0,3.25
ES,1h,bear (close==low),2021-11-23 05:00:00,5534.25,5539.5,5533.75,5533.75,0.08695652173913043,12.410714285714286,2.75,1.25,4.0,-19.25
ES,1h,bear (close==low),2021-11-29 06:00:00,5493.25,5497.5,5490.0,5490.0,0.43333333333333335,16.0,2.0,13.0,8.25,18.0
ES,1h,bear (close==low),2021-12-13 08:00:00,5577.25,5580.5,5575.5,5575.5,0.35,5.946428571428571,-27.0,-37.25,-41.5,-37.25
ES,1h,bear (close==low),2021-12-30 00:00:00,5648.5,5649.25,5644.75,5644.75,0.8333333333333334,7.0,3.75,3.75,9.0,10.0
ES,1h,bear (close==low),2021-12-30 07:00:00,5659.0,5660.25,5656.25,5656.25,0.6875,5.267857142857143,-0.25,1.0,0.75,2.5
ES,1h,bear (close==low),2022-01-12 01:00:00,5581.0,5584.25,5577.25,5577.25,0.5357142857142857,11.107142857142858,-0.5,-15.0,-1.25,-3.5
ES,1h,bear (close==low),2022-01-17 05:00:00,5526.75,5531.75,5525.25,5525.25,0.23076923076923078,11.446428571428571,5.0,4.0,-1.75,-2.5
ES,1h,bear (close==low),2022-02-09 00:00:00,5400.75,5402.5,5397.5,5397.5,0.65,15.035714285714286,-2.25,-6.25,8.5,13.0
ES,1h,bear (close==low),2022-02-09 01:00:00,5397.75,5400.0,5395.25,5395.25,0.5263157894736842,13.142857142857142,-4.0,10.75,10.25,17.75
ES,1h,bear (close==low),2022-02-16 22:00:00,5332.75,5333.5,5315.5,5315.5,0.9583333333333334,16.071428571428573,-7.0,0.75,1.5,-4.0
ES,1h,bear (close==low),2022-02-22 02:00:00,5142.25,5149.5,5127.5,5127.5,0.6704545454545454,20.017857142857142,32.25,28.75,74.25,79.0
ES,1h,bear (close==low),2022-02-23 19:00:00,5083.5,5088.5,5056.25,5056.25,0.8449612403100775,23.339285714285715,12.5,-8.75,-64.75,-57.75
ES,1h,bear (close==low),2022-03-07 09:00:00,5177.0,5190.75,5146.5,5146.5,0.6892655367231638,24.410714285714285,-22.5,-36.25,-47.75,-60.5
ES,1h,bear (close==low),2022-03-24 18:00:00,5389.75,5390.75,5383.75,5383.75,0.8571428571428571,14.714285714285714,-0.25,-4.75,9.0,3.0
ES,1h,bear (close==low),2022-03-27 19:00:00,5402.5,5406.25,5400.0,5400.0,0.4,16.107142857142858,-4.25,-5.75,-1.5,-4.25
ES,1h,bear (close==low),2022-04-01 01:00:00,5416.25,5419.5,5413.0,5413.0,0.5,12.357142857142858,7.75,7.5,10.25,12.75
ES,1h,bear (close==low),2022-04-04 19:00:00,5448.5,5450.0,5446.75,5446.75,0.5384615384615384,10.589285714285714,-0.25,0.75,-0.5,0.5
ES,1h,bear (close==low),2022-04-05 20:00:00,5396.75,5399.25,5386.0,5386.0,0.8113207547169812,15.089285714285714,-0.25,3.75,2.0,7.5
ES,1h,bear (close==low),2022-04-06 16:00:00,5349.25,5351.0,5344.5,5344.5,0.7307692307692307,19.267857142857142,4.25,-9.25,-8.75,-6.75
ES,1h,bear (close==low),2022-04-10 19:00:00,5360.25,5361.0,5349.5,5349.5,0.9347826086956522,16.107142857142858,1.5,-11.5,-19.0,-23.25
ES,1h,bear (close==low),2022-05-17 06:00:00,4950.0,4957.25,4943.75,4943.75,0.46296296296296297,12.303571428571429,-6.0,-3.75,-14.25,-11.75
ES,1h,bear (close==low),2022-06-07 08:00:00,4961.75,4963.75,4953.0,4953.0,0.813953488372093,12.125,18.5,53.0,41.5,54.75
ES,1h,bear (close==low),2022-06-09 01:00:00,4985.0,4990.75,4977.75,4977.75,0.5576923076923077,12.982142857142858,8.0,10.25,26.5,31.75
ES,1h,bear (close==low),2022-06-16 13:00:00,4549.75,4562.5,4531.0,4531.0,0.5952380952380952,26.892857142857142,-10.0,11.75,20.5,18.0
ES,1h,bear (close==low),2022-06-17 01:00:00,4575.0,4580.0,4569.5,4569.5,0.5238095238095238,18.678571428571427,-8.5,3.25,5.75,4.5
ES,1h,bear (close==low),2022-06-21 11:00:00,4651.0,4652.75,4631.75,4631.75,0.9166666666666666,14.303571428571429,13.75,6.5,18.75,9.25
ES,1h,bear (close==low),2022-07-12 14:00:00,4730.75,4731.75,4711.5,4711.5,0.9506172839506173,15.839285714285714,-16.25,-16.5,-17.25,-12.0
ES,1h,bear (close==low),2022-07-20 16:00:00,4833.75,4839.25,4825.25,4825.25,0.6071428571428571,19.25,-2.0,2.75,2.75,0.5
ES,1h,bear (close==low),2022-07-22 00:00:00,4858.0,4859.25,4855.25,4855.25,0.6875,14.375,-2.75,5.25,2.0,4.75
ES,1h,bear (close==low),2022-08-05 02:00:00,5034.75,5034.75,5029.25,5029.25,1.0,7.410714285714286,1.25,-5.25,-3.75,-0.5
ES,1h,bear (close==low),2022-08-08 20:00:00,5024.0,5026.0,5018.5,5018.5,0.7333333333333333,15.660714285714286,-6.0,-0.5,6.25,2.75
ES,1h,bear (close==low),2022-08-09 20:00:00,5000.5,5001.75,4992.0,4992.0,0.8717948717948718,11.375,4.25,2.5,1.25,-1.75
ES,1h,bear (close==low),2022-08-22 00:00:00,5086.75,5087.25,5082.5,5082.5,0.8947368421052632,11.0,-1.25,-3.5,-22.0,-29.5
ES,1h,bear (close==low),2022-08-22 10:00:00,5041.5,5042.0,5022.75,5022.75,0.974025974025974,10.535714285714286,11.25,8.25,-9.75,-10.0
ES,1h,bear (close==low),2022-08-26 16:00:00,4930.5,4931.0,4914.25,4914.25,0.9701492537313433,21.285714285714285,-17.0,-29.5,-31.0,-20.0
ES,1h,bear (close==low),2022-08-29 04:00:00,4906.5,4908.25,4889.5,4889.5,0.9066666666666666,16.25,5.25,2.25,6.0,15.75
ES,1h,bear (close==low),2022-09-13 08:00:00,5014.25,5030.25,4895.0,4895.0,0.8817005545286506,16.232142857142858,-10.5,-35.5,-41.25,-35.75
ES,1h,bear (close==low),2022-09-16 01:00:00,4747.75,4749.75,4744.5,4744.5,0.6190476190476191,14.0,-3.25,-2.25,-8.0,3.75
ES,1h,bear (close==low),2022-09-20 07:00:00,4757.5,4762.0,4753.75,4753.75,0.45454545454545453,8.553571428571429,-7.75,-28.0,-20.25,-24.75
ES,1h,bear (close==low),2022-10-14 16:00:00,4454.5,4456.75,4451.75,4451.75,0.55,31.357142857142858,13.5,18.5,15.25,15.75
ES,1h,bear (close==low),2022-10-20 08:00:00,4570.25,4585.25,4549.5,4549.5,0.5804195804195804,18.446428571428573,17.5,46.5,29.0,-13.0
ES,1h,bear (close==low),2022-10-23 19:00:00,4649.25,4656.75,4641.75,4641.75,0.5,24.589285714285715,-2.75,-7.5,-11.25,-7.0
ES,1h,bear (close==low),2022-10-27 05:00:00,4707.0,4707.5,4696.25,4696.25,0.9555555555555556,11.625,-2.5,-4.0,14.5,1.25
ES,1h,bear (close==low),2022-10-31 09:00:00,4744.75,4750.0,4729.75,4729.75,0.7407407407407407,10.428571428571429,6.75,16.25,8.0,14.75
ES,1h,bear (close==low),2022-11-04 01:00:00,4592.0,4595.5,4589.5,4589.5,0.4166666666666667,12.660714285714286,12.0,0.25,11.5,23.75
ES,1h,bear (close==low),2022-11-07 21:00:00,4675.5,4675.5,4667.75,4667.75,1.0,14.357142857142858,3.75,0.0,-3.25,-5.0
ES,1h,bear (close==low),2022-11-14 00:00:00,4844.25,4846.0,4837.5,4837.5,0.7941176470588235,15.821428571428571,7.25,7.25,10.25,2.5
ES,1h,bear (close==low),2022-11-17 03:00:00,4839.0,4845.5,4831.5,4831.5,0.5357142857142857,9.75,-15.25,-30.5,-29.75,-60.5
ES,1h,bear (close==low),2022-11-25 02:00:00,4899.0,4901.0,4896.5,4896.5,0.5555555555555556,3.75,-1.0,-6.25,-2.25,-2.75
ES,1h,bear (close==low),2022-11-27 18:00:00,4875.5,4879.25,4871.25,4871.25,0.53125,7.714285714285714,-2.75,-11.0,-8.0,-9.25
ES,1h,bear (close==low),2022-12-05 09:00:00,4901.5,4910.75,4894.25,4894.25,0.4393939393939394,8.053571428571429,0.5,-23.75,-29.75,-44.0
ES,1h,bear (close==low),2022-12-06 19:00:00,4803.5,4805.5,4801.25,4801.25,0.5294117647058824,14.267857142857142,6.5,5.75,7.25,2.0
ES,1h,bear (close==low),2022-12-07 00:03:00,4807.5,4807.75,4803.25,4803.25,0.9444444444444444,11.178571428571429,-3.25,-4.5,1.25,-11.0
ES,1h,bear (close==low),2022-12-08 18:00:00,4819.75,4823.75,4817.75,4817.75,0.3333333333333333,13.589285714285714,-0.75,7.25,7.5,11.25
ES,1h,bear (close==low),2022-12-28 03:00:00,4689.5,4693.0,4683.75,4683.75,0.6216216216216216,7.964285714285714,-2.75,2.5,5.5,-2.25
ES,1h,bear (close==low),2023-01-04 12:00:00,4716.0,4718.5,4704.0,4704.0,0.8275862068965517,14.535714285714286,-0.75,-11.25,-6.0,-8.0
ES,1h,bear (close==low),2023-01-05 01:00:00,4695.75,4697.5,4687.0,4687.0,0.8333333333333334,15.178571428571429,-1.25,1.0,8.25,15.25
ES,1h,bear (close==low),2023-01-12 19:00:00,4828.0,4831.75,4827.0,4827.0,0.21052631578947367,21.767857142857142,-5.75,-9.25,-9.75,-9.0
ES,1h,bear (close==low),2023-01-19 03:00:00,4760.75,4768.0,4754.0,4754.0,0.48214285714285715,8.089285714285714,-2.0,-5.0,-12.0,-12.5
ES,1h,bear (close==low),2023-01-19 18:00:00,4748.5,4749.0,4741.5,4741.5,0.9333333333333333,14.875,5.5,7.0,3.5,6.25
ES,1h,bear (close==low),2023-02-09 21:00:00,4916.75,4917.0,4910.75,4910.75,0.96,13.642857142857142,-2.0,-2.75,0.25,2.25
ES,1h,bear (close==low),2023-02-16 04:00:00,4982.0,4988.0,4979.75,4979.75,0.2727272727272727,6.553571428571429,-1.25,-1.0,-9.5,-51.75
ES,1h,bear (close==low),2023-02-23 01:00:00,4839.5,4841.5,4838.75,4838.75,0.2727272727272727,9.5,-0.75,3.0,0.0,4.25
ES,1h,bear (close==low),2023-02-24 03:00:00,4833.75,4836.25,4830.5,4830.5,0.5652173913043478,8.5,-1.25,-4.0,-13.0,-39.5
ES,1h,bear (close==low),2023-02-27 05:00:00,4816.5,4821.0,4816.25,4816.25,0.05263157894736842,7.160714285714286,1.5,0.25,17.75,10.5
ES,1h,bear (close==low),2023-02-27 22:00:00,4819.0,4819.5,4817.25,4817.25,0.7777777777777778,11.839285714285714,-2.25,-6.25,-3.0,-13.25
ES,1h,bear (close==low),2023-02-28 02:00:00,4814.25,4814.25,4800.5,4800.5,1.0,7.803571428571429,3.5,5.5,15.25,24.5
ES,1h,bear (close==low),2023-03-07 02:00:00,4880.25,4882.25,4878.0,4878.0,0.5294117647058824,6.303571428571429,4.25,3.5,5.25,2.0
ES,1h,bear (close==low),2023-03-07 04:00:00,4882.5,4887.25,4881.5,4881.5,0.17391304347826086,5.0,1.75,-1.25,-1.5,-7.75
ES,1h,bear (close==low),2023-03-07 08:00:00,4880.25,4883.25,4879.0,4879.0,0.29411764705882354,4.357142857142857,-5.25,-45.0,-50.5,-65.75
ES,1h,bear (close==low),2023-03-08 00:01:00,4813.0,4814.25,4810.75,4810.75,0.6428571428571429,11.946428571428571,3.0,0.5,5.25,8.75
ES,1h,bear (close==low),2023-03-13 19:00:00,4687.5,4688.0,4678.25,4678.25,0.9487179487179487,32.357142857142854,6.5,8.5,16.25,15.75
ES,1h,bear (close==low),2023-04-04 21:00:00,4918.25,4920.0,4915.75,4915.75,0.5882352941176471,9.696428571428571,3.5,1.0,-0.5,0.75
ES,1h,bear (close==low),2023-04-05 16:00:00,4903.0,4903.75,4900.25,4900.25,0.7857142857142857,10.107142857142858,0.25,-1.0,-3.75,-6.25
ES,1h,bear (close==low),2023-04-14 00:00:00,4957.25,4957.75,4956.0,4956.0,0.7142857142857143,7.392857142857143,0.75,-1.75,0.75,-4.0
ES,1h,bear (close==low),2023-04-17 16:00:00,4963.0,4966.25,4962.5,4962.5,0.13333333333333333,8.857142857142858,-0.25,-0.25,-2.25,-0.5
ES,1h,bear (close==low),2023-04-20 07:00:00,4937.5,4939.5,4932.75,4932.75,0.7037037037037037,6.071428571428571,3.25,3.5,14.5,19.75
ES,1h,bear (close==low),2023-04-21 00:00:00,4940.5,4940.75,4937.0,4937.0,0.9333333333333333,8.589285714285714,0.25,-5.0,-3.0,-0.5
ES,1h,bear (close==low),2023-04-28 02:00:00,4939.25,4939.5,4931.0,4931.0,0.9705882352941176,8.642857142857142,-3.25,-10.0,-6.25,-7.5
ES,1h,bear (close==low),2023-05-11 19:00:00,4934.25,4934.5,4931.75,4931.75,0.9090909090909091,11.642857142857142,5.5,7.0,4.0,7.25
ES,1h,bear (close==low),2023-05-14 18:00:00,4918.0,4919.25,4914.75,4914.75,0.7222222222222222,11.053571428571429,3.25,-0.25,6.75,8.25
ES,1h,bear (close==low),2023-05-15 23:00:00,4929.5,4930.5,4928.0,4928.0,0.6,8.196428571428571,-0.25,-2.25,-3.75,5.25
ES,1h,bear (close==low),2023-05-17 20:00:00,4955.5,4958.0,4953.75,4953.75,0.4117647058823529,10.089285714285714,-1.0,2.25,1.25,0.0
ES,1h,bear (close==low),2023-05-24 05:00:00,4941.75,4943.5,4934.75,4934.75,0.8,6.5,-4.75,-8.25,-10.25,-28.75
ES,1h,bear (close==low),2023-05-25 06:00:00,4941.25,4942.0,4935.0,4935.0,0.8928571428571429,10.607142857142858,3.5,14.5,-4.5,-4.75
ES,1h,bear (close==low),2023-05-28 23:00:00,5010.75,5012.5,5007.75,5007.75,0.631578947368421,11.875,2.75,5.0,9.5,5.25
ES,1h,bear (close==low),2023-05-30 16:00:00,5000.5,5003.25,4999.5,4999.5,0.26666666666666666,11.232142857142858,-0.5,2.5,1.5,-6.25
ES,1h,bear (close==low),2023-06-06 01:00:00,5068.0,5070.25,5065.5,5065.5,0.5263157894736842,7.660714285714286,-3.75,2.25,-3.5,-2.25
ES,1h,bear (close==low),2023-06-08 06:00:00,5062.75,5064.75,5059.0,5059.0,0.6521739130434783,4.678571428571429,1.0,2.5,-1.75,13.75
ES,1h,bear (close==low),2023-06-09 00:00:00,5081.75,5081.75,5079.25,5079.25,1.0,6.517857142857143,2.5,-0.75,-2.25,-0.25
ES,1h,bear (close==low),2023-06-14 19:00:00,5166.0,5166.75,5163.0,5163.0,0.8,11.928571428571429,0.75,-6.5,-4.75,-1.5
ES,1h,bear (close==low),2023-06-28 21:00:00,5170.0,5172.0,5167.75,5167.75,0.5294117647058824,10.910714285714286,-3.0,-4.25,-4.75,-7.5
ES,1h,bear (close==low),2023-06-28 22:00:00,5168.0,5168.25,5164.75,5164.75,0.9285714285714286,10.678571428571429,-1.25,-1.75,-2.0,-4.75
ES,1h,bear (close==low),2023-06-29 22:00:00,5182.5,5185.25,5182.0,5182.0,0.15384615384615385,8.964285714285714,-2.0,-1.25,2.25,1.5
ES,1h,bear (close==low),2023-07-03 01:00:00,5231.75,5233.0,5230.5,5230.5,0.5,6.392857142857143,-1.0,1.25,3.5,2.0
ES,1h,bear (close==low),2023-07-11 03:00:00,5195.5,5197.0,5187.5,5187.5,0.8421052631578947,5.428571428571429,-2.25,6.0,3.25,11.75
ES,1h,bear (close==low),2023-07-18 16:00:00,5331.0,5331.0,5326.0,5326.0,1.0,8.178571428571429,2.0,3.0,2.5,2.5
ES,1h,bear (close==low),2023-07-26 00:00:00,5338.5,5340.5,5337.75,5337.75,0.2727272727272727,7.178571428571429,1.25,4.0,4.25,-2.75
ES,1h,bear (close==low),2023-07-26 16:00:00,5339.25,5350.25,5335.25,5335.25,0.26666666666666666,11.178571428571429,3.0,4.75,8.75,14.0
ES,1h,bear (close==low),2023-07-27 14:00:00,5342.25,5343.75,5308.75,5308.75,0.9571428571428572,11.464285714285714,-1.5,1.5,2.0,4.25
ES,1h,bear (close==low),2023-08-10 00:00:00,5245.75,5247.25,5244.0,5244.0,0.5384615384615384,11.232142857142858,2.5,1.0,11.25,10.25
ES,1h,bear (close==low),2023-08-10 02:00:00,5246.5,5249.5,5245.0,5245.0,0.3333333333333333,8.857142857142858,10.25,9.0,9.25,3.75
ES,1h,bear (close==low),2023-08-15 02:00:00,5255.5,5259.0,5250.0,5250.0,0.6111111111111112,7.142857142857143,-22.25,-16.25,-21.0,-32.75
ES,1h,bear (close==low),2023-08-17 00:00:00,5166.0,5167.25,5164.75,5164.75,0.5,10.410714285714286,-3.75,3.75,2.25,7.25
ES,1h,bear (close==low),2023-08-22 08:00:00,5179.75,5183.0,5173.75,5173.75,0.6486486486486487,6.392857142857143,-15.5,-14.25,-25.25,-30.5
ES,1h,bear (close==low),2023-08-25 00:00:00,5130.25,5132.25,5130.0,5130.0,0.1111111111111111,12.5,2.75,-4.75,2.75,3.75
ES,1h,bear (close==low),2023-08-27 23:00:00,5163.75,5163.75,5158.75,5158.75,1.0,17.089285714285715,2.0,7.0,5.5,5.75
ES,1h,bear (close==low),2023-08-30 00:00:00,5257.0,5258.0,5254.75,5254.75,0.6923076923076923,8.821428571428571,-2.25,-6.0,-4.5,-13.0
ES,1h,bear (close==low),2023-09-04 10:00:00,5269.5,5270.0,5258.5,5258.5,0.9565217391304348,4.464285714285714,3.0,3.25,3.25,-2.0
ES,1h,bear (close==low),2023-09-05 23:01:00,5242.75,5242.75,5240.5,5240.5,1.0,7.75,1.25,3.25,-1.75,-3.75
ES,1h,bear (close==low),2023-09-07 07:00:00,5199.75,5202.75,5194.25,5194.25,0.6470588235294118,5.392857142857143,-14.25,-10.25,-4.5,0.5
ES,1h,bear (close==low),2023-09-08 00:00:00,5200.25,5200.25,5197.25,5197.25,1.0,7.946428571428571,8.25,11.25,8.25,-9.25
ES,1h,bear (close==low),2023-09-08 04:00:00,5205.75,5208.0,5191.75,5191.75,0.8615384615384616,7.25,-3.75,2.5,0.75,16.0
ES,1h,bear (close==low),2023-09-18 00:00:00,5200.0,5201.0,5199.5,5199.5,0.3333333333333333,7.946428571428571,-0.75,-2.75,0.0,-3.0
ES,1h,bear (close==low),2023-09-18 23:00:00,5195.5,5197.0,5195.0,5195.0,0.25,6.553571428571429,-1.75,-2.75,-2.75,4.75
ES,1h,bear (close==low),2023-09-20 21:00:00,5130.75,5132.5,5128.5,5128.5,0.5625,10.428571428571429,-1.5,1.25,-0.25,3.5
ES,1h,bear (close==low),2023-09-25 10:00:00,5056.5,5058.0,5042.5,5042.5,0.9032258064516129,10.357142857142858,21.0,19.25,23.25,30.25
ES,1h,bear (close==low),2023-09-29 04:00:00,5048.75,5053.0,5047.0,5047.0,0.2916666666666667,8.732142857142858,5.0,5.0,-1.0,13.0
ES,1h,bear (close==low),2023-09-29 13:00:00,5028.25,5028.25,5007.5,5007.5,1.0,12.946428571428571,20.75,12.0,15.75,31.0
ES,1h,bear (close==low),2023-10-03 06:00:00,5020.5,5026.0,5016.75,5016.75,0.40540540540540543,6.607142857142857,-18.5,-28.5,-9.5,-61.5
ES,1h,bear (close==low),2023-10-05 04:00:00,4980.25,4988.75,4977.0,4977.0,0.2765957446808511,8.303571428571429,-1.25,8.25,15.0,4.75
ES,1h,bear (close==low),2023-10-10 20:00:00,5086.75,5089.75,5085.5,5085.5,0.29411764705882354,10.214285714285714,0.25,2.0,2.0,0.25
ES,1h,bear (close==low),2023-10-17 19:00:00,5090.25,5091.5,5086.0,5086.0,0.7727272727272727,14.446428571428571,-4.75,-0.5,2.75,3.25
ES,1h,bear (close==low),2023-10-18 02:00:00,5092.25,5092.75,5083.0,5083.0,0.9487179487179487,9.410714285714286,3.0,5.75,-2.25,-5.0
ES,1h,bear (close==low),2023-10-22 22:00:00,4953.25,4953.75,4947.5,4947.5,0.92,14.696428571428571,1.75,3.75,4.5,-14.25
ES,1h,bear (close==low),2023-10-27 02:00:00,4876.5,4877.0,4871.5,4871.5,0.9090909090909091,13.232142857142858,-1.0,6.5,0.5,-15.0
ES,1h,bear (close==low),2023-11-02 23:00:00,5027.75,5028.75,5026.0,5026.0,0.6363636363636364,9.946428571428571,0.5,2.0,0.25,-2.5
ES,1h,bear (close==low),2023-11-14 23:00:00,5216.0,5216.75,5214.75,5214.75,0.625,9.892857142857142,2.5,3.25,-1.25,0.0
ES,1h,bear (close==low),2023-11-16 18:00:00,5221.75,5222.25,5218.25,5218.25,0.875,10.089285714285714,1.75,2.5,3.75,4.25
ES,1h,bear (close==low),2023-11-20 00:00:00,5216.75,5218.0,5214.0,5214.0,0.6875,6.178571428571429,0.75,3.0,4.5,9.75
ES,1h,bear (close==low),2023-11-27 00:00:00,5249.25,5250.25,5246.0,5246.0,0.7647058823529411,4.714285714285714,2.75,7.25,8.75,12.75
ES,1h,bear (close==low),2023-11-27 22:00:00,5257.25,5257.75,5254.75,5254.75,0.8333333333333334,6.392857142857143,0.0,1.25,2.75,-6.0
ES,1h,bear (close==low),2023-11-28 06:00:00,5253.25,5254.25,5249.75,5249.75,0.7777777777777778,4.071428571428571,-4.0,-2.25,-5.25,19.0
ES,1h,bear (close==low),2023-12-06 01:00:00,5282.25,5282.75,5279.5,5279.5,0.8461538461538461,6.714285714285714,0.25,-1.0,-2.0,-3.0
ES,1h,bear (close==low),2023-12-07 03:00:00,5248.5,5250.75,5244.25,5244.25,0.6538461538461539,5.285714285714286,4.75,5.0,6.25,18.75
ES,1h,bear (close==low),2023-12-18 01:00:00,5425.0,5426.25,5423.5,5423.5,0.5454545454545454,6.696428571428571,-1.75,-2.0,-0.75,-5.0
ES,1h,bear (close==low),2023-12-26 19:00:00,5470.25,5470.5,5467.5,5467.5,0.9166666666666666,5.339285714285714,1.25,0.75,-0.25,3.25
ES,1h,bear (close==low),2023-12-27 23:00:00,5483.25,5484.75,5482.0,5482.0,0.45454545454545453,6.857142857142857,1.5,2.0,1.5,-4.75
ES,1h,bear (close==low),2023-12-28 08:00:00,5477.25,5479.5,5473.0,5473.0,0.6538461538461539,3.392857142857143,6.25,5.25,3.25,5.0
ES,1h,bear (close==low),2024-01-02 14:00:00,5425.5,5426.75,5413.25,5413.25,0.9074074074074074,11.375,17.5,18.75,18.75,16.5
ES,1h,bear (close==low),2024-01-03 03:00:00,5428.75,5432.5,5425.0,5425.0,0.5,5.857142857142857,-6.0,-5.0,-8.75,-15.0
ES,1h,bear (close==low),2024-01-03 04:00:00,5425.25,5426.5,5419.0,5419.0,0.8333333333333334,5.696428571428571,1.0,-2.75,-8.5,-16.0
ES,1h,bear (close==low),2024-01-12 00:00:00,5451.25,5453.75,5450.5,5450.5,0.23076923076923078,11.214285714285714,3.5,-5.0,10.75,4.0
ES,1h,bear (close==low),2024-01-15 03:00:00,5460.5,5465.0,5454.0,5454.0,0.5909090909090909,6.607142857142857,1.5,2.5,0.5,-0.5
ES,1h,bear (close==low),2024-01-17 00:00:00,5433.0,5433.0,5427.75,5427.75,1.0,9.857142857142858,-8.25,-8.5,-10.75,-7.75
ES,1h,bear (close==low),2024-01-22 22:00:00,5524.75,5527.0,5523.5,5523.5,0.35714285714285715,8.339285714285714,1.75,1.5,2.75,-1.5
ES,1h,bear (close==low),2024-01-25 21:00:00,5555.25,5559.0,5553.75,5553.75,0.2857142857142857,11.178571428571429,-0.5,-7.75,-4.25,-10.75
ES,1h,bear (close==low),2024-01-26 16:00:00,5560.5,5560.75,5556.25,5556.25,0.9444444444444444,11.160714285714286,-8.5,-6.5,-0.75,-0.75
ES,1h,bear (close==low),2024-01-30 01:00:00,5597.75,5598.5,5594.5,5594.5,0.8125,6.964285714285714,-1.75,1.75,-1.5,-2.0
ES,1h,bear (close==low),2024-02-06 22:00:00,5623.25,5624.0,5619.0,5619.0,0.85,9.160714285714286,-0.25,-0.5,-1.0,-1.25
ES,1h,bear (close==low),2024-02-08 23:00:00,5660.0,5660.25,5658.25,5658.25,0.875,5.535714285714286,-1.0,-0.75,2.75,5.5
ES,1h,bear (close==low),2024-02-12 03:00:00,5686.0,5688.0,5684.5,5684.5,0.42857142857142855,3.7857142857142856,2.5,3.5,3.75,0.5
ES,1h,bear (close==low),2024-02-12 22:00:00,5678.5,5678.5,5676.0,5676.0,1.0,8.553571428571429,0.25,1.25,5.25,-7.5
ES,1h,bear (close==low),2024-02-14 10:00:00,5641.5,5652.5,5632.0,5632.0,0.4634146341463415,7.732142857142857,-6.25,2.5,6.5,29.5
ES,1h,bear (close==low),2024-02-16 00:00:00,5688.0,5689.5,5686.5,5686.5,0.5,7.642857142857143,3.75,4.0,9.75,14.25
ES,1h,bear (close==low),2024-02-26 07:00:00,5743.0,5743.75,5739.5,5739.5,0.8235294117647058,5.196428571428571,9.0,6.75,-0.5,-2.5
ES,1h,bear (close==low),2024-02-27 18:00:00,5734.25,5734.75,5730.75,5730.75,0.875,8.339285714285714,-0.25,1.25,2.5,0.5
ES,1h,bear (close==low),2024-02-27 19:00:00,5731.0,5732.0,5730.5,5730.5,0.3333333333333333,7.732142857142857,1.5,2.75,3.75,-0.25
ES,1h,bear (close==low),2024-02-29 23:00:00,5756.0,5756.25,5753.25,5753.25,0.9166666666666666,10.410714285714286,1.25,3.75,4.0,-1.25
ES,1h,bear (close==low),2024-03-04 07:00:00,5783.0,5785.0,5781.5,5781.5,0.42857142857142855,3.4107142857142856,-4.0,2.25,4.25,7.0
ES,1h,bear (close==low),2024-03-06 18:00:00,5757.75,5758.5,5753.0,5753.0,0.8636363636363636,11.857142857142858,-5.75,-13.5,-14.25,-8.25
ES,1h,bear (close==low),2024-03-07 02:00:00,5742.5,5743.5,5737.0,5737.0,0.8461538461538461,10.017857142857142,6.0,18.75,30.25,30.75
ES,1h,bear (close==low),2024-03-19 19:00:00,5821.75,5822.75,5820.25,5820.25,0.6,11.214285714285714,-1.75,-4.0,-2.0,-3.5
ES,1h,bear (close==low),2024-03-20 00:00:00,5818.25,5819.5,5816.75,5816.75,0.5454545454545454,8.017857142857142,1.5,1.75,3.25,3.5
ES,1h,bear (close==low),2024-03-25 01:00:00,5870.75,5871.75,5868.0,5868.0,0.7333333333333333,6.107142857142857,-1.25,-0.75,3.25,-6.5
ES,1h,bear (close==low),2024-03-25 22:00:00,5867.25,5868.5,5866.25,5866.25,0.4444444444444444,5.285714285714286,-1.75,-0.5,1.75,3.5
ES,1h,bear (close==low),2024-04-01 11:00:00,5877.75,5878.75,5865.25,5865.25,0.9259259259259259,6.589285714285714,8.25,6.5,7.75,10.25
ES,1h,bear (close==low),2024-04-02 21:00:00,5836.0,5836.5,5833.25,5833.25,0.8461538461538461,9.464285714285714,1.0,3.5,2.0,-0.25
ES,1h,bear (close==low),2024-04-04 01:00:00,5862.25,5862.5,5858.75,5858.75,0.9333333333333333,7.678571428571429,-1.0,3.75,4.0,8.5
ES,1h,bear (close==low),2024-04-09 01:00:00,5839.0,5840.75,5837.75,5837.75,0.4166666666666667,6.803571428571429,-0.5,-7.0,-3.0,-6.25
ES,1h,bear (close==low),2024-04-11 04:00:00,5787.5,5789.75,5776.5,5776.5,0.8301886792452831,9.232142857142858,0.0,-0.25,-12.75,12.75
ES,1h,bear (close==low),2024-04-11 23:00:00,5827.25,5829.75,5826.0,5826.0,0.3333333333333333,12.660714285714286,0.0,-0.75,2.25,-4.5
ES,1h,bear (close==low),2024-04-24 14:00:00,5697.25,5697.75,5676.75,5676.75,0.9761904761904762,13.053571428571429,12.5,-15.25,-20.75,-14.0
ES,1h,bear (close==low),2024-04-29 22:00:00,5724.75,5726.0,5723.5,5723.5,0.5,9.214285714285714,1.5,-0.25,-1.25,0.0
ES,1h,bear (close==low),2024-05-02 04:00:00,5657.5,5664.25,5654.0,5654.0,0.34146341463414637,16.839285714285715,5.75,9.0,5.25,-11.25
ES,1h,bear (close==low),2024-05-03 06:00:00,5691.25,5695.5,5689.75,5689.75,0.2608695652173913,6.857142857142857,-0.5,40.0,49.25,38.25
ES,1h,bear (close==low),2024-05-06 03:00:00,5743.75,5745.75,5741.25,5741.25,0.5555555555555556,5.517857142857143,5.0,8.5,14.0,15.5
ES,1h,bear (close==low),2024-05-08 06:00:00,5795.25,5796.25,5790.0,5790.0,0.84,4.178571428571429,-3.75,-14.25,-3.5,-0.25
ES,1h,bear (close==low),2024-05-09 00:00:00,5790.0,5790.5,5788.0,5788.0,0.8,6.553571428571429,-0.75,-4.0,-5.0,-6.5
ES,1h,bear (close==low),2024-05-09 21:00:00,5826.5,5827.25,5823.0,5823.0,0.8235294117647058,8.696428571428571,0.5,0.0,3.0,6.5
ES,1h,bear (close==low),2024-05-13 22:00:00,5825.0,5825.25,5824.0,5824.0,0.8,6.464285714285714,-0.75,0.0,3.0,3.75
ES,1h,bear (close==low),2024-05-14 23:00:00,5857.25,5858.75,5857.0,5857.0,0.14285714285714285,8.339285714285714,-2.75,-1.5,-3.0,-2.75
ES,1h,bear (close==low),2024-05-15 00:00:00,5857.0,5857.25,5854.25,5854.25,0.9166666666666666,7.660714285714286,1.25,-0.25,-2.75,-0.75
ES,1h,bear (close==low),2024-05-16 00:00:00,5924.0,5924.25,5922.25,5922.25,0.875,7.428571428571429,-1.5,-3.25,-3.0,-4.75
ES,1h,bear (close==low),2024-05-16 01:00:00,5922.25,5923.75,5920.75,5920.75,0.5,6.446428571428571,-1.75,-1.5,-2.5,-3.5
ES,1h,bear (close==low),2024-05-23 12:00:00,5919.75,5923.25,5904.25,5904.25,0.8157894736842105,11.178571428571429,-28.5,-46.75,-37.25,-35.25
ES,1h,bear (close==low),2024-05-24 12:00:00,5902.5,5908.5,5900.5,5900.5,0.25,7.625,3.5,-1.0,2.75,3.25
ES,1h,bear (close==low),2024-05-27 08:00:00,5902.75,5904.5,5900.25,5900.25,0.5882352941176471,3.5535714285714284,1.75,8.25,12.75,10.5
ES,1h,bear (close==low),2024-05-28 00:00:00,5911.5,5912.5,5909.75,5909.75,0.6363636363636364,4.482142857142857,1.0,3.0,0.75,9.0
ES,1h,bear (close==low),2024-05-28 22:00:00,5895.5,5896.5,5891.25,5891.25,0.8095238095238095,9.857142857142858,-2.25,0.25,-8.75,-12.5
ES,1h,bear (close==low),2024-06-04 00:00:00,5881.0,5882.25,5879.25,5879.25,0.5833333333333334,13.178571428571429,0.5,-9.25,-8.5,-30.25
ES,1h,bear (close==low),2024-06-10 18:00:00,5951.5,5953.0,5950.75,5950.75,0.3333333333333333,9.303571428571429,-2.75,-4.75,-2.0,-3.0
ES,1h,bear (close==low),2024-06-11 05:00:00,5942.5,5945.0,5937.25,5937.25,0.6774193548387096,5.339285714285714,2.5,0.0,0.5,6.0
ES,1h,bear (close==low),2024-06-14 04:00:00,6014.5,6017.25,6008.5,6008.5,0.6857142857142857,5.910714285714286,-13.25,-20.25,-16.25,-1.75
ES,1h,bear (close==low),2024-06-26 05:00:00,6065.5,6066.25,6059.5,6059.5,0.8888888888888888,5.035714285714286,-5.0,-5.75,-18.0,-14.0
ES,1h,bear (close==low),2024-07-04 09:00:00,6113.25,6114.0,6105.5,6105.5,0.9117647058823529,3.1607142857142856,-1.25,0.5,0.0,-0.25
ES,1h,bear (close==low),2024-07-05 16:00:00,6139.0,6139.25,6132.0,6132.0,0.9655172413793104,9.321428571428571,0.0,-2.25,-2.75,-0.5
ES,1h,bear (close==low),2024-07-08 00:00:00,6131.25,6131.25,6129.5,6129.5,1.0,7.178571428571429,-1.5,1.5,6.0,6.75
ES,1h,bear (close==low),2024-07-08 01:00:00,6129.5,6130.75,6128.0,6128.0,0.5454545454545454,6.107142857142857,3.0,7.5,8.0,7.5
ES,1h,bear (close==low),2024-07-09 05:00:00,6155.5,6157.0,6155.0,6155.0,0.25,4.553571428571429,0.25,-2.0,-2.25,-1.0
ES,1h,bear (close==low),2024-07-10 01:00:00,6152.25,6152.75,6147.75,6147.75,0.9,4.714285714285714,2.0,4.25,7.75,8.75
ES,1h,bear (close==low),2024-07-11 07:00:00,6198.25,6199.25,6196.75,6196.75,0.6,2.9285714285714284,4.75,12.5,-22.75,-44.5
ES,1h,bear (close==low),2024-08-20 16:00:00,6138.0,6142.75,6137.0,6137.0,0.17391304347826086,11.553571428571429,0.0,-0.25,6.0,4.75
ES,1h,bear (close==low),2024-09-04 02:00:00,6027.25,6036.75,6025.0,6025.0,0.19148936170212766,16.178571428571427,14.75,14.5,17.5,11.25
ES,1h,bear (close==low),2024-09-09 10:00:00,5985.75,5996.75,5966.0,5966.0,0.6422764227642277,10.375,26.75,41.75,24.25,30.5
ES,1h,bear (close==low),2024-09-13 01:00:00,6122.25,6130.0,6121.5,6121.5,0.08823529411764706,12.178571428571429,0.0,2.5,4.75,12.25
ES,1h,bear (close==low),2024-09-18 07:00:00,6165.25,6167.25,6161.25,6161.25,0.6666666666666666,4.982142857142857,5.25,-4.5,-6.75,1.0
ES,1h,bear (close==low),2024-10-04 02:00:00,6209.5,6210.75,6204.0,6204.0,0.8148148148148148,12.142857142857142,9.75,3.5,10.75,18.25
ES,1h,bear (close==low),2024-10-22 04:00:00,6339.5,6342.0,6332.75,6332.75,0.7297297297297297,6.839285714285714,-10.0,-8.75,-6.0,-4.0
ES,1h,bear (close==low),2024-10-28 07:00:00,6333.5,6335.0,6327.75,6327.75,0.7931034482758621,9.839285714285714,9.0,-1.0,3.5,-6.0
ES,1h,bear (close==low),2024-10-29 03:00:00,6323.25,6326.75,6321.0,6321.0,0.391304347826087,7.696428571428571,0.5,-0.75,-4.5,-13.5
ES,1h,bear (close==low),2024-10-30 03:00:00,6341.25,6342.5,6338.25,6338.25,0.7058823529411765,8.410714285714286,-0.75,1.25,-7.0,-12.5
ES,1h,bear (close==low),2024-10-31 01:00:00,6283.25,6283.75,6280.25,6280.25,0.8571428571428571,10.696428571428571,-8.5,-15.5,-17.75,-14.0
ES,1h,bear (close==low),2024-11-11 05:00:00,6498.5,6500.5,6496.75,6496.75,0.4666666666666667,5.553571428571429,3.5,11.5,3.0,1.0
ES,1h,bear (close==low),2024-11-11 12:00:00,6495.5,6496.75,6483.25,6483.25,0.9074074074074074,7.392857142857143,0.25,1.25,5.75,1.75
ES,1h,bear (close==low),2024-11-13 20:00:00,6474.5,6474.5,6470.25,6470.25,1.0,13.767857142857142,-2.75,-2.25,-1.0,-7.25
ES,1h,bear (close==low),2024-11-14 01:00:00,6467.0,6468.25,6463.0,6463.0,0.7619047619047619,9.392857142857142,8.0,13.5,12.25,18.5
ES,1h,bear (close==low),2024-12-03 01:00:00,6523.25,6524.5,6520.0,6520.0,0.7222222222222222,5.607142857142857,-0.75,2.25,1.75,0.5
ES,1h,bear (close==low),2024-12-03 05:00:00,6522.0,6522.5,6517.75,6517.75,0.8947368421052632,4.357142857142857,2.75,2.5,0.5,-7.75
ES,1h,bear (close==low),2024-12-13 10:00:00,6534.0,6534.5,6506.75,6506.75,0.9819819819819819,6.714285714285714,3.75,-4.75,7.75,9.5
ES,1h,bear (close==low),2024-12-17 07:00:00,6527.25,6529.5,6522.0,6522.0,0.7,5.625,0.25,-2.0,-6.25,2.75
ES,1h,bear (close==low),2024-12-18 08:00:00,6537.0,6537.0,6522.25,6522.25,1.0,5.875,-2.25,11.75,9.25,4.25
ES,1h,bear (close==low),2024-12-19 14:00:00,6376.75,6377.0,6343.75,6343.75,0.9924812030075187,22.446428571428573,-19.25,-12.0,-19.0,-40.0
ES,1h,bear (close==low),2024-12-26 01:00:00,6493.5,6494.0,6489.75,6489.75,0.8823529411764706,8.696428571428571,2.0,-14.25,-23.0,-22.25
ES,1h,bear (close==low),2025-01-02 23:00:00,6321.75,6323.5,6317.5,6317.5,0.7083333333333334,25.714285714285715,0.5,2.25,3.5,11.5
ES,1h,bear (close==low),2025-01-06 23:00:00,6411.25,6411.5,6406.75,6406.75,0.9473684210526315,13.910714285714286,-1.5,-4.75,1.75,3.5
ES,1h,bear (close==low),2025-01-08 22:00:00,6342.25,6342.5,6335.5,6335.5,0.9642857142857143,21.017857142857142,-0.5,4.0,3.5,4.75
ES,1h,bear (close==low),2025-01-13 22:00:00,6280.5,6281.5,6277.75,6277.75,0.7333333333333333,17.625,4.75,8.75,5.5,21.25
ES,1h,bear (close==low),2025-01-14 11:00:00,6268.25,6269.75,6237.25,6237.25,0.9538461538461539,16.517857142857142,14.75,48.25,18.75,44.75
ES,1h,bear (close==low),2025-01-30 22:00:00,6502.75,6505.75,6501.75,6501.75,0.25,21.160714285714285,0.5,2.5,6.75,7.25
ES,1h,bear (close==low),2025-02-11 01:00:00,6467.0,6467.0,6462.5,6462.5,1.0,8.125,-6.75,0.25,-3.25,1.5
ES,1h,bear (close==low),2025-02-11 02:00:00,6462.75,6463.25,6455.75,6455.75,0.9333333333333333,7.696428571428571,7.0,3.5,0.75,7.75
ES,1h,bear (close==low),2025-02-11 21:00:00,6485.75,6486.25,6482.25,6482.25,0.875,11.696428571428571,-3.5,-4.0,-5.5,-2.5
ES,1h,bear (close==low),2025-02-12 23:00:00,6477.25,6480.75,6477.0,6477.0,0.06666666666666667,15.464285714285714,-1.25,-3.25,-9.25,-15.75
ES,1h,bear (close==low),2025-02-13 01:00:00,6475.75,6479.25,6473.75,6473.75,0.36363636363636365,10.910714285714286,-6.0,-24.75,-12.5,-12.5
ES,1h,bear (close==low),2025-02-19 01:00:00,6543.25,6545.25,6542.25,6542.25,0.3333333333333333,7.428571428571429,-1.5,0.0,-2.5,-12.75
ES,1h,bear (close==low),2025-02-19 22:00:00,6540.0,6540.5,6537.5,6537.5,0.8333333333333334,10.803571428571429,-2.0,-2.75,-2.75,1.0
ES,1h,bear (close==low),2025-02-20 05:00:00,6542.75,6545.5,6542.25,6542.25,0.15384615384615385,6.107142857142857,-7.5,-4.0,-5.25,-45.75
ES,1h,bear (close==low),2025-02-21 02:00:00,6525.75,6527.75,6522.5,6522.5,0.6190476190476191,7.875,2.75,5.75,6.0,8.25
ES,1h,bear (close==low),2025-02-26 22:00:00,6366.0,6370.5,6363.5,6363.5,0.35714285714285715,24.392857142857142,1.75,17.0,20.75,31.0
ES,1h,bear (close==low),2025-03-06 00:00:00,6239.5,6240.5,6233.25,6233.25,0.8620689655172413,22.160714285714285,5.5,-18.25,-39.0,-61.25
ES,1h,bear (close==low),2025-03-26 05:00:00,6157.75,6161.25,6153.75,6153.75,0.5333333333333333,6.982142857142857,10.5,14.0,14.75,-8.5
ES,1h,bear (close==low),2025-03-28 08:00:00,6072.25,6074.25,6051.0,6051.0,0.9139784946236559,11.910714285714286,-4.75,-56.5,-65.75,-81.25
ES,1h,bear (close==low),2025-05-12 19:00:00,6199.25,6208.75,6195.75,6195.75,0.2692307692307692,20.75,-7.75,-6.75,-8.0,-16.25
ES,1h,bear (close==low),2025-05-18 22:00:00,6267.75,6274.0,6264.5,6264.5,0.34210526315789475,17.142857142857142,-13.25,-12.5,-8.25,-19.5
ES,1h,bear (close==low),2025-05-19 20:00:00,6326.0,6330.0,6321.0,6321.0,0.5555555555555556,16.589285714285715,-13.0,-13.25,-17.25,-22.25
ES,1h,bear (close==low),2025-05-30 02:00:00,6256.75,6259.0,6245.5,6245.5,0.8333333333333334,15.196428571428571,6.5,5.25,4.0,8.25
ES,1h,bear (close==low),2025-06-12 16:00:00,6389.75,6390.75,6381.25,6381.25,0.8947368421052632,16.053571428571427,-5.0,-28.25,-84.25,-97.25
ES,1h,bear (close==low),2025-06-25 02:00:00,6433.75,6435.25,6431.0,6431.0,0.6470588235294118,6.767857142857143,1.0,2.5,-1.0,10.5
ES,1h,bear (close==low),2025-06-27 00:00:00,6487.5,6487.75,6485.5,6485.5,0.8888888888888888,7.964285714285714,4.25,11.0,10.0,10.5
ES,1h,bear (close==low),2025-07-14 00:00:00,6558.75,6559.5,6556.25,6556.25,0.7692307692307693,11.053571428571429,-6.0,-4.5,6.25,12.5
ES,1h,bear (close==low),2025-08-15 05:00:00,6780.0,6782.75,6777.25,6777.25,0.5,6.678571428571429,7.75,7.75,6.75,-19.0
ES,1h,bear (close==low),2025-08-24 21:00:00,6764.75,6765.5,6760.0,6760.0,0.8636363636363636,16.535714285714285,-2.5,3.25,4.75,-0.5
ES,1h,bear (close==low),2025-09-01 21:00:00,6759.5,6761.75,6754.5,6754.5,0.6896551724137931,7.339285714285714,-2.25,0.0,0.5,2.5
ES,1h,bear (close==low),2025-09-11 21:00:00,6876.5,6877.5,6873.25,6873.25,0.7647058823529411,9.089285714285714,1.75,3.0,3.75,1.5
ES,1h,bear (close==low),2025-09-19 02:00:00,6923.5,6925.25,6914.5,6914.5,0.8372093023255814,10.321428571428571,4.0,9.0,9.0,15.75
ES,1h,bear (close==low),2025-09-22 01:00:00,6946.25,6948.75,6945.25,6945.25,0.2857142857142857,7.767857142857143,-4.5,-12.75,-10.5,-13.25
ES,1h,bear (close==low),2025-09-26 04:00:00,6901.0,6903.5,6890.75,6890.75,0.803921568627451,10.642857142857142,4.25,-0.5,5.75,36.75
ES,1h,bear (close==low),2025-09-30 00:00:00,6944.0,6944.5,6939.25,6939.25,0.9047619047619048,9.375,3.0,-3.0,-6.0,-7.25
ES,1h,bear (close==low),2025-10-02 10:00:00,6998.75,6999.75,6980.25,6980.25,0.9487179487179487,8.125,7.75,8.5,13.0,17.0
ES,1h,bear (close==low),2025-10-06 08:00:00,7018.75,7024.5,7013.0,7013.0,0.5,6.875,-10.0,-2.5,8.0,12.75
ES,1h,bear (close==low),2025-10-08 01:00:00,7001.0,7001.0,6995.0,6995.0,1.0,10.089285714285714,-0.75,7.0,5.5,10.0
ES,1h,bear (close==low),2025-10-27 03:00:00,7115.0,7119.5,7113.25,7113.25,0.28,11.178571428571429,-1.75,4.25,3.75,0.25
ES,1h,bear (close==low),2025-11-03 21:00:00,7096.5,7096.75,7083.5,7083.5,0.9811320754716981,15.071428571428571,-0.5,-3.75,-23.0,-31.5
ES,1h,bear (close==low),2025-11-30 23:00:00,7045.25,7046.25,7038.25,7038.25,0.875,12.464285714285714,4.0,7.5,8.25,8.5
ES,1h,bear (close==low),2025-12-01 12:00:00,7075.5,7084.0,7057.25,7057.25,0.6822429906542056,15.732142857142858,27.0,1.0,2.25,-1.75
ES,1h,bear (close==low),2025-12-05 03:00:00,7112.5,7116.75,7109.0,7109.0,0.45161290322580644,9.142857142857142,0.0,-0.75,1.75,-14.5
ES,1h,bear (close==low),2025-12-09 18:00:00,7078.5,7079.0,7076.75,7076.75,0.7777777777777778,11.232142857142858,-1.75,-2.5,1.0,5.5
ES,1h,bear (close==low),2025-12-29 19:00:00,7123.25,7126.5,7121.75,7121.75,0.3157894736842105,11.321428571428571,4.0,0.75,4.75,6.0
ES,1h,bear (close==low),2026-01-02 01:00:00,7096.5,7098.0,7095.75,7095.75,0.3333333333333333,9.75,-1.75,7.75,13.5,9.75
ES,1h,bear (close==low),2026-01-08 00:00:00,7126.75,7127.75,7118.25,7118.25,0.8947368421052632,11.160714285714286,-4.5,2.0,5.75,4.25
ES,1h,bear (close==low),2026-01-16 04:00:00,7172.25,7176.25,7170.25,7170.25,0.3333333333333333,7.732142857142857,3.75,-4.75,-6.0,-19.0
ES,1h,bear (close==low),2026-01-21 01:00:00,7025.0,7027.75,7019.5,7019.5,0.6666666666666666,15.321428571428571,5.5,5.25,-10.5,-27.75
ES,1h,bear (close==low),2026-01-21 04:00:00,7024.75,7027.5,7009.0,7009.0,0.8513513513513513,11.392857142857142,5.5,-17.25,-11.0,44.5
ES,1h,bear (close==low),2026-01-22 14:00:00,7129.5,7139.0,7116.75,7116.75,0.5730337078651685,16.928571428571427,0.5,-4.25,-3.25,12.0
ES,1h,bear (close==low),2026-01-27 11:00:00,7185.5,7190.75,7185.25,7185.25,0.045454545454545456,7.607142857142857,-6.0,0.25,0.75,-3.5
ES,1h,bear (close==low),2026-01-30 00:00:00,7137.75,7142.5,7128.75,7128.75,0.6545454545454545,26.375,-19.0,-26.25,-15.5,-17.75
ES,1h,bear (close==low),2026-02-11 04:00:00,7144.75,7150.25,7138.0,7138.0,0.5510204081632653,9.160714285714286,-1.5,-2.0,1.75,15.25
ES,1h,bear (close==low),2026-02-13 16:00:00,7022.5,7028.75,7017.5,7017.5,0.4444444444444444,28.053571428571427,15.25,17.5,23.75,16.75
ES,1h,bear (close==low),2026-02-20 05:00:00,7065.0,7066.5,7055.0,7055.0,0.8695652173913043,9.982142857142858,-13.75,-13.0,-21.25,36.25
ES,1h,bear (close==low),2026-03-16 00:00:00,6844.25,6847.5,6837.5,6837.5,0.675,25.964285714285715,12.25,13.75,-1.0,-9.0
ES,1h,bear (close==low),2026-04-15 23:00:00,7194.0,7197.5,7193.25,7193.25,0.17647058823529413,12.696428571428571,0.0,2.25,5.75,-3.5
ES,1h,bear (close==low),2026-05-12 00:00:00,7547.25,7549.5,7542.75,7542.75,0.6666666666666666,13.821428571428571,0.75,-12.0,-4.75,-9.25
ES,1h,bear (close==low),2026-05-15 01:00:00,7615.75,7615.75,7588.0,7588.0,1.0,16.160714285714285,14.75,8.5,-16.0,-1.75
ES,1h,bear (close==low),2026-06-01 21:00:00,7703.5,7708.0,7699.5,7699.5,0.47058823529411764,16.428571428571427,4.0,4.5,12.75,24.0
ES,1h,bear (close==low),2026-06-17 09:00:00,7595.25,7600.25,7581.0,7581.0,0.7402597402597403,10.339285714285714,-8.5,7.75,1.75,-40.25
ES,1h,bear (close==low),2026-07-14 02:00:00,7568.0,7575.25,7559.0,7559.0,0.5538461538461539,16.875,0.0,-4.75,-1.5,-3.25
ES,1h,bear (close==low),2026-07-16 05:00:00,7609.75,7615.5,7605.0,7605.0,0.4523809523809524,11.803571428571429,-2.0,-7.75,-18.5,6.25
ES,1h,bear (close==low),2026-07-16 23:00:00,7530.25,7541.5,7524.25,7524.25,0.34782608695652173,19.071428571428573,-10.5,-13.0,-12.25,-24.75
ES,4h,bull (close==high),2017-04-23 22:00:00,3191.5,3194.0,3190.5,3194.0,0.7142857142857143,7.803571428571429,4.5,0.75,1.75,2.25
ES,4h,bull (close==high),2017-04-25 18:00:00,3208.25,3210.5,3207.5,3210.5,0.75,7.142857142857143,0.5,1.0,2.0,-3.75
ES,4h,bull (close==high),2017-04-30 22:00:00,3207.0,3208.0,3206.5,3208.0,0.6666666666666666,4.464285714285714,1.25,1.25,6.5,2.5
ES,4h,bull (close==high),2017-05-01 10:00:00,3209.25,3214.5,3206.0,3214.5,0.6176470588235294,4.857142857142857,-2.5,-4.0,-5.0,-7.0
ES,4h,bull (close==high),2017-05-11 10:00:00,3208.25,3216.0,3204.25,3216.0,0.6595744680851063,5.357142857142857,-0.25,-2.75,-2.5,-3.25
ES,4h,bull (close==high),2017-05-11 22:00:00,3213.0,3213.5,3211.5,3213.5,0.25,4.75,-2.75,-0.75,-0.5,2.75
ES,4h,bull (close==high),2017-05-23 22:00:00,3221.5,3221.75,3220.5,3221.75,0.2,5.482142857142857,2.0,2.0,2.0,11.25
ES,4h,bull (close==high),2017-06-16 14:00:00,3255.25,3262.5,3254.0,3262.5,0.8529411764705882,8.107142857142858,1.5,1.5,3.0,13.75
ES,4h,bull (close==high),2017-06-28 14:00:00,3267.5,3270.5,3264.5,3270.5,0.5,7.839285714285714,0.75,0.75,-2.25,-31.0
ES,4h,bull (close==high),2017-07-09 18:00:00,3251.0,3255.0,3250.75,3255.0,0.9411764705882353,6.357142857142857,0.0,-1.5,-7.0,-3.25
ES,4h,bull (close==high),2017-07-14 10:00:00,3276.5,3284.5,3275.0,3284.5,0.8421052631578947,5.25,1.0,-0.25,0.5,1.25
ES,4h,bull (close==high),2017-07-17 14:00:00,3286.25,3287.75,3283.25,3287.75,0.3333333333333333,4.535714285714286,-4.25,-3.0,-0.75,-4.25
ES,4h,bull (close==high),2017-07-19 06:00:00,3287.75,3293.0,3286.25,3293.0,0.7777777777777778,4.875,3.25,6.25,5.5,7.5
ES,4h,bull (close==high),2017-08-31 02:00:00,3286.0,3292.5,3284.75,3292.5,0.8387096774193549,7.232142857142857,1.75,3.75,6.0,6.75
ES,4h,bull (close==high),2017-09-08 06:00:00,3288.5,3291.25,3285.5,3291.25,0.4782608695652174,5.910714285714286,0.25,0.0,11.0,13.25
ES,4h,bull (close==high),2017-09-15 14:00:00,3325.0,3330.25,3324.75,3330.25,0.9545454545454546,4.339285714285714,2.25,3.25,3.0,3.25
ES,4h,bull (close==high),2017-09-28 10:00:00,3332.5,3338.25,3330.25,3338.25,0.71875,5.464285714285714,-0.5,-1.5,-1.75,-1.5
ES,4h,bull (close==high),2017-09-29 14:00:00,3344.5,3348.0,3342.75,3348.0,0.6666666666666666,4.767857142857143,1.75,1.5,1.0,6.75
ES,4h,bull (close==high),2017-11-01 02:00:00,3408.25,3412.25,3407.75,3412.25,0.8888888888888888,4.464285714285714,2.0,-6.75,-9.25,-11.75
ES,4h,bull (close==high),2017-11-05 22:00:00,3407.25,3410.75,3405.75,3410.75,0.7,6.25,-0.25,5.25,8.0,8.5
ES,4h,bull (close==high),2017-11-29 02:00:00,3456.0,3458.25,3455.25,3458.25,0.75,5.714285714285714,5.25,-5.25,-2.5,-3.0
ES,4h,bull (close==high),2017-11-30 22:00:00,3470.25,3473.5,3469.0,3473.5,0.7222222222222222,7.535714285714286,-10.0,2.0,-6.0,16.75
ES,4h,bull (close==high),2017-12-14 22:00:00,3483.5,3487.5,3483.0,3487.5,0.8888888888888888,6.214285714285714,-0.25,6.75,20.0,26.75
ES,4h,bull (close==high),2017-12-27 18:00:00,3511.5,3514.75,3511.5,3514.75,1.0,3.5892857142857144,-0.25,0.0,-2.0,-2.0
ES,4h,bull (close==high),2018-01-08 22:00:00,3571.75,3573.25,3571.0,3573.25,0.6666666666666666,5.392857142857143,2.25,3.75,14.0,4.25
ES,4h,bull (close==high),2018-01-09 10:00:00,3577.0,3587.25,3575.5,3587.25,0.8723404255319149,6.214285714285714,-9.5,-9.75,-9.75,-18.75
ES,4h,bull (close==high),2018-01-12 06:00:00,3603.0,3605.0,3594.25,3605.0,0.18604651162790697,7.857142857142857,7.5,11.75,16.5,16.0
ES,4h,bull (close==high),2018-01-15 06:00:00,3620.75,3621.75,3618.5,3621.75,0.3076923076923077,6.625,0.25,1.25,3.25,13.25
ES,4h,bull (close==high),2018-01-26 02:00:00,3672.0,3677.75,3671.75,3677.75,0.9583333333333334,10.178571428571429,1.25,11.25,24.5,23.25
ES,4h,bull (close==high),2018-03-05 22:00:00,3546.25,3551.5,3544.75,3551.5,0.7777777777777778,20.160714285714285,0.75,1.25,-1.5,-26.25
ES,4h,bull (close==high),2018-03-09 02:00:00,3565.75,3570.0,3563.25,3570.0,0.6296296296296297,12.982142857142858,15.25,35.5,41.25,54.0
ES,4h,bull (close==high),2018-03-19 22:00:00,3544.25,3550.25,3542.0,3550.25,0.7272727272727273,13.089285714285714,-8.0,-7.0,-12.5,-2.5
ES,4h,bull (close==high),2018-03-25 18:00:00,3418.0,3437.5,3414.0,3437.5,0.8297872340425532,27.839285714285715,1.5,18.25,19.5,45.25
ES,4h,bull (close==high),2018-05-02 22:00:00,3450.5,3453.0,3448.0,3453.0,0.5,12.678571428571429,2.0,-7.25,-2.25,-4.5
ES,4h,bull (close==high),2018-05-04 10:00:00,3449.5,3484.75,3446.75,3484.75,0.9276315789473685,17.428571428571427,2.25,6.5,10.75,17.0
ES,4h,bull (close==high),2018-05-27 22:00:00,3551.0,3554.0,3550.75,3554.0,0.9230769230769231,10.482142857142858,-6.75,-10.25,-7.75,-12.5
ES,4h,bull (close==high),2018-06-06 22:00:00,3595.75,3598.25,3595.0,3598.25,0.7692307692307693,7.357142857142857,-1.25,1.5,-14.0,-3.75
ES,4h,bull (close==high),2018-06-27 06:00:00,3538.75,3561.0,3531.0,3561.0,0.7416666666666667,15.267857142857142,-24.25,-36.25,-30.5,-32.5
ES,4h,bull (close==high),2018-07-19 10:00:00,3622.5,3630.5,3621.0,3630.5,0.8421052631578947,7.214285714285714,-6.5,-16.5,-8.25,-5.5
ES,4h,bull (close==high),2018-07-20 06:00:00,3624.5,3625.0,3612.0,3625.0,0.038461538461538464,8.410714285714286,0.5,-2.5,-9.75,-7.0
ES,4h,bull (close==high),2018-08-05 18:00:00,3660.5,3663.0,3658.75,3663.0,0.5882352941176471,8.875,-1.0,-4.0,-2.75,5.0
ES,4h,bull (close==high),2018-08-06 22:00:00,3669.0,3671.5,3668.5,3671.5,0.8333333333333334,6.089285714285714,3.75,7.25,9.5,7.5
ES,4h,bull (close==high),2018-08-20 10:00:00,3673.75,3678.5,3670.5,3678.5,0.59375,8.571428571428571,-2.25,-2.75,-0.75,9.75
ES,4h,bull (close==high),2018-09-19 14:00:00,3709.0,3711.25,3707.25,3711.25,0.5625,8.589285714285714,0.25,-2.0,1.0,19.5
ES,4h,bull (close==high),2018-09-24 22:00:00,3718.5,3720.25,3718.25,3720.25,0.875,5.839285714285714,3.75,0.25,-4.0,-0.5
ES,4h,bull (close==high),2018-09-26 18:00:00,3706.25,3710.0,3705.25,3710.0,0.7894736842105263,7.214285714285714,-5.0,-3.5,4.0,6.75
ES,4h,bull (close==high),2018-10-04 14:00:00,3687.25,3705.25,3682.5,3705.25,0.7912087912087912,10.589285714285714,2.0,-1.0,-4.5,-27.25
ES,4h,bull (close==high),2018-10-16 06:00:00,3553.75,3572.5,3552.25,3572.5,0.9259259259259259,21.017857142857142,24.0,38.75,38.25,32.75
ES,4h,bull (close==high),2018-11-20 22:00:00,3442.25,3449.25,3442.0,3449.25,0.9655172413793104,19.803571428571427,-3.75,6.25,11.0,-6.0
ES,4h,bull (close==high),2019-03-08 14:00:00,3511.0,3531.75,3508.25,3531.75,0.8829787234042553,13.678571428571429,-3.25,-1.75,1.5,31.25
ES,4h,bull (close==high),2019-03-18 06:00:00,3608.25,3616.75,3606.5,3616.75,0.8292682926829268,8.875,-2.75,3.0,3.75,9.5
ES,4h,bull (close==high),2019-03-19 22:00:00,3608.0,3614.75,3608.0,3614.75,1.0,9.214285714285714,1.25,-9.25,-10.25,-4.25
ES,4h,bull (close==high),2019-03-26 06:00:00,3595.25,3611.0,3594.75,3611.0,0.9692307692307692,18.125,-20.0,-8.75,-11.5,-11.5
ES,4h,bull (close==high),2019-04-01 10:00:00,3635.25,3645.25,3635.25,3645.25,1.0,10.857142857142858,3.25,1.25,-1.0,3.75
ES,4h,bull (close==high),2019-05-21 02:00:00,3634.0,3637.75,3624.25,3637.75,0.2777777777777778,15.696428571428571,-0.75,8.5,4.75,2.75
ES,4h,bull (close==high),2019-05-29 22:00:00,3557.0,3564.75,3556.25,3564.75,0.9117647058823529,14.446428571428571,4.75,9.5,-0.75,-16.75
ES,4h,bull (close==high),2019-06-10 22:00:00,3673.75,3674.75,3671.75,3674.75,0.3333333333333333,10.839285714285714,6.0,6.0,-8.0,-10.0
ES,4h,bull (close==high),2019-07-10 18:00:00,3770.0,3777.25,3769.25,3777.25,0.90625,10.732142857142858,2.0,2.75,0.0,0.75
ES,4h,bull (close==high),2019-07-16 18:00:00,3779.75,3782.25,3777.25,3782.25,0.5,6.607142857142857,1.0,4.5,-2.75,-27.0
ES,4h,bull (close==high),2019-08-22 22:00:00,3705.5,3708.75,3703.5,3708.75,0.6190476190476191,13.339285714285714,-2.0,-25.75,-69.0,-102.25
ES,4h,bull (close==high),2019-10-04 06:00:00,3672.0,3702.0,3668.75,3702.0,0.9022556390977443,20.285714285714285,7.25,20.75,8.25,7.0
ES,4h,bull (close==high),2019-10-23 14:00:00,3769.75,3778.0,3764.5,3778.0,0.6111111111111112,10.285714285714286,0.75,-1.25,2.75,-4.0
ES,4h,bull (close==high),2019-11-11 06:00:00,3850.75,3854.0,3846.5,3854.0,0.43333333333333335,10.160714285714286,5.0,5.5,0.0,8.0
ES,4h,bull (close==high),2019-11-12 06:00:00,3862.0,3868.5,3858.25,3868.5,0.6341463414634146,8.821428571428571,0.25,-6.0,-12.75,-16.25
ES,4h,bull (close==high),2019-11-12 22:00:00,3855.5,3857.5,3853.75,3857.5,0.5333333333333333,8.428571428571429,-5.25,-0.25,4.25,5.5
ES,4h,bull (close==high),2019-11-22 14:00:00,3880.5,3884.0,3877.25,3884.0,0.5185185185185185,11.642857142857142,7.75,8.0,7.25,16.75
ES,4h,bull (close==high),2020-03-24 02:00:00,3095.25,3134.25,3094.0,3134.25,0.968944099378882,89.71428571428571,17.5,35.5,109.0,108.25
ES,4h,bull (close==high),2020-04-14 06:00:00,3590.5,3627.0,3581.25,3627.0,0.7978142076502732,45.0,9.5,18.25,2.75,-32.75
ES,4h,bull (close==high),2020-08-14 10:00:00,4177.5,4184.75,4172.25,4184.75,0.58,14.267857142857142,-9.75,-2.25,-3.75,4.5
ES,4h,bull (close==high),2020-08-26 10:00:00,4257.25,4281.0,4254.75,4281.0,0.9047619047619048,13.053571428571429,10.25,2.75,4.0,22.0
ES,4h,bull (close==high),2020-09-07 22:00:00,4246.25,4253.0,4234.5,4253.0,0.36486486486486486,36.42857142857143,-45.25,-75.75,-70.75,-106.5
ES,4h,bull (close==high),2020-09-09 06:00:00,4178.0,4191.5,4161.5,4191.5,0.45,32.482142857142854,30.0,15.25,10.75,11.5
ES,4h,bull (close==high),2020-09-13 18:00:00,4161.25,4178.0,4157.5,4178.0,0.8170731707317073,34.589285714285715,9.0,-0.5,21.5,11.75
ES,4h,bull (close==high),2020-10-15 06:00:00,4263.5,4278.0,4252.75,4278.0,0.5742574257425742,22.821428571428573,8.75,19.25,29.25,19.0
ES,4h,bull (close==high),2020-11-02 18:00:00,4125.25,4146.25,4122.5,4146.25,0.8842105263157894,40.089285714285715,-7.0,15.75,28.75,35.0
ES,4h,bull (close==high),2020-12-07 06:00:00,4502.75,4515.25,4501.75,4515.25,0.9259259259259259,13.375,-10.0,-12.5,-14.5,-16.5
ES,4h,bull (close==high),2020-12-17 10:00:00,4538.75,4542.75,4531.75,4542.75,0.36363636363636365,13.482142857142858,1.5,-8.75,-5.75,-10.75
ES,4h,bull (close==high),2021-03-10 22:00:00,4742.75,4750.25,4740.5,4750.25,0.7692307692307693,24.089285714285715,6.5,10.75,27.25,16.25
ES,4h,bull (close==high),2021-03-15 10:00:00,4771.75,4778.5,4752.25,4778.5,0.2571428571428571,20.25,17.5,20.5,20.75,27.5
ES,4h,bull (close==high),2021-03-22 10:00:00,4755.75,4776.25,4753.0,4776.25,0.8817204301075269,24.732142857142858,-4.25,-6.0,-17.0,-9.0
ES,4h,bull (close==high),2021-04-14 06:00:00,4976.5,4981.75,4968.75,4981.75,0.40384615384615385,11.107142857142858,-17.0,-19.25,-20.0,-6.25
ES,4h,bull (close==high),2021-05-14 06:00:00,4971.75,4991.5,4962.0,4991.5,0.6694915254237288,33.035714285714285,15.25,21.0,12.0,7.25
ES,4h,bull (close==high),2021-05-21 06:00:00,5003.75,5024.0,5002.0,5024.0,0.9204545454545454,25.392857142857142,-24.75,-27.0,-18.75,-11.25
ES,4h,bull (close==high),2021-06-27 22:00:00,5123.5,5126.0,5121.25,5126.0,0.5263157894736842,8.339285714285714,-3.5,-4.5,-6.5,-3.0
ES,4h,bull (close==high),2021-06-28 22:00:00,5123.0,5127.5,5121.75,5127.5,0.782608695652174,8.375,1.75,8.5,5.75,6.75
ES,4h,bull (close==high),2021-07-21 14:00:00,5193.25,5204.5,5189.75,5204.5,0.7627118644067796,22.410714285714285,0.25,-0.75,3.0,1.5
ES,4h,bull (close==high),2021-08-05 22:00:00,5267.0,5270.0,5266.25,5270.0,0.8,9.625,2.25,3.5,9.75,-3.75
ES,4h,bull (close==high),2021-08-12 02:00:00,5287.25,5291.5,5285.0,5291.5,0.6538461538461539,8.660714285714286,-7.25,5.0,13.75,11.75
ES,4h,bull (close==high),2021-08-25 06:00:00,5334.25,5335.75,5327.5,5335.75,0.18181818181818182,9.196428571428571,7.75,7.0,0.25,2.5
ES,4h,bull (close==high),2021-09-22 06:00:00,5224.25,5233.25,5215.5,5233.25,0.5070422535211268,32.42857142857143,11.75,12.0,22.75,42.0
ES,4h,bull (close==high),2021-10-07 06:00:00,5241.0,5270.5,5240.0,5270.5,0.9672131147540983,29.982142857142858,-1.0,-21.25,-12.75,-21.0
ES,4h,bull (close==high),2021-10-11 06:00:00,5229.75,5257.5,5216.75,5257.5,0.6809815950920245,22.285714285714285,-29.5,-51.25,-66.25,-46.5
ES,4h,bull (close==high),2021-10-15 06:00:00,5302.0,5316.0,5300.75,5316.0,0.9180327868852459,20.017857142857142,3.5,8.25,3.5,-10.5
ES,4h,bull (close==high),2021-10-18 22:00:00,5339.25,5341.5,5334.25,5341.5,0.3103448275862069,13.535714285714286,10.25,8.25,26.0,28.0
ES,4h,bull (close==high),2021-11-18 18:00:00,5564.25,5578.0,5561.75,5578.0,0.8461538461538461,13.464285714285714,1.0,-19.25,-12.75,-21.25
ES,4h,bull (close==high),2021-12-27 10:00:00,5607.25,5638.5,5606.0,5638.5,0.9615384615384616,18.571428571428573,9.25,2.75,8.25,21.75
ES,4h,bull (close==high),2022-04-03 22:00:00,5407.75,5422.25,5405.25,5422.25,0.8529411764705882,21.892857142857142,-1.75,6.5,18.5,25.25
ES,4h,bull (close==high),2022-08-11 22:00:00,5083.25,5090.75,5083.0,5090.75,0.967741935483871,23.125,14.25,17.5,39.75,56.5
ES,4h,bull (close==high),2022-11-14 18:00:00,4830.0,4838.0,4827.0,4838.0,0.7272727272727273,28.232142857142858,5.25,11.25,49.0,12.0
ES,4h,bull (close==high),2022-11-24 02:00:00,4895.0,4904.0,4892.5,4904.0,0.782608695652174,17.964285714285715,-4.75,-5.25,-7.25,-9.75
ES,4h,bull (close==high),2022-12-27 22:00:00,4679.0,4687.0,4678.0,4687.0,0.8888888888888888,24.946428571428573,-0.75,-1.5,-36.25,-54.25
ES,4h,bull (close==high),2022-12-29 02:00:00,4634.75,4646.5,4633.75,4646.5,0.9215686274509803,22.160714285714285,31.75,54.75,46.25,32.75
ES,4h,bull (close==high),2023-02-13 10:00:00,4946.5,4971.25,4942.5,4971.25,0.8608695652173913,24.678571428571427,1.75,-5.75,-3.0,4.25
ES,4h,bull (close==high),2023-02-15 10:00:00,4944.75,4972.0,4936.5,4972.0,0.7676056338028169,26.303571428571427,11.0,19.0,13.0,-44.0
ES,4h,bull (close==high),2023-02-21 18:00:00,4831.0,4839.25,4828.75,4839.25,0.7857142857142857,15.839285714285714,-4.5,-9.0,-4.75,-7.25
ES,4h,bull (close==high),2023-03-28 22:00:00,4802.0,4815.25,4800.75,4815.25,0.9137931034482759,18.589285714285715,9.75,14.0,11.25,26.25
ES,4h,bull (close==high),2023-03-29 22:00:00,4841.5,4852.25,4839.25,4852.25,0.8269230769230769,16.089285714285715,7.25,18.5,0.5,24.75
ES,4h,bull (close==high),2023-06-01 10:00:00,4968.0,5017.0,4967.5,5017.0,0.98989898989899,19.892857142857142,0.5,-0.75,5.5,22.25
ES,4h,bull (close==high),2023-09-14 18:00:00,5250.5,5255.0,5250.5,5255.0,1.0,16.0,4.0,-1.0,-32.0,-62.0
ES,4h,bull (close==high),2023-10-04 18:00:00,4985.5,4992.5,4980.0,4992.5,0.56,26.589285714285715,-2.0,-16.75,-10.75,-10.0
ES,4h,bull (close==high),2023-10-10 06:00:00,5071.0,5076.5,5060.25,5076.5,0.3384615384615385,29.107142857142858,18.25,9.0,9.25,17.25
ES,4h,bull (close==high),2023-11-22 02:00:00,5241.75,5253.25,5240.0,5253.25,0.8679245283018868,12.857142857142858,6.25,10.0,6.5,10.5
ES,4h,bull (close==high),2023-11-27 02:00:00,5249.0,5258.75,5248.5,5258.75,0.9512195121951219,7.517857142857143,-4.75,1.5,-3.25,-1.25
ES,4h,bull (close==high),2024-01-15 10:00:00,5454.75,5457.0,5453.75,5457.0,0.6923076923076923,18.392857142857142,-11.0,-15.5,-25.25,-24.0
ES,4h,bull (close==high),2024-02-15 22:00:00,5689.0,5690.25,5686.5,5690.25,0.3333333333333333,16.125,10.5,-24.5,2.75,-24.25
ES,4h,bull (close==high),2024-02-22 10:00:00,5716.0,5738.75,5711.0,5738.75,0.8198198198198198,21.321428571428573,-2.0,5.0,6.25,23.75
ES,4h,bull (close==high),2024-03-26 18:00:00,5855.0,5859.25,5853.0,5859.25,0.68,11.571428571428571,5.0,6.0,7.25,30.75
ES,4h,bull (close==high),2024-05-12 18:00:00,5822.25,5827.25,5821.5,5827.25,0.8695652173913043,13.178571428571429,6.25,6.75,7.25,-2.5
ES,4h,bull (close==high),2024-06-05 10:00:00,5902.25,5934.5,5888.25,5934.5,0.6972972972972973,24.035714285714285,13.0,18.0,13.0,9.75
ES,4h,bull (close==high),2024-06-10 22:00:00,5948.5,5951.5,5945.5,5951.5,0.5,16.964285714285715,-14.25,-28.0,-3.25,15.5
ES,4h,bull (close==high),2024-07-18 22:00:00,6120.25,6122.75,6117.5,6122.75,0.47619047619047616,22.446428571428573,-18.75,-12.5,-48.5,-49.0
ES,4h,bull (close==high),2024-12-10 22:02:00,6507.75,6510.0,6505.25,6510.0,0.47368421052631576,11.678571428571429,-1.25,32.0,44.25,30.5
ES,4h,bull (close==high),2024-12-11 06:00:00,6509.0,6542.0,6508.0,6542.0,0.9705882352941176,13.696428571428571,12.25,2.5,-1.5,-1.0
ES,4h,bull (close==high),2024-12-12 22:00:00,6523.5,6527.75,6519.25,6527.75,0.5,12.964285714285714,11.0,6.25,-13.25,-4.75
ES,4h,bull (close==high),2025-06-19 22:00:00,6299.0,6311.0,6297.0,6311.0,0.8571428571428571,27.910714285714285,-1.75,24.0,-9.75,-29.25
ES,4h,bull (close==high),2025-08-17 18:00:00,6752.5,6769.75,6751.75,6769.75,0.9583333333333334,19.196428571428573,-5.75,-24.75,-21.5,-17.25
ES,4h,bull (close==high),2025-09-12 06:00:00,6869.0,6880.5,6868.25,6880.5,0.9387755102040817,17.214285714285715,3.75,-4.75,-2.75,1.75
ES,4h,bull (close==high),2025-10-02 18:00:00,6995.25,7008.25,6989.25,7008.25,0.6842105263157895,21.982142857142858,2.75,9.5,2.5,-14.75
ES,4h,bull (close==high),2025-12-07 18:00:00,7113.5,7118.25,7103.25,7118.25,0.31666666666666665,20.232142857142858,0.25,-0.5,-13.75,-23.25
ES,4h,bull (close==high),2026-01-06 10:00:00,7141.5,7157.75,7122.75,7157.75,0.4642857142857143,26.303571428571427,3.0,1.5,-4.0,7.0
ES,4h,bull (close==high),2026-04-06 06:00:00,6759.5,6771.25,6739.75,6771.25,0.373015873015873,41.517857142857146,-21.0,1.5,-35.0,11.75
ES,4h,bull (close==high),2026-05-01 06:00:00,7375.25,7415.25,7370.75,7415.25,0.898876404494382,39.017857142857146,-13.75,-45.5,-26.25,-29.5
ES,4h,bull (close==high),2026-06-16 18:00:00,7581.25,7605.5,7581.25,7605.5,1.0,27.767857142857142,-1.5,-13.25,-24.5,-94.5
ES,4h,bear (close==low),2017-04-26 14:00:00,3214.25,3217.25,3206.75,3206.75,0.7142857142857143,5.589285714285714,2.25,2.0,1.0,4.5
ES,4h,bear (close==low),2017-05-01 22:00:00,3210.5,3211.75,3209.5,3209.5,0.4444444444444444,4.214285714285714,2.0,-2.0,1.25,0.0
ES,4h,bear (close==low),2017-05-02 06:00:00,3211.75,3214.0,3207.5,3207.5,0.6538461538461539,4.5,3.25,2.5,2.0,-0.25
ES,4h,bear (close==low),2017-05-28 22:00:00,3241.5,3242.0,3240.5,3240.5,0.6666666666666666,4.75,-0.25,1.25,-1.0,-2.75
ES,4h,bear (close==low),2017-05-29 10:00:00,3241.5,3242.0,3239.5,3239.5,0.8,3.8035714285714284,-3.25,-1.75,-3.0,-1.5
ES,4h,bear (close==low),2017-06-20 02:00:00,3277.25,3278.0,3275.75,3275.75,0.6666666666666666,5.321428571428571,-5.5,-6.5,-11.25,-14.25
ES,4h,bear (close==low),2017-07-06 02:00:00,3255.0,3255.5,3248.0,3248.0,0.9333333333333333,5.982142857142857,-5.25,-4.25,-11.5,-10.0
ES,4h,bear (close==low),2017-07-10 14:00:00,3256.75,3258.0,3251.75,3251.75,0.8,6.5,1.25,3.25,-0.75,0.25
ES,4h,bear (close==low),2017-07-13 22:00:00,3273.75,3274.0,3273.0,3273.0,0.75,4.642857142857143,-1.75,3.75,11.5,11.25
ES,4h,bear (close==low),2017-07-16 18:00:00,3285.0,3287.0,3284.25,3284.25,0.2727272727272727,4.428571428571429,0.75,-0.5,1.5,3.5
ES,4h,bear (close==low),2017-07-25 18:00:00,3303.25,3303.75,3301.5,3301.5,0.7777777777777778,4.339285714285714,-0.5,3.5,3.0,0.75
ES,4h,bear (close==low),2017-07-26 10:00:00,3304.5,3306.5,3301.75,3301.75,0.5789473684210527,4.232142857142857,0.5,3.5,4.25,2.75
ES,4h,bear (close==low),2017-08-23 22:00:00,3267.5,3269.5,3266.25,3266.25,0.38461538461538464,6.553571428571429,6.0,1.0,2.5,2.5
ES,4h,bear (close==low),2017-09-06 14:00:00,3293.0,3297.5,3292.25,3292.25,0.14285714285714285,6.678571428571429,-0.75,-3.0,-0.25,-0.25
ES,4h,bear (close==low),2017-09-12 18:00:00,3325.5,3325.75,3323.0,3323.0,0.9090909090909091,5.232142857142857,-0.75,-2.0,0.0,2.25
ES,4h,bear (close==low),2017-10-05 22:00:00,3379.5,3380.0,3379.25,3379.25,0.3333333333333333,3.357142857142857,-0.25,-3.0,-5.25,-0.5
ES,4h,bear (close==low),2017-10-11 18:00:00,3382.5,3382.75,3380.75,3380.75,0.875,4.142857142857143,0.25,-0.25,-2.25,-1.75
ES,4h,bear (close==low),2017-10-17 22:00:00,3388.0,3388.5,3387.75,3387.75,0.3333333333333333,3.1964285714285716,2.5,2.0,3.75,2.5
ES,4h,bear (close==low),2017-10-18 22:00:00,3390.25,3391.0,3388.5,3388.5,0.7,2.9285714285714284,-8.75,-10.5,-1.75,11.25
ES,4h,bear (close==low),2018-02-01 02:00:00,3661.25,3663.5,3655.75,3655.75,0.7096774193548387,12.25,-5.25,-2.0,-4.75,-8.75
ES,4h,bear (close==low),2018-03-15 10:00:00,3577.0,3590.25,3569.75,3569.75,0.35365853658536583,15.357142857142858,11.75,6.0,9.0,14.0
ES,4h,bear (close==low),2018-03-20 22:00:00,3547.75,3550.75,3547.5,3547.5,0.07692307692307693,13.482142857142858,-4.0,-7.5,6.5,-1.5
ES,4h,bear (close==low),2018-04-02 10:00:00,3447.25,3448.0,3382.25,3382.25,0.9885931558935361,21.732142857142858,23.5,25.25,20.5,29.75
ES,4h,bear (close==low),2018-05-28 02:00:00,3553.75,3554.75,3547.25,3547.25,0.8666666666666667,10.25,-3.5,-1.0,-4.75,-23.0
ES,4h,bear (close==low),2018-06-13 22:00:00,3602.25,3602.25,3594.75,3594.75,1.0,7.160714285714286,2.0,12.0,11.75,11.0
ES,4h,bear (close==low),2018-07-17 22:00:00,3632.75,3634.0,3630.75,3630.75,0.6153846153846154,6.589285714285714,1.25,-1.5,3.0,5.75
ES,4h,bear (close==low),2018-08-12 18:00:00,3654.75,3654.75,3644.0,3644.0,1.0,8.125,0.0,2.25,16.0,1.25
ES,4h,bear (close==low),2018-08-15 06:00:00,3652.5,3653.5,3634.0,3634.0,0.9487179487179487,10.321428571428571,-3.5,7.5,14.5,16.75
ES,4h,bear (close==low),2018-09-04 22:00:00,3716.5,3718.25,3713.25,3713.25,0.65,8.125,-6.0,-7.0,-4.5,-5.5
ES,4h,bear (close==low),2018-09-27 22:00:00,3717.0,3719.0,3715.75,3715.75,0.38461538461538464,8.053571428571429,-3.75,-4.75,0.5,8.75
ES,4h,bear (close==low),2018-10-22 22:00:00,3536.75,3538.25,3523.25,3523.25,0.9,17.375,-6.0,-15.75,-5.75,10.25
ES,4h,bear (close==low),2018-11-28 18:00:00,3532.75,3536.75,3529.25,3529.25,0.4666666666666667,15.267857142857142,0.75,-3.0,0.75,7.5
ES,4h,bear (close==low),2018-12-05 06:00:00,3513.0,3515.5,3496.5,3496.5,0.868421052631579,20.589285714285715,-31.25,-34.0,-46.0,-33.0
ES,4h,bear (close==low),2019-02-14 14:00:00,3534.25,3541.25,3524.25,3524.25,0.5882352941176471,13.0,-7.5,-8.75,3.75,25.25
ES,4h,bear (close==low),2019-06-21 14:00:00,3733.25,3737.25,3722.25,3722.25,0.7333333333333333,12.535714285714286,8.75,10.5,9.5,4.5
ES,4h,bear (close==low),2019-08-14 14:00:00,3631.0,3633.0,3609.75,3609.75,0.9139784946236559,23.482142857142858,20.0,19.0,3.75,-7.5
ES,4h,bear (close==low),2019-09-09 06:00:00,3763.0,3765.5,3755.0,3755.0,0.7619047619047619,10.660714285714286,-5.25,-2.0,-0.75,-8.25
ES,4h,bear (close==low),2019-09-10 18:00:00,3753.0,3753.5,3746.25,3746.25,0.9310344827586207,10.964285714285714,9.25,6.75,11.25,30.0
ES,4h,bear (close==low),2019-10-08 06:00:00,3701.25,3701.5,3674.75,3674.75,0.9906542056074766,17.553571428571427,9.5,-9.25,-1.5,17.5
ES,4h,bear (close==low),2019-10-29 02:00:00,3810.25,3810.75,3803.75,3803.75,0.9285714285714286,7.357142857142857,5.25,10.25,4.5,2.0
ES,4h,bear (close==low),2019-12-19 22:00:00,3980.75,3981.25,3978.25,3978.25,0.8333333333333334,5.875,2.5,12.25,17.0,18.25
ES,4h,bear (close==low),2019-12-22 22:00:00,3996.5,3997.5,3995.25,3995.25,0.5555555555555556,6.25,2.25,1.25,1.5,1.0
ES,4h,bear (close==low),2020-01-27 02:00:00,4029.5,4035.5,4008.25,4008.25,0.7798165137614679,16.160714285714285,12.0,13.25,1.5,23.5
ES,4h,bear (close==low),2020-02-07 02:00:00,4114.75,4116.5,4098.75,4098.75,0.9014084507042254,15.214285714285714,-2.25,-2.5,-6.75,1.0
ES,4h,bear (close==low),2020-03-05 18:00:00,3793.25,3806.0,3749.25,3749.25,0.775330396475771,43.160714285714285,0.75,-40.25,-50.5,-16.5
ES,4h,bear (close==low),2020-03-08 18:00:00,3685.0,3685.0,3588.0,3588.0,1.0,53.892857142857146,0.0,0.0,-26.0,-85.5
ES,4h,bear (close==low),2020-03-15 18:00:00,3432.25,3450.75,3356.25,3356.25,0.8042328042328042,113.94642857142857,-120.0,-104.75,-156.0,-64.25
ES,4h,bear (close==low),2020-03-17 22:00:00,3209.75,3249.0,3194.25,3194.25,0.2831050228310502,121.01785714285714,13.25,-91.75,12.25,-73.5
ES,4h,bear (close==low),2020-05-10 22:00:00,3745.5,3746.5,3731.75,3731.75,0.9322033898305084,22.089285714285715,-13.25,-29.75,-0.25,-28.0
ES,4h,bear (close==low),2020-06-19 10:00:00,3940.0,3944.25,3889.5,3889.5,0.9223744292237442,30.017857142857142,-20.5,-12.5,-9.5,5.75
ES,4h,bear (close==low),2020-06-29 22:00:00,3863.75,3868.25,3853.25,3853.25,0.7,27.482142857142858,0.25,4.5,22.25,43.5
ES,4h,bear (close==low),2020-10-08 22:00:00,4275.0,4281.25,4272.25,4272.25,0.3055555555555556,17.267857142857142,0.25,5.0,18.5,25.5
ES,4h,bear (close==low),2021-01-22 14:00:00,4666.0,4674.75,4659.75,4659.75,0.4166666666666667,16.142857142857142,21.25,19.5,17.25,8.5
ES,4h,bear (close==low),2021-04-08 18:00:00,4937.25,4941.75,4934.0,4934.0,0.41935483870967744,11.732142857142858,-5.0,-1.0,0.0,19.25
ES,4h,bear (close==low),2021-07-07 18:00:00,5201.5,5201.5,5191.75,5191.75,1.0,12.017857142857142,-3.0,-43.0,-42.75,-32.25
ES,4h,bear (close==low),2021-07-13 22:00:00,5212.0,5212.5,5201.75,5201.75,0.9534883720930233,12.267857142857142,9.75,23.0,17.5,10.0
ES,4h,bear (close==low),2021-08-18 22:00:00,5243.25,5244.75,5231.25,5231.25,0.8888888888888888,19.107142857142858,-14.25,6.75,10.5,9.75
ES,4h,bear (close==low),2022-03-31 22:00:00,5415.5,5422.75,5413.0,5413.0,0.2564102564102564,20.535714285714285,13.25,-6.5,-23.75,-5.5
ES,4h,bear (close==low),2022-08-26 14:00:00,4968.0,4970.5,4914.25,4914.25,0.9555555555555556,31.053571428571427,-26.0,-26.5,-19.5,13.75
ES,4h,bear (close==low),2022-09-15 22:00:00,4749.0,4752.75,4744.5,4744.5,0.5454545454545454,28.089285714285715,-8.0,-31.5,-29.5,7.25
ES,4h,bear (close==low),2022-10-27 02:00:00,4720.25,4722.0,4696.25,4696.25,0.9320388349514563,28.660714285714285,-9.0,-12.75,-49.5,-50.25
ES,4h,bear (close==low),2022-10-31 06:00:00,4746.5,4757.75,4729.75,4729.75,0.5982142857142857,36.82142857142857,16.25,8.25,21.0,41.5
ES,4h,bear (close==low),2022-12-05 06:00:00,4912.0,4919.25,4894.25,4894.25,0.71,26.160714285714285,-41.25,-32.75,-28.75,-35.75
ES,4h,bear (close==low),2023-02-09 18:00:00,4921.5,4921.75,4910.75,4910.75,0.9772727272727273,26.25,1.25,-11.75,-3.25,12.25
ES,4h,bear (close==low),2023-02-22 22:00:00,4841.25,4842.5,4838.75,4838.75,0.6666666666666666,18.75,0.0,15.25,-21.25,-0.25
ES,4h,bear (close==low),2023-04-04 18:00:00,4919.75,4921.25,4915.75,4915.75,0.7272727272727273,18.892857142857142,-1.75,-10.75,-5.75,-15.5
ES,4h,bear (close==low),2023-09-20 18:00:00,5139.0,5141.0,5128.5,5128.5,0.84,15.803571428571429,-1.5,-10.25,-34.25,-65.5
ES,4h,bear (close==low),2023-09-29 10:00:00,5060.25,5064.0,5007.5,5007.5,0.9336283185840708,27.964285714285715,15.75,37.25,26.0,5.25
ES,4h,bear (close==low),2023-12-05 22:01:00,5280.75,5284.0,5279.5,5279.5,0.2777777777777778,13.482142857142858,2.5,3.25,-12.25,-33.0
ES,4h,bear (close==low),2024-01-29 22:00:00,5598.5,5599.25,5594.5,5594.5,0.8421052631578947,13.678571428571429,-1.25,2.25,-2.75,-20.75
ES,4h,bear (close==low),2024-03-24 22:00:00,5875.0,5875.0,5868.0,5868.0,1.0,12.857142857142858,-4.0,-4.75,-0.5,-0.75
ES,4h,bear (close==low),2024-04-02 18:00:00,5844.25,5844.5,5833.25,5833.25,0.9777777777777777,17.535714285714285,-2.75,-3.0,3.5,17.5
ES,4h,bear (close==low),2024-06-11 02:00:00,5951.25,5955.75,5937.25,5937.25,0.7567567567567568,17.821428571428573,-13.75,11.0,28.25,34.0
ES,4h,bear (close==low),2024-07-04 06:00:00,6110.75,6114.0,6105.5,6105.5,0.6176470588235294,14.107142857142858,0.0,3.0,7.25,11.75
ES,4h,bear (close==low),2024-07-07 22:00:00,6130.5,6132.25,6128.0,6128.0,0.5882352941176471,11.321428571428571,8.25,24.25,15.5,23.0
ES,4h,bear (close==low),2024-07-09 22:00:00,6150.5,6152.75,6147.75,6147.75,0.55,10.232142857142858,8.75,15.0,40.25,52.75
ES,4h,bear (close==low),2024-10-30 22:00:00,6290.25,6291.0,6280.25,6280.25,0.9302325581395349,20.625,-16.5,-34.75,-69.0,-82.0
ES,4h,bear (close==low),2024-11-13 22:00:00,6467.25,6472.5,6463.0,6463.0,0.4473684210526316,20.482142857142858,13.25,-0.25,-25.0,-46.0
ES,4h,bear (close==low),2024-12-03 02:00:00,6520.0,6523.75,6517.75,6517.75,0.375,12.125,-3.0,-2.0,6.25,11.25
ES,4h,bear (close==low),2024-12-25 22:00:00,6490.25,6495.5,6489.75,6489.75,0.08695652173913043,24.696428571428573,-25.5,-17.25,-3.5,-14.25
ES,4h,bear (close==low),2025-03-26 02:00:00,6158.5,6167.5,6153.75,6153.75,0.34545454545454546,18.535714285714285,-6.25,-63.25,-60.0,-50.5
ES,4h,bear (close==low),2025-08-15 02:00:00,6791.25,6794.25,6777.25,6777.25,0.8235294117647058,18.767857142857142,-14.5,-7.5,-24.5,-13.25
ES,4h,bear (close==low),2025-08-24 18:00:00,6778.5,6779.5,6760.0,6760.0,0.9487179487179487,27.732142857142858,7.25,-4.5,-1.25,-15.0
ES,4h,bear (close==low),2025-09-11 18:00:00,6880.0,6880.5,6873.25,6873.25,0.9310344827586207,17.357142857142858,5.75,-4.0,7.25,2.5
ES,4h,bear (close==low),2025-10-07 22:00:00,6999.0,7003.0,6995.0,6995.0,0.5,18.125,6.5,9.0,33.25,34.75
ES,4h,bear (close==low),2025-11-03 18:00:00,7114.5,7114.5,7083.5,7083.5,1.0,29.928571428571427,-32.5,-39.5,-16.5,-46.75
ES,4h,bear (close==low),2026-02-20 02:00:00,7069.0,7077.0,7055.0,7055.0,0.6363636363636364,29.428571428571427,-4.0,41.25,42.0,-3.5
ES,4h,bear (close==low),2026-05-14 22:00:00,7617.25,7634.0,7588.0,7588.0,0.6358695652173914,29.892857142857142,-21.0,-33.75,4.75,-78.25
ES,4h,bear (close==low),2026-06-01 18:00:00,7734.0,7734.0,7699.5,7699.5,1.0,25.446428571428573,16.75,24.0,26.25,50.75
ES,4h,bear (close==low),2026-06-17 06:00:00,7592.25,7600.25,7581.0,7581.0,0.5844155844155844,22.410714285714285,7.75,-70.0,-28.0,-17.75
ES,1d,bull (close==high),2017-06-27 18:00:00,3245.0,3270.5,3241.75,3270.5,0.8869565217391304,17.535714285714285,-21.0,-21.0,-17.5,-14.0
ES,1d,bull (close==high),2017-09-14 18:00:00,3324.0,3330.25,3317.25,3330.25,0.4807692307692308,15.107142857142858,3.0,3.5,4.75,-0.25
ES,1d,bull (close==high),2017-09-28 18:00:00,3338.0,3348.0,3335.0,3348.0,0.7692307692307693,10.732142857142858,10.0,15.25,18.0,27.0
ES,1d,bull (close==high),2019-10-22 18:00:00,3764.0,3778.0,3754.0,3778.0,0.5833333333333334,37.107142857142854,-3.25,13.75,31.0,44.5
ES,1d,bull (close==high),2021-07-20 18:00:00,5168.0,5204.5,5159.25,5204.5,0.8066298342541437,48.607142857142854,15.75,44.0,59.75,36.75
ES,1d,bear (close==low),2017-04-25 18:00:00,3208.25,3220.0,3206.75,3206.75,0.11320754716981132,,5.75,-0.75,5.25,0.75
ES,1d,bear (close==low),2019-08-13 18:00:00,3705.0,3710.5,3609.75,3609.75,0.9454094292803971,62.82142857142857,16.0,55.75,86.5,96.5
ES,1d,bear (close==low),2022-08-25 18:00:00,5069.75,5088.75,4914.25,4914.25,0.8911174785100286,69.01785714285714,-7.0,-56.25,-82.25,-109.5
NQ,1h,bull (close==high),2017-04-17 19:00:00,10125.25,10125.75,10124.0,10125.75,0.2857142857142857,,0.25,-0.5,1.0,3.0
NQ,1h,bull (close==high),2017-04-19 00:00:00,10124.25,10125.5,10123.0,10125.5,0.5,7.982142857142857,0.0,0.25,1.0,10.5
NQ,1h,bull (close==high),2017-04-24 13:00:00,10228.5,10232.75,10228.25,10232.75,0.9444444444444444,6.857142857142857,3.0,3.0,-0.5,-3.5
NQ,1h,bull (close==high),2017-04-30 19:00:00,10306.25,10307.5,10305.5,10307.5,0.625,7.946428571428571,2.5,8.5,8.0,9.0
NQ,1h,bull (close==high),2017-05-01 05:00:00,10320.75,10322.25,10320.25,10322.25,0.75,4.339285714285714,-0.25,2.25,7.25,22.75
NQ,1h,bull (close==high),2017-05-01 19:00:00,10358.75,10360.0,10358.25,10360.0,0.7142857142857143,7.214285714285714,4.75,-0.75,1.75,1.25
NQ,1h,bull (close==high),2017-05-01 20:00:00,10359.5,10364.75,10358.75,10364.75,0.875,7.5,-5.5,-3.0,-3.25,-5.75
NQ,1h,bull (close==high),2017-05-02 07:00:00,10362.75,10363.75,10362.0,10363.75,0.5714285714285714,3.625,3.5,-9.0,-2.5,4.25
NQ,1h,bull (close==high),2017-05-03 08:00:00,10355.5,10359.25,10352.5,10359.25,0.5555555555555556,3.4464285714285716,-10.5,-21.5,-14.25,-15.25
NQ,1h,bull (close==high),2017-05-03 18:00:00,10337.75,10341.75,10336.25,10341.75,0.7272727272727273,9.25,7.0,7.75,6.5,8.25
NQ,1h,bull (close==high),2017-05-04 00:00:00,10350.0,10350.25,10348.75,10350.25,0.16666666666666666,8.410714285714286,-1.25,0.0,-1.75,8.5
NQ,1h,bull (close==high),2017-05-05 00:00:00,10342.75,10346.25,10341.25,10346.25,0.7,8.714285714285714,0.0,1.0,4.75,9.25
NQ,1h,bull (close==high),2017-05-08 13:00:00,10377.25,10381.0,10374.25,10381.0,0.5555555555555556,7.017857142857143,-0.25,2.75,3.0,2.0
NQ,1h,bull (close==high),2017-05-09 07:00:00,10386.75,10390.0,10386.75,10390.0,1.0,3.142857142857143,1.25,16.5,16.5,14.0
NQ,1h,bull (close==high),2017-05-09 09:00:00,10391.25,10406.5,10387.5,10406.5,0.8026315789473685,4.446428571428571,0.0,-3.25,-2.5,-6.0
NQ,1h,bull (close==high),2017-05-10 12:00:00,10398.25,10404.5,10396.25,10404.5,0.7575757575757576,6.089285714285714,1.0,0.75,2.25,-1.5
NQ,1h,bull (close==high),2017-05-12 06:00:00,10389.25,10392.25,10387.5,10392.25,0.631578947368421,4.035714285714286,1.5,9.25,12.0,21.75
NQ,1h,bull (close==high),2017-05-12 13:00:00,10411.0,10415.75,10409.25,10415.75,0.7307692307692307,6.5,-2.75,-1.5,2.5,4.25
NQ,1h,bull (close==high),2017-05-15 15:00:00,10427.75,10432.25,10424.5,10432.25,0.5806451612903226,8.357142857142858,1.25,-0.5,0.75,-3.0
NQ,1h,bull (close==high),2017-05-15 19:00:00,10432.0,10433.0,10430.75,10433.0,0.4444444444444444,8.089285714285714,-1.75,-3.75,-7.0,-3.25
NQ,1h,bull (close==high),2017-05-16 00:00:00,10427.25,10429.75,10427.25,10429.75,1.0,6.571428571428571,0.75,1.5,2.75,2.75
NQ,1h,bull (close==high),2017-05-16 06:00:00,10432.5,10435.5,10431.75,10435.5,0.8,3.75,3.25,4.5,9.75,10.75
NQ,1h,bull (close==high),2017-05-21 23:00:00,10387.75,10392.5,10386.75,10392.5,0.8260869565217391,9.607142857142858,-2.25,-1.5,-0.75,-4.25
NQ,1h,bull (close==high),2017-05-22 22:00:00,10423.25,10428.75,10422.5,10428.75,0.88,9.071428571428571,-0.5,-1.0,-2.25,12.0
NQ,1h,bull (close==high),2017-05-23 15:00:00,10430.75,10434.75,10427.0,10434.75,0.5161290322580645,10.035714285714286,4.75,3.0,3.25,1.25
NQ,1h,bull (close==high),2017-05-29 03:00:00,10526.25,10527.25,10524.0,10527.25,0.3076923076923077,4.535714285714286,-2.0,0.0,1.0,2.75
NQ,1h,bull (close==high),2017-06-05 18:00:00,10609.0,10611.25,10607.75,10611.25,0.6428571428571429,6.339285714285714,0.25,-5.0,-4.75,-4.0
NQ,1h,bull (close==high),2017-06-06 19:00:00,10591.75,10592.75,10591.5,10592.75,0.8,10.464285714285714,0.25,2.25,3.0,3.25
NQ,1h,bull (close==high),2017-06-06 23:00:00,10595.25,10595.5,10595.25,10595.5,1.0,9.303571428571429,0.5,-0.5,-2.5,-3.25
NQ,1h,bull (close==high),2017-06-07 00:04:00,10595.0,10596.0,10595.0,10596.0,1.0,8.089285714285714,-1.0,-3.0,-2.75,-2.5
NQ,1h,bull (close==high),2017-06-09 01:00:00,10612.25,10613.75,10610.25,10613.75,0.42857142857142855,10.464285714285714,-0.5,0.25,4.0,0.0
NQ,1h,bull (close==high),2017-06-11 19:00:00,10461.0,10461.5,10455.75,10461.5,0.08695652173913043,28.0,-1.75,0.5,-3.75,-7.25
NQ,1h,bull (close==high),2017-06-12 19:00:00,10439.0,10442.5,10437.25,10442.5,0.6666666666666666,26.875,2.75,3.75,4.0,10.25
NQ,1h,bull (close==high),2017-06-13 16:00:00,10479.5,10482.25,10476.5,10482.25,0.4782608695652174,14.303571428571429,-1.25,-0.75,-1.25,-12.0
NQ,1h,bull (close==high),2017-06-13 19:00:00,10481.0,10481.5,10479.75,10481.5,0.2857142857142857,13.857142857142858,-0.5,-8.0,-11.25,-8.25
NQ,1h,bull (close==high),2017-06-15 19:00:00,10424.75,10428.75,10423.5,10428.75,0.7619047619047619,18.160714285714285,4.75,7.25,8.25,15.25
NQ,1h,bull (close==high),2017-06-18 19:00:00,10408.5,10411.75,10407.25,10411.75,0.7222222222222222,15.071428571428571,12.0,15.0,19.0,16.75
NQ,1h,bull (close==high),2017-06-26 23:00:00,10502.25,10503.25,10500.25,10503.25,0.3333333333333333,14.571428571428571,-2.25,-7.25,-14.75,-30.5
NQ,1h,bull (close==high),2017-06-27 07:00:00,10474.5,10478.75,10468.25,10478.75,0.40476190476190477,8.160714285714286,-6.75,-13.5,-0.75,-32.0
NQ,1h,bull (close==high),2017-07-06 00:00:00,10358.0,10361.25,10357.0,10361.25,0.7647058823529411,12.642857142857142,4.25,6.25,-4.0,-29.0
NQ,1h,bull (close==high),2017-07-10 18:00:00,10412.0,10414.0,10408.0,10414.0,0.3333333333333333,12.517857142857142,4.0,3.75,6.5,5.0
NQ,1h,bull (close==high),2017-07-12 00:00:00,10435.75,10438.0,10435.25,10438.0,0.8181818181818182,12.5,1.25,-1.5,3.75,10.0
NQ,1h,bull (close==high),2017-07-12 18:00:00,10506.75,10509.25,10504.75,10509.25,0.5555555555555556,12.910714285714286,2.0,8.25,10.25,7.5
NQ,1h,bull (close==high),2017-07-12 19:00:00,10509.0,10511.25,10504.0,10511.25,0.3103448275862069,13.035714285714286,6.25,8.25,6.75,7.75
NQ,1h,bull (close==high),2017-07-19 19:01:00,10638.25,10641.25,10636.75,10641.25,0.6666666666666666,8.375,0.0,-0.75,-3.0,-0.5
NQ,1h,bull (close==high),2017-07-21 15:00:00,10634.25,10641.0,10630.25,10641.0,0.627906976744186,10.125,2.0,-1.5,-4.5,-14.25
NQ,1h,bull (close==high),2017-07-28 08:00:00,10593.25,10601.0,10580.75,10601.0,0.38271604938271603,11.035714285714286,7.5,4.75,23.0,28.75
NQ,1h,bull (close==high),2017-07-31 01:00:00,10626.0,10630.5,10626.0,10630.5,1.0,8.839285714285714,-0.75,11.5,10.5,8.0
NQ,1h,bull (close==high),2017-08-01 00:00:00,10625.25,10627.25,10623.5,10627.25,0.5333333333333333,13.392857142857142,-4.0,-1.25,0.0,2.0
NQ,1h,bull (close==high),2017-08-09 02:00:00,10619.5,10623.75,10618.25,10623.75,0.7727272727272727,12.607142857142858,-7.0,-13.5,-25.5,-23.0
NQ,1h,bull (close==high),2017-08-15 07:00:00,10645.25,10649.5,10645.25,10649.5,1.0,7.214285714285714,-6.5,-19.0,-23.5,-13.75
NQ,1h,bull (close==high),2017-08-29 06:00:00,10512.0,10516.75,10507.5,10516.75,0.5135135135135135,15.446428571428571,4.25,-0.25,24.5,61.5
NQ,1h,bull (close==high),2017-08-30 23:00:00,10663.5,10665.5,10663.0,10665.5,0.8,11.821428571428571,0.0,-0.25,-2.5,6.0
NQ,1h,bull (close==high),2017-09-11 09:32:00,10667.75,10686.5,10667.75,10686.5,1.0,25.107142857142858,-14.0,-5.5,-6.75,11.0
NQ,1h,bull (close==high),2017-09-11 15:04:00,10676.0,10679.75,10676.0,10679.75,1.0,22.910714285714285,3.75,17.75,15.75,14.25
NQ,1h,bull (close==high),2017-09-12 15:02:00,10670.75,10693.5,10670.75,10693.5,1.0,17.75,11.5,-4.75,1.25,-10.75
NQ,1h,bull (close==high),2017-09-12 16:14:00,10700.5,10705.0,10700.5,10705.0,1.0,18.25,-16.25,-10.25,-12.5,-2.5
NQ,1h,bull (close==high),2017-09-13 08:36:00,10684.5,10688.75,10684.5,10688.75,1.0,19.160714285714285,6.0,3.75,-6.0,7.75
NQ,1h,bull (close==high),2017-09-13 09:30:00,10685.25,10694.75,10677.75,10694.75,0.5588235294117647,18.803571428571427,-2.25,-12.0,7.75,7.75
NQ,1h,bull (close==high),2017-09-13 12:29:00,10693.25,10702.5,10693.25,10702.5,1.0,14.160714285714286,-6.0,0.0,-11.25,-23.75
NQ,1h,bull (close==high),2017-09-13 14:05:00,10695.5,10696.5,10695.5,10696.5,1.0,14.303571428571429,6.0,-5.25,-16.0,-11.25
NQ,1h,bull (close==high),2017-09-13 15:16:00,10694.0,10702.5,10694.0,10702.5,1.0,14.357142857142858,-11.25,-22.0,-23.75,-15.0
NQ,1h,bull (close==high),2017-09-14 03:00:00,10687.5,10691.25,10687.5,10691.25,1.0,14.303571428571429,-10.75,-12.5,-6.0,-14.25
NQ,1h,bull (close==high),2017-09-14 08:43:00,10674.0,10680.5,10674.0,10680.5,1.0,15.392857142857142,-1.75,4.75,7.0,-13.0
NQ,1h,bull (close==high),2017-09-14 10:32:00,10684.75,10685.25,10684.75,10685.25,1.0,14.589285714285714,2.25,-8.25,-17.75,-35.25
NQ,1h,bull (close==high),2017-09-15 00:06:00,10664.5,10668.5,10664.5,10668.5,1.0,13.285714285714286,-6.5,-1.0,40.25,20.75
NQ,1h,bull (close==high),2017-09-15 07:11:00,10660.75,10662.0,10659.75,10662.0,0.5555555555555556,12.660714285714286,5.5,46.75,34.75,23.0
NQ,1h,bull (close==high),2017-09-15 09:35:00,10666.0,10667.5,10662.0,10667.5,0.2727272727272727,11.642857142857142,41.25,29.25,21.75,20.5
NQ,1h,bull (close==high),2017-09-15 10:01:00,10668.0,10708.75,10667.75,10708.75,0.9939024390243902,14.089285714285714,-12.0,-19.5,-23.75,-20.25
NQ,1h,bull (close==high),2017-09-15 14:00:00,10687.75,10688.0,10684.0,10688.0,0.0625,12.267857142857142,0.5,5.5,11.5,7.25
NQ,1h,bull (close==high),2017-09-15 16:14:00,10692.5,10693.5,10691.5,10693.5,0.5,11.660714285714286,6.0,10.0,1.75,9.0
NQ,1h,bull (close==high),2017-09-18 04:08:00,10701.5,10703.5,10699.5,10703.5,0.5,11.303571428571429,-8.25,5.5,-1.0,0.75
NQ,1h,bull (close==high),2017-09-19 13:04:00,10689.0,10692.0,10686.75,10692.0,0.5714285714285714,10.839285714285714,-2.0,-1.5,0.75,-2.75
NQ,1h,bull (close==high),2017-09-19 21:00:00,10686.5,10689.25,10686.5,10689.25,1.0,7.607142857142857,3.25,6.25,-5.75,-21.75
NQ,1h,bull (close==high),2017-09-20 07:26:00,10694.5,10695.5,10694.5,10695.5,1.0,7.517857142857143,-12.0,-38.0,-28.0,-21.25
NQ,1h,bull (close==high),2017-09-20 22:49:00,10668.75,10670.0,10668.75,10670.0,1.0,13.571428571428571,3.25,-31.25,-34.5,-15.5
NQ,1h,bull (close==high),2017-09-21 06:45:00,10672.5,10673.25,10672.5,10673.25,1.0,13.5,-34.5,-37.75,-26.75,-15.75
NQ,1h,bull (close==high),2017-09-21 18:02:00,10639.0,10640.0,10638.75,10640.0,0.8,15.75,-1.5,-17.0,-22.5,-25.25
NQ,1h,bull (close==high),2017-09-21 19:47:00,10637.5,10638.5,10637.5,10638.5,1.0,12.803571428571429,-15.5,-21.0,-27.0,-20.75
NQ,1h,bull (close==high),2017-09-22 00:30:00,10614.25,10617.75,10614.25,10617.75,1.0,10.357142857142858,5.0,10.75,16.0,3.75
NQ,1h,bull (close==high),2017-09-22 02:30:00,10621.25,10622.75,10621.0,10622.75,0.8571428571428571,8.892857142857142,5.75,11.0,1.75,5.25
NQ,1h,bull (close==high),2017-09-22 04:13:00,10626.0,10628.5,10626.0,10628.5,1.0,8.232142857142858,5.25,-4.0,-7.0,-8.0
NQ,1h,bull (close==high),2017-09-22 06:04:00,10630.75,10633.75,10629.25,10633.75,0.6666666666666666,7.964285714285714,-9.25,-12.25,-5.75,-9.0
NQ,1h,bull (close==high),2017-09-24 18:02:00,10628.75,10637.5,10628.75,10637.5,1.0,8.839285714285714,10.75,7.25,1.0,-6.75
NQ,1h,bull (close==high),2017-09-24 19:29:00,10637.0,10648.25,10637.0,10648.25,1.0,9.285714285714286,-3.5,-9.75,-11.0,-15.25
NQ,1h,bull (close==high),2017-09-25 01:29:00,10629.75,10631.75,10629.75,10631.75,1.0,7.125,-3.75,-3.5,-23.5,-66.0
NQ,1h,bull (close==high),2017-09-25 04:20:00,10620.75,10628.0,10620.75,10628.0,1.0,7.428571428571429,0.25,-19.75,-37.5,-69.5
NQ,1h,bull (close==high),2017-09-25 06:04:00,10625.0,10628.25,10625.0,10628.25,1.0,7.25,-20.0,-37.75,-62.5,-63.75
NQ,1h,bull (close==high),2017-09-25 15:03:00,10548.75,10569.5,10548.75,10569.5,1.0,15.642857142857142,7.25,2.75,-4.25,1.75
NQ,1h,bull (close==high),2017-09-25 16:00:00,10570.5,10576.75,10570.25,10576.75,0.9615384615384616,15.857142857142858,-4.5,-11.5,-1.0,-6.25
NQ,1h,bull (close==high),2017-09-26 02:02:00,10570.75,10573.75,10570.75,10573.75,1.0,14.785714285714286,-1.75,8.75,9.0,23.75
NQ,1h,bull (close==high),2017-09-26 03:02:00,10571.75,10572.0,10571.75,10572.0,1.0,13.214285714285714,10.5,10.75,15.5,24.0
NQ,1h,bull (close==high),2017-09-26 05:20:00,10578.0,10582.5,10578.0,10582.5,1.0,10.464285714285714,0.25,5.0,15.0,-0.25
NQ,1h,bull (close==high),2017-09-26 07:06:00,10579.75,10587.5,10579.75,10587.5,1.0,8.017857142857142,10.0,8.5,-5.25,-3.75
NQ,1h,bull (close==high),2017-09-26 08:17:00,10588.5,10597.5,10587.25,10597.5,0.8780487804878049,8.125,-1.5,-15.25,-25.5,3.5
NQ,1h,bull (close==high),2017-09-26 21:00:00,10586.0,10590.0,10584.5,10590.0,0.7272727272727273,12.053571428571429,5.5,7.25,12.0,13.0
NQ,1h,bull (close==high),2017-09-26 22:01:00,10594.0,10595.5,10594.0,10595.5,1.0,11.696428571428571,1.75,6.5,14.75,7.75
NQ,1h,bull (close==high),2017-09-26 23:02:00,10595.5,10597.25,10595.5,10597.25,1.0,11.678571428571429,4.75,13.0,5.75,7.5
NQ,1h,bull (close==high),2017-09-27 02:05:00,10597.25,10602.0,10597.25,10602.0,1.0,11.464285714285714,8.25,1.0,1.25,5.5
NQ,1h,bull (close==high),2017-09-27 03:15:00,10598.75,10610.25,10598.75,10610.25,1.0,11.553571428571429,-7.25,-7.0,-5.5,13.25
NQ,1h,bull (close==high),2017-09-27 06:16:00,10599.5,10603.25,10599.5,10603.25,1.0,9.321428571428571,1.5,4.25,20.25,10.75
NQ,1h,bull (close==high),2017-09-27 12:01:00,10611.0,10619.75,10607.5,10619.75,0.7142857142857143,8.857142857142858,9.25,26.5,26.75,14.75
NQ,1h,bull (close==high),2017-09-27 23:03:00,10638.0,10639.75,10637.75,10639.75,0.875,11.410714285714286,-16.75,-18.25,-13.0,-18.25
NQ,1h,bull (close==high),2017-09-28 08:13:00,10619.5,10621.5,10614.5,10621.5,0.2857142857142857,12.607142857142858,5.25,7.75,0.0,15.0
NQ,1h,bull (close==high),2017-09-28 13:24:00,10628.25,10636.5,10628.25,10636.5,1.0,13.0,-8.25,-2.0,1.25,1.25
NQ,1h,bull (close==high),2017-09-28 16:01:00,10635.5,10637.75,10634.25,10637.75,0.6428571428571429,11.839285714285714,1.25,0.0,4.5,16.75
NQ,1h,bull (close==high),2017-09-29 03:15:00,10637.25,10637.75,10637.25,10637.75,1.0,10.339285714285714,4.5,1.5,16.75,44.0
NQ,1h,bull (close==high),2017-09-29 12:00:00,10671.75,10681.75,10669.5,10681.75,0.8163265306122449,11.5,-4.75,-5.25,-1.0,9.75
NQ,1h,bull (close==high),2017-10-01 20:42:00,10689.5,10690.25,10689.5,10690.25,1.0,9.482142857142858,-3.75,-4.5,-8.25,3.75
NQ,1h,bull (close==high),2017-10-02 05:01:00,10681.5,10689.0,10681.5,10689.0,1.0,9.035714285714286,5.0,6.5,-1.0,11.25
NQ,1h,bull (close==high),2017-10-02 06:33:00,10693.5,10694.0,10692.25,10694.0,0.2857142857142857,7.607142857142857,1.5,-6.0,5.75,-28.5
NQ,1h,bull (close==high),2017-10-02 12:00:00,10665.25,10678.5,10658.5,10678.5,0.6625,10.053571428571429,-4.0,0.75,5.0,10.0
NQ,1h,bull (close==high),2017-10-02 16:12:00,10679.5,10681.0,10678.5,10681.0,0.6,10.071428571428571,7.5,10.75,2.0,6.5
NQ,1h,bull (close==high),2017-10-02 21:48:00,10685.5,10688.5,10685.5,10688.5,1.0,10.446428571428571,3.25,-5.5,-5.5,8.5
NQ,1h,bull (close==high),2017-10-03 06:18:00,10682.25,10683.0,10682.25,10683.0,1.0,10.678571428571429,0.0,4.5,14.0,6.5
NQ,1h,bull (close==high),2017-10-03 13:00:00,10693.5,10694.5,10693.5,10694.5,1.0,7.696428571428571,1.5,1.25,2.5,-10.25
NQ,1h,bull (close==high),2017-10-03 16:00:00,10696.25,10697.0,10696.25,10697.0,1.0,6.767857142857143,-7.0,-12.75,-8.75,5.5
NQ,1h,bull (close==high),2017-10-04 14:16:00,10694.0,10701.25,10693.5,10701.25,0.9354838709677419,8.642857142857142,0.0,4.5,15.75,22.25
NQ,1h,bull (close==high),2017-10-04 16:00:00,10702.5,10705.75,10702.5,10705.75,1.0,8.410714285714286,11.25,18.75,17.75,25.75
NQ,1h,bull (close==high),2017-10-05 07:31:00,10711.25,10717.0,10711.0,10717.0,0.9583333333333334,9.142857142857142,7.5,6.5,4.0,27.0
NQ,1h,bull (close==high),2017-10-05 13:08:00,10749.25,10751.25,10747.75,10751.25,0.5714285714285714,11.982142857142858,8.0,7.25,11.5,13.5
NQ,1h,bull (close==high),2017-10-05 14:00:00,10750.0,10759.25,10746.0,10759.25,0.6981132075471698,12.089285714285714,-0.75,3.5,8.25,4.5
NQ,1h,bull (close==high),2017-10-06 07:30:00,10768.5,10769.0,10768.5,10769.0,1.0,8.892857142857142,-25.0,-13.5,-22.25,-6.0
NQ,1h,bull (close==high),2017-10-08 20:46:00,10772.5,10773.25,10772.5,10773.25,1.0,9.0,2.5,-2.5,0.75,3.0
NQ,1h,bull (close==high),2017-10-09 05:22:00,10774.0,10775.5,10774.0,10775.5,1.0,7.910714285714286,0.75,0.5,3.75,-3.5
NQ,1h,bull (close==high),2017-10-09 06:20:00,10776.0,10776.25,10776.0,10776.25,1.0,6.625,-0.25,3.0,1.25,0.25
NQ,1h,bull (close==high),2017-10-09 13:20:00,10771.0,10773.5,10771.0,10773.5,1.0,5.392857142857143,-5.5,-13.0,-11.5,-1.75
NQ,1h,bull (close==high),2017-10-09 14:34:00,10766.0,10768.0,10766.0,10768.0,1.0,5.803571428571429,-7.5,-6.0,4.5,0.75
NQ,1h,bull (close==high),2017-10-10 02:42:00,10771.0,10772.5,10771.0,10772.5,1.0,6.589285714285714,-0.75,-3.75,4.0,2.0
NQ,1h,bull (close==high),2017-10-10 06:07:00,10775.5,10776.5,10775.5,10776.5,1.0,6.928571428571429,3.25,-2.0,-14.25,-21.0
NQ,1h,bull (close==high),2017-10-10 12:02:00,10749.5,10755.5,10739.5,10755.5,0.375,9.839285714285714,1.5,3.25,11.5,9.75
NQ,1h,bull (close==high),2017-10-10 14:07:00,10758.25,10758.75,10752.5,10758.75,0.08,10.303571428571429,8.25,7.25,6.5,8.0
NQ,1h,bull (close==high),2017-10-10 15:00:00,10760.25,10767.0,10760.25,10767.0,1.0,10.357142857142858,-1.0,-1.75,-1.0,2.0
NQ,1h,bull (close==high),2017-10-10 18:02:00,10762.75,10765.25,10762.75,10765.25,1.0,9.642857142857142,0.75,1.5,3.75,4.0
NQ,1h,bull (close==high),2017-10-10 23:22:00,10767.75,10769.25,10767.75,10769.25,1.0,8.392857142857142,-11.5,-14.0,-6.75,-0.25
NQ,1h,bull (close==high),2017-10-11 15:05:00,10777.75,10785.75,10777.25,10785.75,0.9411764705882353,5.821428571428571,-4.25,-1.5,-7.0,-13.25
NQ,1h,bull (close==high),2017-10-11 18:01:00,10783.5,10784.25,10783.5,10784.25,1.0,6.053571428571429,-5.5,-6.75,-11.75,-0.5
NQ,1h,bull (close==high),2017-10-12 20:44:00,10771.25,10771.5,10771.25,10771.5,1.0,7.535714285714286,3.25,9.0,5.5,1.0
NQ,1h,bull (close==high),2017-10-12 21:50:00,10774.0,10774.75,10774.0,10774.75,1.0,7.446428571428571,5.75,2.25,0.5,8.75
NQ,1h,bull (close==high),2017-10-13 00:17:00,10779.0,10780.5,10778.75,10780.5,0.8571428571428571,7.660714285714286,-3.5,-5.25,-8.0,14.25
NQ,1h,bull (close==high),2017-10-13 12:03:00,10800.25,10801.25,10796.0,10801.25,0.19047619047619047,6.517857142857143,-3.75,-2.75,-8.75,4.75
NQ,1h,bull (close==high),2017-10-13 16:00:00,10795.5,10799.5,10795.5,10799.5,1.0,6.375,6.5,10.0,14.0,6.75
NQ,1h,bull (close==high),2017-10-15 20:36:00,10806.25,10809.5,10806.25,10809.5,1.0,6.464285714285714,4.0,2.0,-3.25,-0.5
NQ,1h,bull (close==high),2017-10-16 03:06:00,10805.0,10808.0,10804.0,10808.0,0.75,5.428571428571429,1.0,-1.75,3.0,1.5
NQ,1h,bull (close==high),2017-10-16 09:18:00,10812.5,10817.5,10812.5,10817.5,1.0,4.857142857142857,-8.0,-5.0,-11.75,-7.25
NQ,1h,bull (close==high),2017-10-16 13:17:00,10807.0,10809.5,10807.0,10809.5,1.0,6.089285714285714,0.75,7.0,11.5,12.5
NQ,1h,bull (close==high),2017-10-16 15:03:00,10810.0,10816.5,10810.0,10816.5,1.0,6.053571428571429,4.5,4.0,5.5,1.0
NQ,1h,bull (close==high),2017-10-16 16:01:00,10817.5,10821.0,10816.75,10821.0,0.8235294117647058,6.017857142857143,-0.5,1.0,2.0,-5.25
NQ,1h,bull (close==high),2017-10-16 18:32:00,10818.0,10820.5,10818.0,10820.5,1.0,6.089285714285714,1.5,2.5,-3.0,-5.0
NQ,1h,bull (close==high),2017-10-17 12:03:00,10813.25,10815.25,10812.0,10815.25,0.6153846153846154,4.946428571428571,-0.25,2.25,10.0,8.75
NQ,1h,bull (close==high),2017-10-17 14:18:00,10816.25,10817.5,10816.25,10817.5,1.0,4.446428571428571,7.75,5.0,6.5,10.25
NQ,1h,bull (close==high),2017-10-17 15:20:00,10816.5,10825.25,10816.5,10825.25,1.0,4.857142857142857,-2.75,-1.25,3.25,-0.25
NQ,1h,bull (close==high),2017-10-17 18:15:00,10822.5,10824.0,10822.5,10824.0,1.0,4.803571428571429,4.5,3.75,1.0,4.75
NQ,1h,bull (close==high),2017-10-18 03:16:00,10823.25,10825.0,10823.25,10825.0,1.0,4.767857142857143,6.0,3.75,3.5,-4.5
NQ,1h,bull (close==high),2017-10-18 13:06:00,10826.0,10826.25,10822.5,10826.25,0.06666666666666667,6.589285714285714,-4.0,-9.25,-7.25,-18.25
NQ,1h,bull (close==high),2017-10-18 16:09:00,10818.0,10819.0,10818.0,10819.0,1.0,7.089285714285714,-2.0,-11.0,-54.75,-35.0
NQ,1h,bull (close==high),2017-10-18 20:13:00,10815.25,10817.0,10815.25,10817.0,1.0,7.017857142857143,-9.0,-52.75,-33.25,-44.25
NQ,1h,bull (close==high),2017-10-19 04:00:00,10761.75,10783.75,10755.5,10783.75,0.7787610619469026,11.857142857142858,0.25,-11.0,-5.5,-20.75
NQ,1h,bull (close==high),2017-10-19 10:00:00,10761.5,10779.5,10754.5,10779.5,0.72,14.517857142857142,-7.0,-5.5,3.75,14.0
NQ,1h,bull (close==high),2017-10-19 15:05:00,10785.0,10793.5,10784.75,10793.5,0.9714285714285714,16.035714285714285,5.0,1.25,29.5,23.25
NQ,1h,bull (close==high),2017-10-19 21:19:00,10792.5,10823.0,10792.5,10823.0,1.0,13.142857142857142,-1.25,-6.25,-9.25,-12.25
NQ,1h,bull (close==high),2017-10-20 05:00:00,10805.0,10810.75,10805.0,10810.75,1.0,10.678571428571429,7.0,-3.25,3.5,2.25
NQ,1h,bull (close==high),2017-10-20 13:07:00,10817.5,10819.75,10817.0,10819.75,0.8181818181818182,9.607142857142858,-6.75,-14.0,-8.0,0.5
NQ,1h,bull (close==high),2017-10-22 18:00:00,10812.5,10818.75,10812.5,10818.75,1.0,9.910714285714286,1.5,-5.5,-7.5,2.75
NQ,1h,bull (close==high),2017-10-23 04:25:00,10812.5,10816.0,10811.5,10816.0,0.7777777777777778,8.107142857142858,5.5,6.5,-0.5,-8.25
NQ,1h,bull (close==high),2017-10-23 21:26:00,10772.5,10774.25,10772.5,10774.25,1.0,10.482142857142858,0.5,-2.25,-0.75,-2.0
NQ,1h,bull (close==high),2017-10-24 00:01:00,10772.5,10773.5,10772.5,10773.5,1.0,9.857142857142858,-4.5,-1.25,-9.75,-0.75
NQ,1h,bull (close==high),2017-10-24 18:01:00,10772.75,10773.75,10772.75,10773.75,1.0,9.696428571428571,1.75,-4.25,3.0,-6.75
NQ,1h,bull (close==high),2017-10-24 19:04:00,10772.5,10775.5,10772.5,10775.5,1.0,9.625,-6.0,1.25,1.0,-3.0
NQ,1h,bull (close==high),2017-10-25 00:00:00,10776.25,10776.5,10776.25,10776.5,1.0,9.0,-9.5,-4.0,-8.75,-9.75
NQ,1h,bull (close==high),2017-10-25 01:13:00,10766.0,10767.0,10762.25,10767.0,0.21052631578947367,9.321428571428571,5.5,0.75,-2.5,-2.5
NQ,1h,bull (close==high),2017-10-25 06:26:00,10771.75,10772.5,10771.75,10772.5,1.0,8.107142857142858,-4.75,-8.0,-5.75,-50.0
NQ,1h,bull (close==high),2017-10-25 22:06:00,10764.5,10767.5,10764.5,10767.5,1.0,13.589285714285714,-2.25,-4.25,-7.0,-3.25
NQ,1h,bull (close==high),2017-10-26 00:27:00,10762.5,10763.25,10762.5,10763.25,1.0,12.053571428571429,-2.75,-4.0,1.0,3.5
NQ,1h,bull (close==high),2017-10-26 06:00:00,10764.5,10766.75,10764.5,10766.75,1.0,5.785714285714286,-1.25,-9.5,-10.75,-16.5
NQ,1h,bull (close==high),2017-10-26 10:01:00,10751.75,10765.0,10736.0,10765.0,0.45689655172413796,8.696428571428571,-14.75,-19.5,-19.0,-21.5
NQ,1h,bull (close==high),2017-10-26 22:01:00,10793.25,10801.75,10793.25,10801.75,1.0,14.964285714285714,-0.25,-3.25,-3.25,6.75
NQ,1h,bull (close==high),2017-10-27 09:01:00,10837.5,10857.5,10828.5,10857.5,0.6896551724137931,8.964285714285714,9.0,39.75,48.75,57.75
NQ,1h,bull (close==high),2017-10-29 20:07:00,10912.5,10915.75,10912.5,10915.75,1.0,14.875,2.75,-4.25,-4.75,3.5
NQ,1h,bull (close==high),2017-10-30 00:09:00,10910.75,10911.5,10910.75,10911.5,1.0,14.946428571428571,-0.5,4.5,7.75,3.75
NQ,1h,bull (close==high),2017-10-30 02:24:00,10911.5,10916.0,10911.5,10916.0,1.0,12.017857142857142,3.25,-0.5,-0.75,-3.25
NQ,1h,bull (close==high),2017-10-30 04:27:00,10914.0,10915.5,10914.0,10915.5,1.0,8.196428571428571,-0.25,-2.25,-2.75,27.0
NQ,1h,bull (close==high),2017-10-30 18:33:00,10921.0,10922.0,10920.75,10922.0,0.8,11.178571428571429,4.75,9.5,9.5,19.0
NQ,1h,bull (close==high),2017-10-30 21:28:00,10925.75,10931.5,10924.25,10931.5,0.7931034482758621,11.482142857142858,0.0,8.0,9.5,13.5
NQ,1h,bull (close==high),2017-10-31 05:33:00,10940.5,10941.0,10940.5,10941.0,1.0,12.107142857142858,-2.5,4.0,6.75,1.75
NQ,1h,bull (close==high),2017-10-31 07:22:00,10937.25,10945.0,10937.25,10945.0,1.0,9.517857142857142,2.75,-12.0,-2.25,4.5
NQ,1h,bull (close==high),2017-10-31 12:15:00,10944.75,10949.5,10940.5,10949.5,0.5277777777777778,6.553571428571429,0.0,1.75,-0.5,-1.75
NQ,1h,bull (close==high),2017-10-31 13:09:00,10948.75,10949.5,10944.75,10949.5,0.15789473684210525,6.5,1.75,-0.5,3.5,2.5
NQ,1h,bull (close==high),2017-10-31 20:11:00,10956.25,10962.25,10954.25,10962.25,0.75,7.625,4.25,3.75,7.25,16.25
NQ,1h,bull (close==high),2017-11-01 01:37:00,10967.5,10969.5,10967.5,10969.5,1.0,7.375,-1.0,9.0,7.25,10.0
NQ,1h,bull (close==high),2017-11-01 04:03:00,10976.0,10976.75,10974.75,10976.75,0.375,6.0,2.0,2.75,-0.75,-15.25
NQ,1h,bull (close==high),2017-11-01 18:02:00,10927.5,10931.25,10927.5,10931.25,1.0,10.553571428571429,0.75,-16.25,-17.0,-9.75
NQ,1h,bull (close==high),2017-11-02 04:07:00,10931.0,10937.5,10931.0,10937.5,1.0,10.607142857142858,-7.5,3.0,9.0,-16.0
NQ,1h,bull (close==high),2017-11-02 19:18:00,10954.5,10955.0,10954.5,10955.0,1.0,16.196428571428573,-0.25,-3.5,-0.25,4.0
NQ,1h,bull (close==high),2017-11-03 04:04:00,10951.0,10954.75,10947.5,10954.75,0.5172413793103449,14.964285714285714,4.75,4.25,11.25,0.75
NQ,1h,bull (close==high),2017-11-03 06:36:00,10957.25,10959.5,10957.25,10959.5,1.0,14.589285714285714,-0.5,6.5,-14.75,8.0
NQ,1h,bull (close==high),2017-11-03 11:00:00,10956.75,10967.5,10953.25,10967.5,0.7543859649122807,11.910714285714286,2.0,18.5,24.5,21.0
NQ,1h,bull (close==high),2017-11-05 18:00:00,10986.25,10996.5,10986.25,10996.5,1.0,11.285714285714286,-11.0,-27.0,-22.75,-5.25
NQ,1h,bull (close==high),2017-11-06 03:19:00,10988.25,10990.25,10988.25,10990.25,1.0,11.125,-3.25,3.0,2.75,18.5
NQ,1h,bull (close==high),2017-11-06 06:01:00,10987.5,10993.25,10986.25,10993.25,0.8214285714285714,9.410714285714286,-0.25,1.25,15.5,1.25
NQ,1h,bull (close==high),2017-11-06 08:06:00,10993.0,10994.5,10993.0,10994.5,1.0,7.892857142857143,14.25,18.25,0.0,19.5
NQ,1h,bull (close==high),2017-11-06 09:00:00,10995.5,11008.75,10988.25,11008.75,0.6463414634146342,8.571428571428571,4.0,-14.25,-0.25,6.5
NQ,1h,bull (close==high),2017-11-06 16:04:00,11013.25,11015.5,11010.5,11015.5,0.45,8.321428571428571,-2.5,-1.25,6.75,9.0
NQ,1h,bull (close==high),2017-11-06 18:00:00,11010.0,11013.0,11010.0,11013.0,1.0,8.0,1.25,9.25,6.25,14.5
NQ,1h,bull (close==high),2017-11-06 19:03:00,11012.25,11014.25,11012.25,11014.25,1.0,7.928571428571429,8.0,5.0,10.25,11.25
NQ,1h,bull (close==high),2017-11-06 23:08:00,11024.0,11027.5,11024.0,11027.5,1.0,8.553571428571429,-2.0,2.5,-6.0,-17.5
NQ,1h,bull (close==high),2017-11-07 06:02:00,11014.5,11015.0,11014.5,11015.0,1.0,6.160714285714286,-7.75,-0.5,6.0,-14.25
NQ,1h,bull (close==high),2017-11-07 15:02:00,11011.0,11019.25,11007.0,11019.25,0.673469387755102,10.553571428571429,-0.5,-14.75,-7.0,-4.0
NQ,1h,bull (close==high),2017-11-07 19:04:00,11010.25,11012.25,11010.25,11012.25,1.0,10.285714285714286,0.75,3.0,4.25,9.5
NQ,1h,bull (close==high),2017-11-07 20:14:00,11010.25,11013.0,11010.25,11013.0,1.0,10.071428571428571,2.25,3.5,8.75,5.5
NQ,1h,bull (close==high),2017-11-07 21:14:00,11014.5,11015.25,11014.5,11015.25,1.0,9.875,1.25,6.5,6.5,-1.25
NQ,1h,bull (close==high),2017-11-08 05:16:00,11018.25,11018.5,11018.0,11018.5,0.5,7.285714285714286,-4.5,0.75,-3.75,9.25
NQ,1h,bull (close==high),2017-11-08 13:00:00,11035.0,11042.0,11035.0,11042.0,1.0,6.410714285714286,1.75,3.5,0.25,6.25
NQ,1h,bull (close==high),2017-11-09 01:24:00,11035.5,11036.0,11035.5,11036.0,1.0,6.803571428571429,1.75,-0.5,2.5,-14.25
NQ,1h,bull (close==high),2017-11-09 14:00:00,10987.25,10997.5,10985.0,10997.5,0.82,17.410714285714285,14.75,16.75,17.5,18.5
NQ,1h,bull (close==high),2017-11-09 18:05:00,11013.5,11015.0,11013.5,11015.0,1.0,18.464285714285715,-1.75,1.0,2.0,7.5
NQ,1h,bull (close==high),2017-11-10 02:29:00,11007.5,11012.5,11006.75,11012.5,0.8695652173913043,13.035714285714286,-9.75,-28.0,-18.5,-7.75
NQ,1h,bull (close==high),2017-11-10 05:27:00,10988.75,10994.0,10988.75,10994.0,1.0,9.178571428571429,2.0,10.75,8.0,6.5
NQ,1h,bull (close==high),2017-11-10 07:05:00,10997.5,11004.75,10992.5,11004.75,0.5918367346938775,7.75,-2.75,-3.5,-4.25,-2.5
NQ,1h,bull (close==high),2017-11-12 18:00:00,11015.25,11022.5,11015.25,11022.5,1.0,9.803571428571429,-1.75,1.0,2.5,-5.25
NQ,1h,bull (close==high),2017-11-12 20:26:00,11017.5,11023.5,11017.5,11023.5,1.0,8.125,1.5,-5.75,-6.25,-11.25
NQ,1h,bull (close==high),2017-11-12 23:00:00,11022.25,11025.0,11022.25,11025.0,1.0,8.142857142857142,-7.25,-7.75,-9.75,-17.0
NQ,1h,bull (close==high),2017-11-13 19:00:00,11009.75,11015.5,11009.75,11015.5,1.0,8.892857142857142,3.25,-2.25,-1.25,4.25
NQ,1h,bull (close==high),2017-11-13 20:02:00,11018.25,11018.75,11018.25,11018.75,1.0,8.785714285714286,-5.5,-4.5,-8.25,-6.25
NQ,1h,bull (close==high),2017-11-13 21:20:00,11010.5,11013.25,11010.5,11013.25,1.0,8.964285714285714,1.0,-2.75,6.5,6.0
NQ,1h,bull (close==high),2017-11-13 22:34:00,11013.5,11014.25,11013.5,11014.25,1.0,8.535714285714286,-3.75,5.5,-1.75,-6.25
NQ,1h,bull (close==high),2017-11-14 11:00:00,10997.5,11003.0,10995.0,11003.0,0.6875,10.267857142857142,-24.5,-15.25,-8.5,-6.25
NQ,1h,bull (close==high),2017-11-14 14:02:00,10989.5,10994.5,10987.5,10994.5,0.7142857142857143,13.535714285714286,5.0,2.25,-3.0,-17.5
NQ,1h,bull (close==high),2017-11-14 15:01:00,10992.25,10999.5,10990.0,10999.5,0.7631578947368421,13.625,-2.75,-8.0,-12.75,-18.0
NQ,1h,bull (close==high),2017-11-14 21:08:00,10977.5,10981.5,10977.5,10981.5,1.0,14.071428571428571,-7.0,-3.25,-6.0,-14.5
NQ,1h,bull (close==high),2017-11-15 06:18:00,10965.5,10966.75,10962.5,10966.75,0.29411764705882354,6.589285714285714,10.25,8.25,-22.25,12.75
NQ,1h,bull (close==high),2017-11-15 10:00:00,10946.5,10976.75,10945.0,10976.75,0.952755905511811,11.232142857142858,2.75,-1.0,-5.25,-9.25
NQ,1h,bull (close==high),2017-11-15 23:09:00,10985.75,10987.5,10985.5,10987.5,0.875,12.660714285714286,1.25,3.0,5.5,5.25
NQ,1h,bull (close==high),2017-11-16 07:02:00,10994.5,11001.25,10994.5,11001.25,1.0,5.785714285714286,-3.0,13.25,33.25,53.5
NQ,1h,bull (close==high),2017-11-16 09:01:00,10999.0,11014.5,10998.0,11014.5,0.9393939393939394,6.267857142857143,20.0,28.75,40.25,40.0
NQ,1h,bull (close==high),2017-11-16 11:00:00,11037.0,11043.25,11036.5,11043.25,0.9259259259259259,7.875,11.5,13.0,11.25,4.25
NQ,1h,bull (close==high),2017-11-16 16:01:00,11046.25,11047.5,11044.5,11047.5,0.4166666666666667,9.053571428571429,4.0,3.25,1.25,-2.5
NQ,1h,bull (close==high),2017-11-16 18:15:00,11047.5,11051.5,11047.25,11051.5,0.9411764705882353,8.821428571428571,-0.75,-2.75,-8.0,-5.75
NQ,1h,bull (close==high),2017-11-17 05:23:00,11043.5,11044.5,11042.25,11044.5,0.4444444444444444,6.678571428571429,5.0,8.75,3.75,-1.0
NQ,1h,bull (close==high),2017-11-17 06:05:00,11047.5,11049.5,11047.5,11049.5,1.0,6.410714285714286,3.75,-1.25,-6.0,-15.5
NQ,1h,bull (close==high),2017-11-19 21:00:00,11002.25,11002.75,10995.5,11002.75,0.06896551724137931,9.571428571428571,-2.25,3.75,-4.0,6.25
NQ,1h,bull (close==high),2017-11-20 03:30:00,11005.0,11009.0,11005.0,11009.0,1.0,8.357142857142858,6.25,9.5,8.5,17.5
NQ,1h,bull (close==high),2017-11-20 05:00:00,11009.0,11015.25,11009.0,11015.25,1.0,8.232142857142858,3.25,2.25,11.5,8.0
NQ,1h,bull (close==high),2017-11-20 08:02:00,11018.0,11026.75,11018.0,11026.75,1.0,7.946428571428571,-0.25,-3.5,-4.75,-6.0
NQ,1h,bull (close==high),2017-11-20 16:01:00,11016.0,11021.25,11016.0,11021.25,1.0,7.464285714285714,-4.25,-0.75,-3.25,5.25
NQ,1h,bull (close==high),2017-11-20 19:01:00,11018.0,11020.5,11016.5,11020.5,0.625,7.107142857142857,-2.5,4.0,6.0,17.0
NQ,1h,bull (close==high),2017-11-20 20:08:00,11017.25,11018.0,11017.25,11018.0,1.0,6.892857142857143,6.5,8.5,2.5,21.0
NQ,1h,bull (close==high),2017-11-21 00:00:00,11025.25,11026.5,11025.25,11026.5,1.0,6.839285714285714,-6.0,11.0,12.5,24.75
NQ,1h,bull (close==high),2017-11-21 03:01:00,11017.0,11020.5,11017.0,11020.5,1.0,6.857142857142857,17.0,18.5,26.5,56.5
NQ,1h,bull (close==high),2017-11-21 14:01:00,11085.0,11086.0,11082.0,11086.0,0.25,8.892857142857142,-0.25,-2.0,1.5,-2.0
NQ,1h,bull (close==high),2017-11-21 18:07:00,11084.0,11087.5,11083.75,11087.5,0.9333333333333333,8.875,-3.0,-3.5,3.5,1.0
NQ,1h,bull (close==high),2017-11-21 21:35:00,11086.0,11091.0,11086.0,11091.0,1.0,7.821428571428571,-0.5,-2.5,-5.25,-5.25
NQ,1h,bull (close==high),2017-11-21 23:18:00,11088.25,11088.5,11087.0,11088.5,0.16666666666666666,7.196428571428571,-2.75,-0.75,-2.75,-6.75
NQ,1h,bull (close==high),2017-11-22 01:13:00,11086.25,11087.75,11086.25,11087.75,1.0,4.392857142857143,-2.0,-3.0,-6.0,-1.0
NQ,1h,bull (close==high),2017-11-22 06:14:00,11081.5,11086.75,11081.5,11086.75,1.0,3.607142857142857,10.25,1.75,-0.25,1.25
NQ,1h,bull (close==high),2017-11-22 07:01:00,11090.25,11097.0,11089.0,11097.0,0.84375,4.125,-8.5,-10.5,-9.25,-5.75
NQ,1h,bull (close==high),2017-11-22 12:02:00,11089.25,11091.25,11086.25,11091.25,0.4,6.375,-1.75,5.5,2.5,4.0
NQ,1h,bull (close==high),2017-11-22 18:00:00,11092.0,11095.25,11091.75,11095.25,0.9285714285714286,7.125,-0.25,-1.25,-1.0,-2.75
NQ,1h,bull (close==high),2017-11-22 19:31:00,11094.25,11095.0,11094.0,11095.0,0.75,6.910714285714286,-1.0,-0.75,-0.75,-10.5
NQ,1h,bull (close==high),2017-11-23 04:07:00,11090.75,11095.5,11090.75,11095.5,1.0,4.160714285714286,5.0,2.0,1.5,-2.25
NQ,1h,bull (close==high),2017-11-23 05:12:00,11095.0,11100.5,11095.0,11100.5,1.0,4.196428571428571,-3.0,-3.5,-2.5,-9.75
NQ,1h,bull (close==high),2017-11-23 08:10:00,11097.75,11098.0,11096.25,11098.0,0.14285714285714285,3.357142857142857,-4.75,-7.25,-10.5,-13.5
NQ,1h,bull (close==high),2017-11-23 12:19:00,11086.25,11088.0,11085.25,11088.0,0.6363636363636364,3.875,-3.5,0.0,2.5,9.25
NQ,1h,bull (close==high),2017-11-23 21:05:00,11089.5,11091.0,11089.5,11091.0,1.0,4.0,6.25,6.5,4.5,7.25
NQ,1h,bull (close==high),2017-11-23 23:01:00,11096.75,11097.5,11096.25,11097.5,0.6,3.5357142857142856,-2.0,-1.0,0.75,0.25
NQ,1h,bull (close==high),2017-11-24 01:05:00,11095.5,11096.5,11095.5,11096.5,1.0,3.125,1.75,-2.0,1.25,4.0
NQ,1h,bull (close==high),2017-11-24 02:10:00,11095.75,11098.25,11095.75,11098.25,1.0,3.0892857142857144,-3.75,-0.5,1.0,4.5
NQ,1h,bull (close==high),2017-11-24 04:14:00,11096.75,11097.75,11096.75,11097.75,1.0,3.232142857142857,1.5,2.75,5.0,7.0
NQ,1h,bull (close==high),2017-11-26 22:01:00,11107.75,11110.25,11107.75,11110.25,1.0,5.321428571428571,0.75,1.25,2.0,10.25
NQ,1h,bull (close==high),2017-11-27 00:06:00,11109.0,11111.5,11108.5,11111.5,0.8333333333333334,5.285714285714286,0.75,3.0,9.0,12.75
NQ,1h,bull (close==high),2017-11-27 01:07:00,11112.0,11112.25,11110.5,11112.25,0.14285714285714285,5.178571428571429,2.25,8.25,11.5,12.0
NQ,1h,bull (close==high),2017-11-27 02:02:00,11112.75,11114.5,11111.75,11114.5,0.6363636363636364,5.071428571428571,6.0,9.25,9.75,-1.5
NQ,1h,bull (close==high),2017-11-27 03:11:00,11113.25,11120.5,11112.75,11120.5,0.9354838709677419,5.035714285714286,3.25,3.75,3.75,-6.25
NQ,1h,bull (close==high),2017-11-27 13:00:00,11110.5,11117.75,11110.5,11117.75,1.0,7.696428571428571,-3.5,-4.25,-0.75,-10.75
NQ,1h,bull (close==high),2017-11-27 23:00:00,11103.0,11107.5,11102.5,11107.5,0.9,8.178571428571429,0.0,8.5,9.5,12.0
NQ,1h,bull (close==high),2017-11-28 00:00:00,11106.25,11107.5,11106.25,11107.5,1.0,7.196428571428571,8.5,9.5,10.25,13.0
NQ,1h,bull (close==high),2017-11-28 02:01:00,11111.5,11116.0,11111.5,11116.0,1.0,7.089285714285714,1.0,1.75,3.5,6.75
NQ,1h,bull (close==high),2017-11-28 04:23:00,11115.5,11117.75,11115.5,11117.75,1.0,5.410714285714286,1.75,2.75,5.0,-2.0
NQ,1h,bull (close==high),2017-11-29 05:06:00,11120.75,11124.25,11119.75,11124.25,0.7777777777777778,7.607142857142857,5.75,4.25,-1.75,-98.0
NQ,1h,bull (close==high),2017-11-30 01:35:00,11004.25,11006.0,11003.75,11006.0,0.7777777777777778,15.714285714285714,6.0,6.75,11.25,24.75
NQ,1h,bull (close==high),2017-11-30 07:00:00,11029.0,11033.5,11025.0,11033.5,0.5294117647058824,7.357142857142857,0.75,6.0,22.5,35.25
NQ,1h,bull (close==high),2017-11-30 21:01:00,11046.75,11055.5,11045.0,11055.5,0.8333333333333334,15.267857142857142,0.75,9.25,4.25,16.25
NQ,1h,bull (close==high),2017-12-01 07:00:00,11029.25,11037.75,11027.25,11037.75,0.8095238095238095,12.214285714285714,6.5,7.75,28.75,-7.75
NQ,1h,bull (close==high),2017-12-01 12:00:00,11002.75,11030.0,10993.75,11030.0,0.7517241379310344,25.785714285714285,4.0,0.0,14.5,54.5
NQ,1h,bull (close==high),2017-12-03 22:03:00,11082.5,11086.5,11082.25,11086.5,0.9411764705882353,27.982142857142858,-2.5,-5.75,-4.75,-13.75
NQ,1h,bull (close==high),2017-12-04 01:37:00,11080.25,11081.75,11080.0,11081.75,0.8571428571428571,23.125,-1.25,-9.0,-12.25,-0.25
NQ,1h,bull (close==high),2017-12-04 05:00:00,11069.25,11080.0,11069.25,11080.0,1.0,11.482142857142858,1.5,-2.25,2.5,-86.5
NQ,1h,bull (close==high),2017-12-04 13:00:00,11024.5,11033.75,11023.25,11033.75,0.8809523809523809,16.821428571428573,-38.25,-62.75,-67.75,-62.25
NQ,1h,bull (close==high),2017-12-05 18:03:00,10979.25,10981.25,10978.25,10981.25,0.6666666666666666,24.017857142857142,1.5,1.5,-16.75,-30.75
NQ,1h,bull (close==high),2017-12-06 03:00:00,10950.25,10953.25,10938.75,10953.25,0.20689655172413793,14.5,-3.0,-8.0,-2.0,9.5
NQ,1h,bull (close==high),2017-12-06 16:00:00,11002.5,11007.5,10997.25,11007.5,0.4878048780487805,18.285714285714285,0.75,16.5,21.75,15.0
NQ,1h,bull (close==high),2017-12-06 23:00:00,11022.75,11024.5,11021.75,11024.5,0.6363636363636364,16.642857142857142,5.5,-0.5,-5.0,-1.25
NQ,1h,bull (close==high),2017-12-07 00:00:00,11024.25,11030.0,11021.75,11030.0,0.696969696969697,13.928571428571429,-6.0,-10.5,-10.75,-8.75
NQ,1h,bull (close==high),2017-12-10 20:00:00,11053.25,11056.0,11052.25,11056.0,0.7333333333333333,12.696428571428571,2.5,6.5,6.25,4.0
NQ,1h,bull (close==high),2017-12-10 21:00:00,11055.75,11058.5,11053.25,11058.5,0.5238095238095238,12.428571428571429,4.0,3.75,3.0,1.0
NQ,1h,bull (close==high),2017-12-14 08:00:00,11109.75,11116.25,11108.25,11116.25,0.8125,5.875,-0.75,10.0,3.75,-10.75
NQ,1h,bull (close==high),2017-12-18 20:00:00,11222.5,11227.25,11222.0,11227.25,0.9047619047619048,8.678571428571429,-2.5,-1.25,-0.75,-1.5
NQ,1h,bull (close==high),2017-12-19 12:00:00,11174.75,11180.75,11167.25,11180.75,0.4444444444444444,9.482142857142858,6.25,-1.75,4.5,16.5
NQ,1h,bull (close==high),2017-12-28 22:00:00,11136.5,11137.25,11134.5,11137.25,0.2727272727272727,6.982142857142857,-2.0,-1.5,-0.5,1.25
NQ,1h,bull (close==high),2017-12-29 04:00:00,11138.5,11142.25,11138.0,11142.25,0.8823529411764706,4.5,3.25,8.25,11.0,-14.0
NQ,1h,bull (close==high),2018-01-03 01:00:00,11209.25,11210.25,11206.5,11210.25,0.26666666666666666,6.232142857142857,3.0,5.25,6.25,4.25
NQ,1h,bull (close==high),2018-01-03 02:00:00,11209.75,11213.25,11209.0,11213.25,0.8235294117647058,5.732142857142857,2.25,3.25,2.5,-0.25
NQ,1h,bull (close==high),2018-01-05 11:00:00,11330.25,11341.0,11327.0,11341.0,0.7678571428571429,9.107142857142858,-3.0,0.5,-3.0,12.25
NQ,1h,bull (close==high),2018-01-08 02:00:00,11358.25,11361.75,11356.75,11361.75,0.7,7.214285714285714,-7.0,-6.0,-3.5,-14.5
NQ,1h,bull (close==high),2018-01-09 01:00:00,11372.25,11375.5,11371.25,11375.5,0.7647058823529411,7.089285714285714,1.5,4.5,7.25,5.5
NQ,1h,bull (close==high),2018-01-11 15:00:00,11390.75,11404.75,11388.75,11404.75,0.875,10.946428571428571,6.25,2.5,4.0,7.75
NQ,1h,bull (close==high),2018-01-11 20:00:00,11408.5,11413.0,11406.0,11413.0,0.6428571428571429,11.392857142857142,-0.5,-0.5,-2.75,3.75
NQ,1h,bull (close==high),2018-01-14 21:00:00,11472.25,11476.75,11471.0,11476.75,0.782608695652174,15.642857142857142,2.5,5.75,5.0,-4.25
NQ,1h,bull (close==high),2018-01-22 00:00:00,11525.5,11529.25,11524.25,11529.25,0.75,12.053571428571429,0.0,-3.75,1.0,-1.0
NQ,1h,bull (close==high),2018-01-25 00:00:00,11617.0,11622.5,11615.0,11622.5,0.7333333333333333,23.857142857142858,-4.0,-7.75,10.0,26.25
NQ,1h,bull (close==high),2018-02-01 21:00:00,11619.75,11626.5,11609.5,11626.5,0.39705882352941174,33.42857142857143,-3.25,-7.5,-10.75,-10.75
NQ,1h,bull (close==high),2018-02-05 09:00:00,11414.25,11433.75,11370.0,11433.75,0.3058823529411765,21.75,38.25,14.0,-7.75,-115.5
NQ,1h,bull (close==high),2018-02-15 23:00:00,11512.5,11514.0,11510.75,11514.0,0.46153846153846156,27.857142857142858,-0.5,2.5,10.75,23.25
NQ,1h,bull (close==high),2018-02-22 04:00:00,11410.25,11422.25,11399.75,11422.25,0.5333333333333333,26.5,17.25,23.5,40.5,58.5
NQ,1h,bull (close==high),2018-02-26 05:00:00,11604.25,11613.0,11603.5,11613.0,0.9210526315789473,15.0,3.25,11.75,8.75,16.0
NQ,1h,bull (close==high),2018-02-28 09:00:00,11626.75,11645.5,11614.0,11645.5,0.5952380952380952,14.839285714285714,-33.25,-39.75,-16.75,-36.0
NQ,1h,bull (close==high),2018-03-06 20:14:00,11519.75,11537.75,11519.75,11537.75,1.0,29.392857142857142,-2.0,29.75,67.75,80.25
NQ,1h,bull (close==high),2018-03-07 14:16:00,11604.5,11605.5,11604.5,11605.5,1.0,33.0,27.25,12.5,57.0,35.0
NQ,1h,bull (close==high),2018-03-07 15:24:00,11617.75,11632.75,11617.75,11632.75,1.0,32.392857142857146,-14.75,29.75,15.0,76.5
NQ,1h,bull (close==high),2018-03-08 09:46:00,11661.25,11662.5,11661.25,11662.5,1.0,30.696428571428573,-14.75,-22.0,46.75,116.25
NQ,1h,bull (close==high),2018-03-08 13:25:00,11637.75,11640.5,11637.75,11640.5,1.0,27.821428571428573,68.75,107.25,138.25,177.25
NQ,1h,bull (close==high),2018-03-09 08:30:00,11694.25,11709.25,11694.25,11709.25,1.0,30.607142857142858,38.5,69.5,124.75,114.5
NQ,1h,bull (close==high),2018-03-11 23:33:00,11833.0,11834.0,11833.0,11834.0,1.0,32.142857142857146,-16.25,-10.25,12.25,1.75
NQ,1h,bull (close==high),2018-03-12 11:34:00,11817.75,11823.75,11817.75,11823.75,1.0,30.696428571428573,22.5,49.5,12.0,-61.0
NQ,1h,bull (close==high),2018-03-12 15:24:00,11837.75,11846.25,11837.75,11846.25,1.0,31.875,27.0,-10.5,-43.25,-87.5
NQ,1h,bull (close==high),2018-03-13 09:32:00,11852.75,11873.25,11852.75,11873.25,1.0,30.107142857142858,-37.5,-70.25,-110.5,-145.5
NQ,1h,bull (close==high),2018-03-14 00:39:00,11727.75,11730.75,11727.75,11730.75,1.0,32.982142857142854,47.0,30.5,27.25,37.25
NQ,1h,bull (close==high),2018-03-14 08:31:00,11775.0,11777.75,11775.0,11777.75,1.0,31.428571428571427,-16.5,-19.75,-29.75,-40.25
NQ,1h,bull (close==high),2018-03-14 12:15:00,11718.5,11748.0,11718.5,11748.0,1.0,28.107142857142858,20.0,-10.5,-44.0,-20.25
NQ,1h,bull (close==high),2018-03-14 13:03:00,11737.5,11768.0,11737.5,11768.0,1.0,29.125,-30.5,-64.0,-65.25,-36.75
NQ,1h,bull (close==high),2018-03-15 07:04:00,11725.75,11727.75,11725.75,11727.75,1.0,28.964285714285715,3.5,27.25,-9.0,6.5
NQ,1h,bull (close==high),2018-03-15 14:00:00,11707.75,11720.25,11707.75,11720.25,1.0,26.035714285714285,14.0,21.0,17.5,32.75
NQ,1h,bull (close==high),2018-03-15 15:05:00,11726.0,11734.25,11726.0,11734.25,1.0,26.821428571428573,7.0,3.5,10.0,21.0
NQ,1h,bull (close==high),2018-03-15 16:00:00,11732.25,11741.25,11732.25,11741.25,1.0,24.107142857142858,-3.5,3.0,11.75,-29.5
NQ,1h,bull (close==high),2018-03-16 04:28:00,11730.25,11737.75,11730.25,11737.75,1.0,23.446428571428573,6.5,15.25,17.5,-18.5
NQ,1h,bull (close==high),2018-03-16 08:09:00,11734.25,11744.25,11734.25,11744.25,1.0,22.339285714285715,8.75,11.0,-32.5,-30.25
NQ,1h,bull (close==high),2018-03-16 09:03:00,11744.0,11753.0,11738.0,11753.0,0.6,20.589285714285715,2.25,-41.25,-33.75,-28.75
NQ,1h,bull (close==high),2018-03-16 10:20:00,11753.5,11755.25,11753.5,11755.25,1.0,18.571428571428573,-43.5,-36.0,-41.25,-39.5
NQ,1h,bull (close==high),2018-03-16 12:01:00,11709.75,11719.25,11709.75,11719.25,1.0,17.428571428571427,-5.25,5.0,-3.5,-29.0
NQ,1h,bull (close==high),2018-03-16 15:03:00,11713.75,11724.25,11713.75,11724.25,1.0,17.089285714285715,-8.5,-18.75,-34.0,-63.0
NQ,1h,bull (close==high),2018-03-16 16:09:00,11713.25,11715.75,11713.25,11715.75,1.0,16.678571428571427,-10.25,-25.5,-34.25,-98.0
NQ,1h,bull (close==high),2018-03-19 05:05:00,11623.75,11633.0,11623.75,11633.0,1.0,17.446428571428573,3.75,-3.75,-50.25,-96.75
NQ,1h,bull (close==high),2018-03-19 08:12:00,11634.25,11636.75,11633.25,11636.75,0.7142857142857143,17.0,-7.5,-54.0,-109.0,-118.0
NQ,1h,bull (close==high),2018-03-19 16:11:00,11574.0,11587.25,11574.0,11587.25,1.0,30.75,-15.25,-26.5,-26.0,-18.25
NQ,1h,bull (close==high),2018-03-20 04:17:00,11569.25,11570.0,11567.25,11570.0,0.2727272727272727,26.107142857142858,-21.0,5.25,26.0,7.75
NQ,1h,bull (close==high),2018-03-20 06:20:00,11571.5,11575.25,11571.5,11575.25,1.0,24.196428571428573,20.75,12.0,2.5,-24.0
NQ,1h,bull (close==high),2018-03-20 16:11:00,11586.75,11592.25,11586.75,11592.25,1.0,23.232142857142858,-2.5,-27.25,-25.25,-24.5
NQ,1h,bull (close==high),2018-03-21 05:04:00,11566.0,11567.0,11565.75,11567.0,0.8,22.339285714285715,-4.25,0.75,3.0,31.75
NQ,1h,bull (close==high),2018-03-21 08:42:00,11561.75,11567.75,11561.75,11567.75,1.0,20.232142857142858,2.25,2.5,31.0,24.0
NQ,1h,bull (close==high),2018-03-21 09:08:00,11561.75,11570.0,11554.25,11570.0,0.5238095238095238,20.732142857142858,0.25,28.75,29.75,-36.25
NQ,1h,bull (close==high),2018-03-21 11:04:00,11566.25,11598.75,11565.5,11598.75,0.9774436090225563,20.017857142857142,1.0,-7.0,-65.0,-50.5
NQ,1h,bull (close==high),2018-03-21 12:30:00,11592.25,11599.75,11592.25,11599.75,1.0,17.625,-8.0,-66.0,-43.5,-30.5
NQ,1h,bull (close==high),2018-03-21 20:13:00,11566.75,11569.25,11566.75,11569.25,1.0,22.357142857142858,6.0,-26.0,-76.5,-97.0
NQ,1h,bull (close==high),2018-03-22 04:04:00,11490.75,11507.25,11490.75,11507.25,1.0,27.142857142857142,-35.0,-35.25,-22.0,-39.5
NQ,1h,bull (close==high),2018-03-22 13:05:00,11423.75,11474.25,11423.75,11474.25,1.0,35.107142857142854,-45.5,-102.5,-114.5,-162.0
NQ,1h,bull (close==high),2018-03-22 21:34:00,11287.75,11304.75,11287.75,11304.75,1.0,38.0,-21.5,-4.25,-5.0,6.0
NQ,1h,bull (close==high),2018-03-23 02:44:00,11297.0,11299.75,11297.0,11299.75,1.0,36.357142857142854,40.0,11.0,0.0,27.75
NQ,1h,bull (close==high),2018-03-23 03:00:00,11315.75,11339.75,11315.75,11339.75,1.0,34.017857142857146,-29.0,-40.0,-30.75,7.25
NQ,1h,bull (close==high),2018-03-23 07:04:00,11317.75,11327.5,11317.75,11327.5,1.0,25.339285714285715,19.5,25.0,51.25,-31.75
NQ,1h,bull (close==high),2018-03-25 19:13:00,11216.75,11237.5,11216.75,11237.5,1.0,46.589285714285715,10.75,29.25,38.25,70.25
NQ,1h,bull (close==high),2018-03-25 20:05:00,11235.5,11248.25,11235.5,11248.25,1.0,46.232142857142854,18.5,27.5,33.5,53.5
NQ,1h,bull (close==high),2018-03-25 21:00:00,11258.0,11266.75,11258.0,11266.75,1.0,46.839285714285715,9.0,15.0,41.0,45.0
NQ,1h,bull (close==high),2018-03-25 23:10:00,11258.5,11275.75,11258.5,11275.75,1.0,46.75,6.0,32.0,26.0,59.0
NQ,1h,bull (close==high),2018-03-26 02:16:00,11284.0,11307.75,11283.75,11307.75,0.9895833333333334,41.714285714285715,-6.0,4.0,27.0,19.25
NQ,1h,bull (close==high),2018-03-26 04:03:00,11308.5,11311.75,11308.5,11311.75,1.0,34.57142857142857,23.0,30.5,15.25,-11.75
NQ,1h,bull (close==high),2018-03-26 05:32:00,11317.0,11334.75,11317.0,11334.75,1.0,33.875,7.5,-7.75,4.0,-47.75
NQ,1h,bull (close==high),2018-03-26 07:02:00,11324.25,11342.25,11324.0,11342.25,0.9863013698630136,30.392857142857142,-15.25,-3.5,-42.25,-32.0
NQ,1h,bull (close==high),2018-03-26 18:02:00,11452.25,11454.75,11452.25,11454.75,1.0,33.232142857142854,-1.5,18.0,33.5,44.0
NQ,1h,bull (close==high),2018-03-26 20:00:00,11455.75,11472.75,11455.75,11472.75,1.0,34.017857142857146,15.5,-0.5,26.0,23.5
NQ,1h,bull (close==high),2018-03-26 21:04:00,11475.75,11488.25,11475.75,11488.25,1.0,33.482142857142854,-16.0,10.5,5.25,23.0
NQ,1h,bull (close==high),2018-03-27 02:16:00,11480.75,11498.75,11480.75,11498.75,1.0,34.05357142857143,-5.25,-2.5,12.5,-13.75
NQ,1h,bull (close==high),2018-03-27 04:02:00,11492.75,11496.25,11490.75,11496.25,0.6363636363636364,30.625,15.0,15.25,-11.25,-47.75
NQ,1h,bull (close==high),2018-03-27 05:08:00,11503.75,11511.25,11503.75,11511.25,1.0,26.410714285714285,0.25,-26.25,-39.0,-59.25
NQ,1h,bull (close==high),2018-03-27 18:14:00,11207.75,11221.25,11206.25,11221.25,0.9,42.785714285714285,-12.5,8.5,30.0,1.5
NQ,1h,bull (close==high),2018-03-27 21:22:00,11220.75,11251.25,11215.75,11251.25,0.8591549295774648,45.392857142857146,-20.5,-28.5,-46.0,-34.0
NQ,1h,bull (close==high),2018-03-28 06:06:00,11193.25,11215.5,11190.75,11215.5,0.898989898989899,29.125,27.75,-30.25,-20.75,-59.5
NQ,1h,bull (close==high),2018-03-28 07:00:00,11218.5,11243.25,11218.5,11243.25,1.0,29.571428571428573,-58.0,-48.5,-102.75,-81.5
NQ,1h,bull (close==high),2018-03-28 16:00:00,11136.25,11151.75,11136.25,11151.75,1.0,60.25,5.75,19.0,16.0,34.5
NQ,1h,bull (close==high),2018-03-28 19:08:00,11163.75,11170.75,11163.75,11170.75,1.0,55.0,-3.0,-20.0,15.5,25.0
NQ,1h,bull (close==high),2018-03-28 20:16:00,11147.25,11167.75,11147.25,11167.75,1.0,54.25,-17.0,18.5,15.0,21.0
NQ,1h,bull (close==high),2018-03-28 23:45:00,11149.25,11150.75,11149.25,11150.75,1.0,53.732142857142854,35.5,32.0,45.0,55.0
NQ,1h,bull (close==high),2018-03-29 02:17:00,11173.75,11186.25,11173.75,11186.25,1.0,54.285714285714285,-3.5,9.5,2.5,-64.5
NQ,1h,bull (close==high),2018-03-29 03:01:00,11174.25,11182.75,11172.75,11182.75,0.85,51.107142857142854,13.0,6.0,23.0,50.5
NQ,1h,bull (close==high),2018-03-29 05:00:00,11182.25,11195.75,11179.0,11195.75,0.8059701492537313,45.69642857142857,-7.0,10.0,-74.0,25.75
NQ,1h,bull (close==high),2018-03-29 07:05:00,11190.25,11205.75,11190.0,11205.75,0.9841269841269841,33.214285714285715,-84.0,27.5,15.75,71.75
NQ,1h,bull (close==high),2018-03-29 10:00:00,11129.5,11233.25,11129.5,11233.25,1.0,35.69642857142857,-11.75,-6.25,44.25,28.5
NQ,1h,bull (close==high),2018-04-01 18:00:00,11231.0,11250.0,11230.5,11250.0,0.9743589743589743,44.392857142857146,-29.25,-8.25,-13.25,-17.75
NQ,1h,bull (close==high),2018-04-01 21:01:00,11233.75,11236.75,11233.75,11236.75,1.0,44.214285714285715,-4.0,-4.5,-8.0,-19.0
NQ,1h,bull (close==high),2018-04-02 08:06:00,11213.75,11218.0,11213.75,11218.0,1.0,17.678571428571427,-41.0,-99.75,-148.5,-195.0
NQ,1h,bull (close==high),2018-04-02 16:00:00,11063.5,11081.75,11060.25,11081.75,0.8488372093023255,36.589285714285715,-12.25,5.25,17.0,16.0
NQ,1h,bull (close==high),2018-04-02 20:07:00,11084.75,11087.0,11082.25,11087.0,0.47368421052631576,37.142857142857146,11.75,-11.75,10.75,17.25
NQ,1h,bull (close==high),2018-04-02 21:01:00,11091.75,11098.75,11091.75,11098.75,1.0,37.19642857142857,-23.5,-1.0,-11.5,33.75
NQ,1h,bull (close==high),2018-04-03 06:35:00,11097.75,11104.25,11097.75,11104.25,1.0,36.517857142857146,28.25,-26.5,-2.0,-24.25
NQ,1h,bull (close==high),2018-04-03 08:05:00,11108.25,11132.5,11108.25,11132.5,1.0,34.30357142857143,-54.75,-30.25,-63.25,-39.0
NQ,1h,bull (close==high),2018-04-03 16:00:00,11133.5,11137.75,11125.5,11137.75,0.3469387755102041,40.5,-11.0,-15.5,-22.5,-41.0
NQ,1h,bull (close==high),2018-04-04 05:18:00,11005.75,11018.25,11000.75,11018.25,0.7142857142857143,27.196428571428573,-15.5,-3.5,15.0,72.5
NQ,1h,bull (close==high),2018-04-04 18:20:00,11241.75,11256.75,11241.75,11256.75,1.0,43.142857142857146,3.0,-4.5,22.0,32.0
NQ,1h,bull (close==high),2018-04-04 20:26:00,11249.75,11252.25,11247.5,11252.25,0.5263157894736842,37.94642857142857,26.5,29.75,36.5,49.5
NQ,1h,bull (close==high),2018-04-04 21:21:00,11252.25,11278.75,11252.25,11278.75,1.0,36.875,3.25,10.0,10.0,21.0
NQ,1h,bull (close==high),2018-04-05 01:26:00,11285.75,11288.75,11285.75,11288.75,1.0,31.0,13.0,11.0,3.5,13.0
NQ,1h,bull (close==high),2018-04-05 02:02:00,11280.5,11301.75,11278.5,11301.75,0.9139784946236559,28.357142857142858,-2.0,-9.5,-11.75,-7.0
NQ,1h,bull (close==high),2018-04-05 05:05:00,11285.5,11290.0,11281.75,11290.0,0.5454545454545454,21.839285714285715,11.75,4.75,-5.75,4.75
NQ,1h,bull (close==high),2018-04-05 07:01:00,11287.25,11301.75,11287.25,11301.75,1.0,17.928571428571427,-7.0,-17.5,-23.0,-16.5
NQ,1h,bull (close==high),2018-04-05 14:00:00,11258.75,11273.75,11251.75,11273.75,0.6818181818181818,24.857142857142858,5.0,-8.5,-86.0,-90.0
NQ,1h,bull (close==high),2018-04-06 00:02:00,11189.75,11201.25,11189.75,11201.25,1.0,32.607142857142854,-24.0,6.75,20.25,-14.5
NQ,1h,bull (close==high),2018-04-06 02:01:00,11188.25,11208.0,11188.25,11208.0,1.0,32.0,13.5,23.75,-21.25,45.25
NQ,1h,bull (close==high),2018-04-06 05:06:00,11202.75,11221.5,11202.75,11221.5,1.0,31.464285714285715,10.25,-34.75,-3.5,-20.25
NQ,1h,bull (close==high),2018-04-06 06:22:00,11227.25,11231.75,11227.25,11231.75,1.0,27.625,-45.0,-13.75,21.5,-6.0
NQ,1h,bull (close==high),2018-04-06 11:01:00,11185.75,11225.75,11176.75,11225.75,0.8163265306122449,33.625,-7.0,-91.0,-138.0,-108.0
NQ,1h,bull (close==high),2018-04-08 19:27:00,11128.75,11145.0,11126.25,11145.0,0.8666666666666667,44.160714285714285,18.75,10.0,18.75,33.25
NQ,1h,bull (close==high),2018-04-08 22:22:00,11157.75,11163.75,11157.75,11163.75,1.0,42.32142857142857,14.0,14.5,22.75,3.5
NQ,1h,bull (close==high),2018-04-09 03:09:00,11162.75,11178.25,11162.75,11178.25,1.0,36.57142857142857,8.25,12.0,-11.0,26.5
NQ,1h,bull (close==high),2018-04-09 04:27:00,11175.25,11186.5,11175.25,11186.5,1.0,32.517857142857146,3.75,-19.25,-20.75,38.75
NQ,1h,bull (close==high),2018-04-09 05:27:00,11187.25,11190.25,11187.25,11190.25,1.0,29.285714285714285,-23.0,-24.5,14.5,70.75
NQ,1h,bull (close==high),2018-04-09 09:06:00,11153.75,11204.75,11148.75,11204.75,0.9107142857142857,22.178571428571427,20.5,56.25,57.0,28.5
NQ,1h,bull (close==high),2018-04-09 11:02:00,11217.75,11261.0,11210.75,11261.0,0.8606965174129353,23.142857142857142,0.75,2.75,-27.75,-98.75
NQ,1h,bull (close==high),2018-04-09 16:00:00,11146.75,11162.25,11132.25,11162.25,0.5166666666666667,31.553571428571427,-13.0,-14.0,-4.0,98.0
NQ,1h,bull (close==high),2018-04-09 21:10:00,11161.25,11217.75,11161.25,11217.75,1.0,35.267857142857146,42.5,35.25,44.0,60.75
NQ,1h,bull (close==high),2018-04-09 23:05:00,11248.25,11253.0,11235.75,11253.0,0.2753623188405797,39.857142857142854,8.75,10.0,25.5,7.25
NQ,1h,bull (close==high),2018-04-10 01:00:00,11252.75,11263.0,11252.75,11263.0,1.0,34.55357142857143,15.5,-11.0,-2.75,-3.75
NQ,1h,bull (close==high),2018-04-10 05:14:00,11254.75,11262.25,11254.75,11262.25,1.0,29.482142857142858,-3.0,-8.75,-43.25,-3.0
NQ,1h,bull (close==high),2018-04-10 08:01:00,11252.5,11253.5,11239.0,11253.5,0.06896551724137931,23.375,-34.5,8.75,5.75,19.0
NQ,1h,bull (close==high),2018-04-11 00:42:00,11259.75,11260.25,11259.75,11260.25,1.0,28.071428571428573,3.0,-2.5,-0.5,0.5
NQ,1h,bull (close==high),2018-04-11 01:00:00,11260.25,11263.25,11260.25,11263.25,1.0,26.839285714285715,-5.5,-3.5,-8.5,-34.25
NQ,1h,bull (close==high),2018-04-11 05:21:00,11260.25,11260.75,11260.25,11260.75,1.0,14.089285714285714,-31.75,-43.5,-26.75,16.0
NQ,1h,bull (close==high),2018-04-11 09:16:00,11244.25,11281.75,11244.25,11281.75,1.0,14.785714285714286,-5.0,26.75,4.0,1.0
NQ,1h,bull (close==high),2018-04-11 19:07:00,11270.75,11275.75,11270.75,11275.75,1.0,28.321428571428573,6.0,5.5,-8.0,-18.25
NQ,1h,bull (close==high),2018-04-11 22:15:00,11276.75,11281.25,11276.75,11281.25,1.0,28.553571428571427,-13.5,-7.75,-23.75,16.5
NQ,1h,bull (close==high),2018-04-12 03:11:00,11266.5,11273.5,11266.5,11273.5,1.0,26.017857142857142,-16.0,-7.5,24.25,64.75
NQ,1h,bull (close==high),2018-04-12 05:04:00,11258.25,11266.0,11258.25,11266.0,1.0,22.892857142857142,31.75,29.75,72.25,65.75
NQ,1h,bull (close==high),2018-04-12 06:19:00,11280.75,11297.75,11280.75,11297.75,1.0,21.839285714285715,-2.0,40.5,32.75,50.0
NQ,1h,bull (close==high),2018-04-12 09:07:00,11301.75,11338.25,11295.75,11338.25,0.8588235294117647,18.928571428571427,-7.75,-6.5,9.5,2.25
NQ,1h,bull (close==high),2018-04-12 12:00:00,11333.75,11347.75,11330.25,11347.75,0.8,17.25,-30.25,-7.25,-17.75,-31.75
NQ,1h,bull (close==high),2018-04-12 16:00:00,11329.5,11339.75,11328.75,11339.75,0.9318181818181818,22.125,-23.75,-18.5,-25.0,-7.5
NQ,1h,bull (close==high),2018-04-12 20:11:00,11318.75,11321.25,11315.25,11321.25,0.4166666666666667,22.785714285714285,-6.5,2.5,11.0,0.5
NQ,1h,bull (close==high),2018-04-13 01:01:00,11319.75,11323.75,11317.0,11323.75,0.5925925925925926,22.428571428571427,8.5,-5.0,-2.0,15.75
NQ,1h,bull (close==high),2018-04-13 05:56:00,11332.25,11333.75,11332.25,11333.75,1.0,17.589285714285715,5.75,32.5,9.0,-15.5
NQ,1h,bull (close==high),2018-04-13 06:00:00,11336.75,11339.5,11330.75,11339.5,0.3142857142857143,16.178571428571427,26.75,3.25,-31.75,-20.25
NQ,1h,bull (close==high),2018-04-13 12:07:00,11317.5,11319.25,11310.25,11319.25,0.19444444444444445,18.035714285714285,15.75,-8.5,-19.75,34.25
NQ,1h,bull (close==high),2018-04-15 20:17:00,11344.5,11348.75,11342.25,11348.75,0.6538461538461539,24.053571428571427,-16.5,-23.0,-30.5,-32.75
NQ,1h,bull (close==high),2018-04-16 04:03:00,11332.75,11337.75,11331.25,11337.75,0.7692307692307693,18.660714285714285,10.0,7.25,-1.5,-28.0
NQ,1h,bull (close==high),2018-04-16 08:04:00,11338.75,11357.75,11336.75,11357.75,0.9047619047619048,15.696428571428571,-48.0,-37.0,-30.25,11.5
NQ,1h,bull (close==high),2018-04-16 19:02:00,11365.75,11369.25,11365.75,11369.25,1.0,22.160714285714285,15.0,2.5,16.5,38.5
NQ,1h,bull (close==high),2018-04-16 22:57:00,11383.75,11385.75,11383.75,11385.75,1.0,22.732142857142858,12.0,22.0,15.5,27.0
NQ,1h,bull (close==high),2018-04-17 00:57:00,11397.5,11397.75,11397.5,11397.75,1.0,22.696428571428573,10.0,3.5,7.25,7.25
NQ,1h,bull (close==high),2018-04-17 02:01:00,11402.75,11407.75,11402.75,11407.75,1.0,21.875,-6.5,-2.75,5.0,15.5
NQ,1h,bull (close==high),2018-04-17 04:13:00,11398.25,11405.0,11392.75,11405.0,0.5510204081632653,17.5,7.75,0.0,18.25,49.0
NQ,1h,bull (close==high),2018-04-17 06:13:00,11411.5,11412.75,11411.5,11412.75,1.0,15.785714285714286,-7.75,10.5,16.0,61.5
NQ,1h,bull (close==high),2018-04-17 07:02:00,11404.25,11405.0,11404.25,11405.0,1.0,13.767857142857142,18.25,23.75,49.0,74.75
NQ,1h,bull (close==high),2018-04-17 10:00:00,11434.5,11454.0,11432.75,11454.0,0.9176470588235294,15.553571428571429,20.25,25.75,35.25,38.25
NQ,1h,bull (close==high),2018-04-17 22:41:00,11504.25,11504.75,11504.25,11504.75,1.0,14.857142857142858,-4.0,-1.0,11.0,5.0
NQ,1h,bull (close==high),2018-04-17 23:44:00,11500.25,11500.75,11500.25,11500.75,1.0,14.625,3.0,15.0,8.0,18.75
NQ,1h,bull (close==high),2018-04-18 04:17:00,11514.25,11515.75,11514.25,11515.75,1.0,14.035714285714286,-7.0,-6.0,3.75,-27.0
NQ,1h,bull (close==high),2018-04-18 06:13:00,11500.75,11509.75,11500.75,11509.75,1.0,11.446428571428571,9.75,-1.0,-21.0,2.0
NQ,1h,bull (close==high),2018-04-18 10:00:00,11482.75,11502.75,11462.75,11502.75,0.5,12.785714285714286,9.0,7.0,7.0,5.0
NQ,1h,bull (close==high),2018-04-19 07:04:00,11497.25,11502.0,11496.75,11502.0,0.9047619047619048,15.017857142857142,-27.0,-30.25,-44.5,-60.25
NQ,1h,bull (close==high),2018-04-19 14:19:00,11431.75,11440.0,11419.75,11440.0,0.4074074074074074,17.678571428571427,3.25,-1.25,0.75,-5.75
NQ,1h,bull (close==high),2018-04-19 21:10:00,11432.75,11447.75,11432.75,11447.75,1.0,18.964285714285715,-8.0,-14.5,-45.0,-24.75
NQ,1h,bull (close==high),2018-04-20 04:03:00,11411.75,11417.25,11411.75,11417.25,1.0,16.535714285714285,5.75,26.25,22.0,-25.0
NQ,1h,bull (close==high),2018-04-20 05:09:00,11420.25,11423.0,11410.0,11423.0,0.21153846153846154,15.482142857142858,20.5,16.25,8.0,-48.75
NQ,1h,bull (close==high),2018-04-20 06:27:00,11427.75,11443.5,11424.25,11443.5,0.8181818181818182,15.303571428571429,-4.25,-12.5,-51.25,-91.75
NQ,1h,bull (close==high),2018-04-22 19:17:00,11351.75,11354.75,11351.75,11354.75,1.0,25.767857142857142,3.5,3.0,1.0,-6.0
NQ,1h,bull (close==high),2018-04-23 07:01:00,11346.75,11350.75,11346.75,11350.75,1.0,14.071428571428571,12.0,-5.5,21.75,-14.5
NQ,1h,bull (close==high),2018-04-23 21:37:00,11327.75,11330.25,11327.75,11330.25,1.0,25.946428571428573,7.0,4.5,17.25,38.0
NQ,1h,bull (close==high),2018-04-24 06:04:00,11367.0,11379.75,11366.25,11379.75,0.9444444444444444,22.464285714285715,-11.75,-22.5,-51.75,-139.0
NQ,1h,bull (close==high),2018-04-24 22:03:00,11167.75,11169.25,11167.75,11169.25,1.0,30.410714285714285,11.0,10.0,22.5,-8.25
NQ,1h,bull (close==high),2018-04-24 23:20:00,11172.75,11180.25,11172.75,11180.25,1.0,30.267857142857142,-1.0,11.5,-29.0,-29.0
NQ,1h,bull (close==high),2018-04-25 19:00:00,11257.75,11259.25,11257.75,11259.25,1.0,39.42857142857143,14.5,2.5,1.5,-26.5
NQ,1h,bull (close==high),2018-04-25 20:00:00,11261.75,11273.75,11257.25,11273.75,0.7272727272727273,39.82142857142857,-12.0,-13.0,-29.75,-42.0
NQ,1h,bull (close==high),2018-04-26 03:03:00,11226.75,11231.75,11226.75,11231.75,1.0,28.0,19.5,30.0,45.5,72.0
NQ,1h,bull (close==high),2018-04-26 05:34:00,11247.75,11251.25,11247.75,11251.25,1.0,25.767857142857142,10.5,26.0,21.25,36.5
NQ,1h,bull (close==high),2018-04-26 07:24:00,11256.75,11261.75,11256.75,11261.75,1.0,23.321428571428573,15.5,10.75,42.0,41.0
NQ,1h,bull (close==high),2018-04-26 08:05:00,11261.75,11277.25,11261.25,11277.25,0.96875,22.125,-4.75,26.5,10.5,45.5
NQ,1h,bull (close==high),2018-04-26 18:03:00,11410.25,11411.75,11410.25,11411.75,1.0,24.946428571428573,-1.0,-0.75,-15.5,-10.0
NQ,1h,bull (close==high),2018-04-26 22:06:00,11397.75,11404.75,11397.75,11404.75,1.0,23.428571428571427,-3.0,-3.5,7.5,1.0
NQ,1h,bull (close==high),2018-04-27 01:18:00,11403.0,11412.25,11403.0,11412.25,1.0,18.267857142857142,3.0,-6.5,-7.5,-2.25
NQ,1h,bull (close==high),2018-04-27 02:00:00,11412.75,11415.25,11412.75,11415.25,1.0,16.625,-9.5,-10.5,-12.5,-2.0
NQ,1h,bull (close==high),2018-04-27 05:24:00,11399.75,11402.75,11396.25,11402.75,0.46153846153846156,14.142857142857142,7.25,10.5,27.5,-104.25
NQ,1h,bull (close==high),2018-04-27 08:00:00,11417.75,11430.25,11417.25,11430.25,0.9615384615384616,7.446428571428571,-87.5,-131.75,-122.0,-115.5
NQ,1h,bull (close==high),2018-04-27 14:11:00,11312.25,11321.75,11312.25,11321.75,1.0,24.696428571428573,2.25,8.0,22.75,41.25
NQ,1h,bull (close==high),2018-04-29 20:05:00,11341.75,11344.5,11341.75,11344.5,1.0,26.0,12.75,18.5,18.25,23.25
NQ,1h,bull (close==high),2018-04-30 04:14:00,11360.75,11362.75,11360.75,11362.75,1.0,26.214285714285715,9.0,5.0,-15.0,-7.75
NQ,1h,bull (close==high),2018-04-30 05:36:00,11365.25,11371.75,11365.25,11371.75,1.0,26.357142857142858,-4.0,-24.0,-14.0,-79.25
NQ,1h,bull (close==high),2018-04-30 13:00:00,11282.5,11292.75,11266.75,11292.75,0.3942307692307692,21.517857142857142,-4.5,-21.25,-29.5,-15.75
NQ,1h,bull (close==high),2018-05-01 01:06:00,11282.25,11283.25,11282.25,11283.25,1.0,23.839285714285715,-1.5,-15.5,-6.75,-8.75
NQ,1h,bull (close==high),2018-05-01 02:13:00,11281.5,11281.75,11281.5,11281.75,1.0,23.321428571428573,-14.0,-5.25,-3.75,-22.0
NQ,1h,bull (close==high),2018-05-01 06:11:00,11263.25,11267.75,11258.75,11267.75,0.5,24.285714285714285,8.75,10.25,6.75,10.0
NQ,1h,bull (close==high),2018-05-01 07:07:00,11270.25,11276.5,11270.25,11276.5,1.0,23.482142857142858,1.5,-2.0,-16.75,18.75
NQ,1h,bull (close==high),2018-05-01 09:18:00,11255.75,11278.0,11240.75,11278.0,0.5973154362416108,23.839285714285715,-3.5,-18.25,-0.25,31.75
NQ,1h,bull (close==high),2018-05-01 13:06:00,11258.75,11295.25,11252.75,11295.25,0.8588235294117647,20.964285714285715,14.5,52.5,80.5,70.25
NQ,1h,bull (close==high),2018-05-01 15:02:00,11317.5,11347.75,11313.25,11347.75,0.8768115942028986,21.392857142857142,28.0,31.75,17.75,7.75
NQ,1h,bull (close==high),2018-05-01 18:54:00,11379.0,11379.5,11379.0,11379.5,1.0,23.732142857142858,-14.0,-12.75,-24.0,-11.0
NQ,1h,bull (close==high),2018-05-01 21:05:00,11366.0,11366.75,11366.0,11366.75,1.0,23.892857142857142,-11.25,7.0,1.75,21.5
NQ,1h,bull (close==high),2018-05-02 00:11:00,11362.5,11373.75,11362.5,11373.75,1.0,24.339285714285715,-5.25,2.0,14.5,-3.5
NQ,1h,bull (close==high),2018-05-02 05:07:00,11380.5,11388.25,11380.5,11388.25,1.0,20.946428571428573,-16.0,-18.0,-29.5,-44.5
NQ,1h,bull (close==high),2018-05-02 06:06:00,11369.5,11372.25,11365.75,11372.25,0.4230769230769231,20.517857142857142,-2.0,-13.5,-13.25,-49.5
NQ,1h,bull (close==high),2018-05-02 18:06:00,11296.75,11300.75,11296.75,11300.75,1.0,23.517857142857142,-1.75,-10.0,-3.25,5.0
NQ,1h,bull (close==high),2018-05-03 01:11:00,11294.75,11297.5,11294.75,11297.5,1.0,21.482142857142858,0.75,8.25,8.0,-25.0
NQ,1h,bull (close==high),2018-05-03 02:14:00,11297.25,11298.25,11297.25,11298.25,1.0,21.25,7.5,7.25,-30.0,-7.0
NQ,1h,bull (close==high),2018-05-03 03:11:00,11305.5,11305.75,11305.5,11305.75,1.0,20.535714285714285,-0.25,-37.5,-33.25,-99.25
NQ,1h,bull (close==high),2018-05-03 09:18:00,11267.75,11291.25,11252.75,11291.25,0.6103896103896104,18.178571428571427,-84.75,-48.0,12.5,15.0
NQ,1h,bull (close==high),2018-05-03 12:01:00,11245.5,11303.75,11227.25,11303.75,0.761437908496732,25.428571428571427,5.5,2.5,0.5,27.0
NQ,1h,bull (close==high),2018-05-03 16:00:00,11310.75,11326.0,11310.75,11326.0,1.0,31.303571428571427,4.75,-16.75,-7.75,-25.25
NQ,1h,bull (close==high),2018-05-03 18:02:00,11329.75,11330.75,11329.75,11330.75,1.0,31.160714285714285,-21.5,-12.5,-28.5,-2.0
NQ,1h,bull (close==high),2018-05-04 00:09:00,11318.75,11328.75,11318.75,11328.75,1.0,33.67857142857143,-26.0,-13.25,-18.0,-26.75
NQ,1h,bull (close==high),2018-05-04 05:04:00,11309.75,11313.5,11303.75,11313.5,0.38461538461538464,20.303571428571427,-11.5,-13.75,6.25,94.75
NQ,1h,bull (close==high),2018-05-04 13:14:00,11413.0,11430.25,11408.75,11430.25,0.8023255813953488,25.392857142857142,9.5,4.5,11.5,30.5
NQ,1h,bull (close==high),2018-05-04 16:00:00,11435.25,11441.75,11433.25,11441.75,0.7647058823529411,24.696428571428573,7.0,19.0,19.0,35.0
NQ,1h,bull (close==high),2018-05-06 19:24:00,11459.75,11460.75,11459.75,11460.75,1.0,23.553571428571427,0.0,7.0,16.0,22.0
NQ,1h,bull (close==high),2018-05-06 21:00:00,11463.25,11467.75,11460.25,11467.75,0.6,23.053571428571427,9.0,21.0,15.0,7.0
NQ,1h,bull (close==high),2018-05-07 00:14:00,11481.75,11488.75,11481.75,11488.75,1.0,21.892857142857142,-6.0,-12.0,-14.0,-21.75
NQ,1h,bull (close==high),2018-05-07 13:04:00,11487.75,11497.75,11481.25,11497.75,0.6060606060606061,13.142857142857142,-7.0,-8.0,-9.0,-6.0
NQ,1h,bull (close==high),2018-05-08 00:00:00,11490.75,11491.75,11490.75,11491.75,1.0,14.732142857142858,2.75,-19.0,-18.75,-15.5
NQ,1h,bull (close==high),2018-05-08 15:05:00,11460.75,11478.25,11459.25,11478.25,0.9210526315789473,21.839285714285715,8.25,1.25,32.75,20.75
NQ,1h,bull (close==high),2018-05-08 16:01:00,11480.75,11486.5,11480.75,11486.5,1.0,21.892857142857142,-7.0,24.5,21.25,5.75
NQ,1h,bull (close==high),2018-05-09 05:49:00,11506.75,11507.75,11506.75,11507.75,1.0,22.732142857142858,-8.75,-15.5,-32.0,27.0
NQ,1h,bull (close==high),2018-05-09 11:01:00,11475.75,11498.75,11474.25,11498.75,0.9387755102040817,23.125,36.0,56.0,59.75,61.5
NQ,1h,bull (close==high),2018-05-09 15:01:00,11557.0,11557.75,11547.75,11557.75,0.075,20.803571428571427,2.5,-4.0,-1.0,25.0
NQ,1h,bull (close==high),2018-05-09 21:02:00,11556.75,11568.75,11556.75,11568.75,1.0,16.625,14.0,3.0,18.0,35.0
NQ,1h,bull (close==high),2018-05-09 23:07:00,11576.75,11582.75,11576.75,11582.75,1.0,15.303571428571429,-11.0,4.0,7.0,26.0
NQ,1h,bull (close==high),2018-05-10 08:30:00,11575.25,11586.75,11572.25,11586.75,0.7931034482758621,16.214285714285715,3.0,17.0,22.0,24.5
NQ,1h,bull (close==high),2018-05-10 10:00:00,11588.0,11603.75,11580.75,11603.75,0.6847826086956522,16.357142857142858,5.0,14.0,7.5,19.0
NQ,1h,bull (close==high),2018-05-10 22:21:00,11625.75,11631.75,11625.75,11631.75,1.0,15.357142857142858,-18.0,-13.25,-8.5,6.5
NQ,1h,bull (close==high),2018-05-11 06:19:00,11633.75,11640.25,11633.75,11640.25,1.0,15.464285714285714,-2.0,-17.5,-3.5,-32.5
NQ,1h,bull (close==high),2018-05-11 07:24:00,11633.5,11638.25,11633.5,11638.25,1.0,14.482142857142858,-15.5,-1.5,-13.75,-34.5
NQ,1h,bull (close==high),2018-05-11 16:09:00,11618.75,11625.25,11618.75,11625.25,1.0,16.410714285714285,13.0,16.5,25.25,27.75
NQ,1h,bull (close==high),2018-05-13 19:14:00,11637.25,11641.75,11637.25,11641.75,1.0,15.678571428571429,8.75,6.0,11.25,14.5
NQ,1h,bull (close==high),2018-05-13 20:01:00,11646.75,11650.5,11646.25,11650.5,0.8823529411764706,15.875,-2.75,2.5,-1.75,-7.75
NQ,1h,bull (close==high),2018-05-14 00:43:00,11655.75,11656.25,11655.75,11656.25,1.0,12.464285714285714,-13.5,-20.5,-16.0,-18.0
NQ,1h,bull (close==high),2018-05-14 05:01:00,11643.75,11650.25,11643.75,11650.25,1.0,10.0,-12.0,-14.5,-17.5,12.75
NQ,1h,bull (close==high),2018-05-15 02:07:00,11612.75,11614.25,11609.75,11614.25,0.3333333333333333,12.642857142857142,8.5,1.25,-7.5,-87.5
NQ,1h,bull (close==high),2018-05-15 03:12:00,11618.0,11622.75,11618.0,11622.75,1.0,11.392857142857142,-7.25,-16.0,-56.5,-80.0
NQ,1h,bull (close==high),2018-05-15 20:01:00,11547.75,11552.75,11547.75,11552.75,1.0,24.589285714285715,-3.0,3.0,-0.5,0.0
NQ,1h,bull (close==high),2018-05-15 23:00:00,11550.75,11555.75,11549.0,11555.75,0.7407407407407407,23.946428571428573,-3.5,1.0,-3.0,2.5
NQ,1h,bull (close==high),2018-05-16 01:05:00,11550.0,11556.75,11550.0,11556.75,1.0,17.5,-4.0,9.25,1.5,6.0
NQ,1h,bull (close==high),2018-05-16 02:12:00,11548.25,11552.75,11548.0,11552.75,0.9473684210526315,14.785714285714286,13.25,5.5,-1.75,2.5
NQ,1h,bull (close==high),2018-05-16 06:07:00,11554.25,11562.75,11553.75,11562.75,0.9444444444444444,9.446428571428571,-7.5,-10.0,23.25,27.75
NQ,1h,bull (close==high),2018-05-16 09:11:00,11552.75,11586.0,11551.25,11586.0,0.9568345323741008,9.785714285714286,2.0,4.5,20.75,27.75
NQ,1h,bull (close==high),2018-05-16 11:03:00,11578.25,11590.5,11569.75,11590.5,0.5903614457831325,11.821428571428571,16.25,16.25,23.25,10.0
NQ,1h,bull (close==high),2018-05-16 14:03:00,11608.75,11613.75,11601.25,11613.75,0.4,13.982142857142858,-21.0,-13.25,-9.0,-17.5
NQ,1h,bull (close==high),2018-05-16 18:10:00,11598.75,11604.75,11598.75,11604.75,1.0,14.964285714285714,-6.5,-8.5,-4.25,-32.75
NQ,1h,bull (close==high),2018-05-16 22:10:00,11595.75,11600.5,11595.75,11600.5,1.0,14.321428571428571,-18.75,-28.5,-24.25,-24.25
NQ,1h,bull (close==high),2018-05-17 05:26:00,11574.75,11576.25,11574.75,11576.25,1.0,11.321428571428571,-9.5,1.5,47.0,6.5
NQ,1h,bull (close==high),2018-05-17 10:01:00,11587.75,11623.25,11586.0,11623.25,0.9530201342281879,13.25,-20.5,-40.5,-69.25,-52.25
NQ,1h,bull (close==high),2018-05-17 14:00:00,11553.25,11577.75,11540.75,11577.75,0.6621621621621622,17.428571428571427,-6.75,-9.0,0.0,14.0
NQ,1h,bull (close==high),2018-05-18 04:29:00,11574.75,11577.0,11574.75,11577.0,1.0,16.946428571428573,11.75,-44.25,-34.25,-16.25
NQ,1h,bull (close==high),2018-05-18 16:01:00,11537.5,11540.25,11536.75,11540.25,0.7857142857142857,15.875,45.0,53.75,52.5,55.0
NQ,1h,bull (close==high),2018-05-20 19:08:00,11589.5,11594.0,11589.5,11594.0,1.0,21.214285714285715,-1.25,-0.25,1.25,-21.25
NQ,1h,bull (close==high),2018-05-21 04:25:00,11577.75,11583.0,11576.75,11583.0,0.84,14.357142857142858,1.75,2.25,27.75,-17.25
NQ,1h,bull (close==high),2018-05-21 06:02:00,11581.75,11585.25,11580.75,11585.25,0.7777777777777778,12.5,25.5,20.5,-19.5,-7.5
NQ,1h,bull (close==high),2018-05-21 15:01:00,11559.75,11577.5,11557.75,11577.5,0.8987341772151899,17.678571428571427,2.25,-1.25,-4.25,5.25
NQ,1h,bull (close==high),2018-05-21 16:01:00,11576.25,11579.75,11576.25,11579.75,1.0,17.75,-3.5,-6.5,2.25,4.5
NQ,1h,bull (close==high),2018-05-21 18:00:00,11573.75,11576.25,11573.75,11576.25,1.0,17.964285714285715,-3.0,5.75,6.5,16.0
NQ,1h,bull (close==high),2018-05-22 01:18:00,11580.25,11582.0,11580.25,11582.0,1.0,16.553571428571427,0.75,2.25,10.25,27.25
NQ,1h,bull (close==high),2018-05-22 02:09:00,11578.25,11582.75,11578.25,11582.75,1.0,16.142857142857142,1.5,9.5,20.0,18.5
NQ,1h,bull (close==high),2018-05-22 03:06:00,11578.25,11584.25,11578.25,11584.25,1.0,16.25,8.0,18.5,25.0,16.25
NQ,1h,bull (close==high),2018-05-22 04:15:00,11588.75,11592.25,11588.75,11592.25,1.0,16.5,10.5,17.0,9.0,7.0
NQ,1h,bull (close==high),2018-05-22 05:00:00,11595.75,11602.75,11594.75,11602.75,0.875,14.803571428571429,6.5,-1.5,-2.25,-21.0
NQ,1h,bull (close==high),2018-05-22 06:07:00,11605.75,11609.25,11600.0,11609.25,0.3783783783783784,14.214285714285714,-8.0,-8.75,-10.0,-31.75
NQ,1h,bull (close==high),2018-05-22 13:10:00,11575.25,11583.25,11573.25,11583.25,0.8,10.875,-2.5,-17.0,-11.25,-20.5
NQ,1h,bull (close==high),2018-05-23 00:06:00,11535.75,11544.0,11535.75,11544.0,1.0,13.375,-2.5,-8.75,-30.5,-46.25
NQ,1h,bull (close==high),2018-05-23 06:09:00,11501.0,11501.75,11500.0,11501.75,0.42857142857142855,10.321428571428571,-1.0,6.25,35.75,50.0
NQ,1h,bull (close==high),2018-05-23 22:20:00,11596.5,11605.75,11596.5,11605.75,1.0,20.142857142857142,-5.5,12.75,26.0,27.0
NQ,1h,bull (close==high),2018-05-24 02:14:00,11606.75,11618.5,11606.0,11618.5,0.94,18.678571428571427,13.25,13.5,14.25,3.25
NQ,1h,bull (close==high),2018-05-24 11:00:00,11553.25,11595.5,11549.75,11595.5,0.9234972677595629,19.392857142857142,13.5,21.5,24.75,24.5
NQ,1h,bull (close==high),2018-05-24 18:03:00,11621.5,11622.75,11621.5,11622.75,1.0,18.303571428571427,4.25,12.0,28.0,27.5
NQ,1h,bull (close==high),2018-05-24 19:49:00,11625.25,11627.0,11625.25,11627.0,1.0,18.535714285714285,7.75,23.75,21.0,23.25
NQ,1h,bull (close==high),2018-05-25 01:11:00,11648.75,11650.25,11648.75,11650.25,1.0,16.196428571428573,-7.75,-14.75,-5.0,-1.5
NQ,1h,bull (close==high),2018-05-25 02:12:00,11641.75,11642.5,11640.25,11642.5,0.3333333333333333,13.428571428571429,-7.0,2.75,-0.5,-19.75
NQ,1h,bull (close==high),2018-05-25 09:01:00,11616.75,11635.5,11606.75,11635.5,0.6521739130434783,11.964285714285714,7.25,6.75,-0.75,-13.75
NQ,1h,bull (close==high),2018-05-25 16:01:00,11623.5,11629.75,11620.25,11629.75,0.6578947368421053,14.035714285714286,18.0,25.75,26.5,31.25
NQ,1h,bull (close==high),2018-05-27 19:10:00,11645.25,11655.5,11645.25,11655.5,1.0,15.178571428571429,0.75,-4.75,5.5,5.75
NQ,1h,bull (close==high),2018-05-27 22:12:00,11659.25,11661.0,11659.25,11661.0,1.0,14.160714285714286,-3.75,0.25,3.25,-3.75
NQ,1h,bull (close==high),2018-05-28 00:03:00,11660.0,11661.25,11658.75,11661.25,0.5,12.053571428571429,3.0,-0.5,-4.0,-16.75
NQ,1h,bull (close==high),2018-05-28 01:48:00,11662.25,11664.25,11662.25,11664.25,1.0,10.910714285714286,-3.5,-7.0,-11.5,-21.0
NQ,1h,bull (close==high),2018-05-28 03:33:00,11655.75,11657.25,11655.75,11657.25,1.0,9.767857142857142,-4.5,-12.75,-14.0,-13.25
NQ,1h,bull (close==high),2018-05-28 06:05:00,11640.5,11643.25,11636.5,11643.25,0.4074074074074074,8.446428571428571,-9.5,0.75,13.5,11.5
NQ,1h,bull (close==high),2018-05-28 09:03:00,11634.75,11644.0,11634.75,11644.0,1.0,7.517857142857143,12.75,3.75,10.75,1.75
NQ,1h,bull (close==high),2018-05-28 18:03:00,11653.25,11655.75,11653.25,11655.75,1.0,7.910714285714286,-10.0,-22.0,-19.25,-28.0
NQ,1h,bull (close==high),2018-05-28 22:00:00,11636.0,11636.5,11636.0,11636.5,1.0,8.821428571428571,0.25,-8.75,-24.75,-65.75
NQ,1h,bull (close==high),2018-05-29 09:01:00,11601.25,11625.75,11581.75,11625.75,0.5568181818181818,17.732142857142858,-11.0,-49.0,-28.0,-59.0
NQ,1h,bull (close==high),2018-05-29 12:00:00,11577.75,11597.75,11555.75,11597.75,0.47619047619047616,24.446428571428573,-11.0,-31.0,-4.0,3.0
NQ,1h,bull (close==high),2018-05-29 16:00:00,11596.75,11609.0,11596.75,11609.0,1.0,29.625,-8.25,-11.25,-15.75,-22.25
NQ,1h,bull (close==high),2018-05-29 23:30:00,11597.75,11605.5,11597.75,11605.5,1.0,25.607142857142858,2.0,2.25,9.75,7.25
NQ,1h,bull (close==high),2018-05-30 00:02:00,11604.75,11607.5,11604.75,11607.5,1.0,22.660714285714285,0.25,7.75,16.5,19.25
NQ,1h,bull (close==high),2018-05-30 01:04:00,11602.25,11607.75,11593.25,11607.75,0.3793103448275862,21.446428571428573,7.5,16.25,5.0,19.25
NQ,1h,bull (close==high),2018-05-30 20:20:00,11638.0,11638.25,11638.0,11638.25,1.0,13.607142857142858,1.0,5.0,12.0,20.25
NQ,1h,bull (close==high),2018-05-30 21:21:00,11638.25,11639.25,11638.25,11639.25,1.0,13.25,4.0,11.0,15.5,24.5
NQ,1h,bull (close==high),2018-05-30 23:11:00,11646.5,11650.25,11646.5,11650.25,1.0,11.928571428571429,4.5,8.25,13.5,4.0
NQ,1h,bull (close==high),2018-05-31 02:07:00,11648.5,11658.5,11648.5,11658.5,1.0,9.0,5.25,2.5,-4.25,-2.25
NQ,1h,bull (close==high),2018-05-31 03:00:00,11655.25,11663.75,11649.75,11663.75,0.6071428571428571,8.732142857142858,-2.75,-9.5,-8.75,-8.25
NQ,1h,bull (close==high),2018-05-31 06:10:00,11651.75,11655.0,11649.75,11655.0,0.6190476190476191,6.767857142857143,1.25,0.5,1.75,22.75
NQ,1h,bull (close==high),2018-05-31 07:02:00,11652.75,11656.25,11652.75,11656.25,1.0,6.321428571428571,-0.75,0.5,-23.25,7.5
NQ,1h,bull (close==high),2018-05-31 16:01:00,11639.25,11645.25,11638.75,11645.25,0.9230769230769231,19.0,-2.5,-0.5,-1.25,6.0
NQ,1h,bull (close==high),2018-05-31 19:03:00,11641.75,11644.75,11641.75,11644.75,1.0,17.821428571428573,-0.75,7.25,6.5,3.0
NQ,1h,bull (close==high),2018-06-01 00:00:00,11645.25,11647.75,11644.75,11647.75,0.8333333333333334,15.767857142857142,2.0,17.25,5.0,15.0
NQ,1h,bull (close==high),2018-06-01 05:00:00,11656.75,11662.75,11656.75,11662.75,1.0,7.142857142857143,-1.0,3.5,10.0,68.5
NQ,1h,bull (close==high),2018-06-01 06:18:00,11659.75,11661.75,11659.75,11661.75,1.0,6.160714285714286,4.5,11.0,25.25,78.0
NQ,1h,bull (close==high),2018-06-01 15:00:00,11742.0,11748.75,11730.75,11748.75,0.375,15.964285714285714,-1.0,-12.0,0.75,17.5
NQ,1h,bull (close==high),2018-06-03 19:10:00,11738.5,11749.5,11737.75,11749.5,0.9361702127659575,15.625,7.25,16.75,15.75,15.0
NQ,1h,bull (close==high),2018-06-03 20:01:00,11747.75,11756.75,11746.75,11756.75,0.9,15.910714285714286,9.5,8.5,6.5,13.25
NQ,1h,bull (close==high),2018-06-03 21:00:00,11755.0,11766.25,11755.0,11766.25,1.0,16.5,-1.0,-3.0,-1.75,4.5
NQ,1h,bull (close==high),2018-06-04 00:05:00,11763.25,11764.5,11762.25,11764.5,0.5555555555555556,13.5,5.5,6.25,10.5,12.25
NQ,1h,bull (close==high),2018-06-04 02:01:00,11768.25,11770.75,11763.75,11770.75,0.35714285714285715,9.553571428571429,4.25,5.25,6.0,-6.5
NQ,1h,bull (close==high),2018-06-04 14:00:00,11802.25,11809.25,11799.25,11809.25,0.7,12.857142857142858,0.0,1.5,-4.75,-4.5
NQ,1h,bull (close==high),2018-06-04 21:13:00,11804.5,11807.75,11800.25,11807.75,0.43333333333333335,12.714285714285714,-2.0,-1.0,1.25,6.75
NQ,1h,bull (close==high),2018-06-04 22:43:00,11804.0,11805.75,11804.0,11805.75,1.0,12.071428571428571,1.0,3.25,-2.75,18.0
NQ,1h,bull (close==high),2018-06-05 01:01:00,11807.5,11809.0,11804.0,11809.0,0.3,9.982142857142858,-6.0,5.5,14.75,20.5
NQ,1h,bull (close==high),2018-06-05 04:00:00,11816.5,11823.75,11815.5,11823.75,0.8787878787878788,7.821428571428571,13.0,5.75,1.25,11.0
NQ,1h,bull (close==high),2018-06-05 05:02:00,11824.25,11836.75,11822.0,11836.75,0.847457627118644,7.75,-7.25,-11.75,-18.0,0.5
NQ,1h,bull (close==high),2018-06-05 09:03:00,11820.25,11834.75,11818.25,11834.75,0.8787878787878788,8.857142857142858,2.5,-18.5,-17.25,-0.5
NQ,1h,bull (close==high),2018-06-05 22:02:00,11848.75,11850.75,11848.75,11850.75,1.0,13.446428571428571,5.25,13.0,8.0,-2.0
NQ,1h,bull (close==high),2018-06-05 23:11:00,11849.0,11856.0,11849.0,11856.0,1.0,13.178571428571429,7.75,2.75,-5.25,-9.0
NQ,1h,bull (close==high),2018-06-06 15:00:00,11859.25,11875.75,11856.25,11875.75,0.8461538461538461,15.928571428571429,3.0,0.0,-0.5,7.25
NQ,1h,bull (close==high),2018-06-12 07:00:00,11827.0,11832.75,11822.0,11832.75,0.5348837209302325,11.928571428571429,10.5,6.25,21.75,36.5
NQ,1h,bull (close==high),2018-06-12 08:00:00,11833.0,11843.25,11827.0,11843.25,0.6307692307692307,12.285714285714286,-4.25,11.25,27.25,35.5
NQ,1h,bull (close==high),2018-06-12 22:00:00,11887.25,11888.5,11881.25,11888.5,0.1724137931034483,16.446428571428573,-2.25,-1.25,-2.5,-16.25
NQ,1h,bull (close==high),2018-06-21 07:00:00,11946.5,11952.25,11943.75,11952.25,0.6764705882352942,13.857142857142858,-7.0,-1.75,-51.25,-70.25
NQ,1h,bull (close==high),2018-06-28 14:00:00,11666.75,11705.25,11663.25,11705.25,0.9166666666666666,33.57142857142857,-15.0,-10.5,-15.0,-14.0
NQ,1h,bull (close==high),2018-06-28 19:00:00,11690.0,11699.0,11688.0,11699.0,0.8181818181818182,30.607142857142858,-7.75,-4.75,31.5,31.0
NQ,1h,bull (close==high),2018-07-13 16:00:00,12030.75,12035.5,12028.0,12035.5,0.6333333333333333,15.089285714285714,12.5,9.75,11.5,-0.75
NQ,1h,bull (close==high),2018-07-25 08:00:00,12050.75,12058.0,12046.0,12058.0,0.6041666666666666,9.767857142857142,17.0,6.75,35.25,53.75
NQ,1h,bull (close==high),2018-07-26 22:00:00,12069.75,12075.25,12066.5,12075.25,0.6285714285714286,22.589285714285715,7.0,9.5,7.0,6.5
NQ,1h,bull (close==high),2018-07-30 02:00:00,11902.25,11914.5,11901.5,11914.5,0.9423076923076923,24.642857142857142,6.25,17.0,13.0,10.0
NQ,1h,bull (close==high),2018-08-03 01:00:00,12024.25,12025.25,12020.5,12025.25,0.21052631578947367,16.946428571428573,-2.25,-2.75,-2.5,5.0
NQ,1h,bull (close==high),2018-08-03 15:00:00,12030.25,12040.25,12028.5,12040.25,0.851063829787234,17.571428571428573,3.5,2.0,2.0,17.25
NQ,1h,bull (close==high),2018-08-07 01:00:00,12095.25,12097.0,12093.75,12097.0,0.5384615384615384,9.892857142857142,8.25,8.5,11.75,6.25
NQ,1h,bull (close==high),2018-08-15 14:00:00,11981.0,11990.75,11965.25,11990.75,0.38235294117647056,25.75,12.25,27.0,21.25,17.25
NQ,1h,bull (close==high),2018-08-16 23:00:00,12024.25,12027.5,12018.75,12027.5,0.37142857142857144,18.107142857142858,-5.5,-10.5,-4.25,0.0
NQ,1h,bull (close==high),2018-08-27 14:00:00,12199.5,12202.75,12192.25,12202.75,0.30952380952380953,10.5,2.5,3.25,10.25,21.0
NQ,1h,bull (close==high),2018-08-31 16:00:00,12297.0,12311.75,12293.75,12311.75,0.8194444444444444,18.571428571428573,-6.75,-0.75,-2.0,-3.5
NQ,1h,bull (close==high),2018-09-06 18:00:00,12092.5,12094.0,12089.0,12094.0,0.3,29.767857142857142,-6.0,-21.75,-5.75,-19.0
NQ,1h,bull (close==high),2018-09-10 18:00:00,12098.25,12103.0,12094.0,12103.0,0.5277777777777778,17.839285714285715,-1.0,8.0,11.25,18.5
NQ,1h,bull (close==high),2018-09-17 22:00:00,11991.5,11997.75,11985.25,11997.75,0.5,24.285714285714285,2.0,0.25,4.75,23.75
NQ,1h,bull (close==high),2018-09-27 16:00:00,12205.0,12210.75,12196.75,12210.75,0.4107142857142857,17.0,-3.75,-3.25,-2.5,4.0
NQ,1h,bull (close==high),2018-10-02 16:00:00,12199.75,12204.0,12196.0,12204.0,0.53125,22.696428571428573,-2.25,-6.5,-9.0,13.0
NQ,1h,bull (close==high),2018-10-03 22:00:00,12173.25,12176.75,12166.0,12176.75,0.32558139534883723,19.303571428571427,-8.0,-0.25,-10.75,-9.25
NQ,1h,bull (close==high),2018-10-04 02:00:00,12166.25,12170.5,12155.0,12170.5,0.27419354838709675,16.625,-3.0,-12.75,-12.0,-1.5
NQ,1h,bull (close==high),2018-10-09 06:00:00,11902.5,11912.25,11895.0,11912.25,0.5652173913043478,13.053571428571429,-25.5,11.5,44.25,67.5
NQ,1h,bull (close==high),2018-10-16 09:00:00,11694.5,11736.25,11692.0,11736.25,0.943502824858757,19.196428571428573,6.75,42.5,53.0,68.75
NQ,1h,bull (close==high),2018-10-24 07:00:00,11641.25,11692.0,11636.25,11692.0,0.9103139013452914,30.625,-7.75,-55.75,-89.75,-125.5
NQ,1h,bull (close==high),2018-11-22 19:00:00,11089.75,11099.0,11086.75,11099.0,0.7551020408163265,19.714285714285715,-7.0,-1.5,-4.0,-30.0
NQ,1h,bull (close==high),2018-11-28 23:00:00,11450.25,11455.25,11447.5,11455.25,0.6451612903225806,32.964285714285715,-16.0,-16.25,-15.5,-26.0
NQ,1h,bull (close==high),2018-12-06 15:00:00,11323.75,11389.0,11305.75,11389.0,0.7837837837837838,58.892857142857146,-1.0,3.75,-8.75,-19.5
NQ,1h,bull (close==high),2018-12-07 16:00:00,11161.5,11177.25,11155.0,11177.25,0.7078651685393258,50.785714285714285,-60.25,-61.5,-50.25,-62.5
NQ,1h,bull (close==high),2018-12-16 18:00:00,11119.75,11155.75,11118.5,11155.75,0.9664429530201343,35.232142857142854,-0.25,10.0,19.25,17.25
NQ,1h,bull (close==high),2018-12-16 23:00:00,11166.75,11173.0,11164.5,11173.0,0.7352941176470589,33.267857142857146,-1.75,-4.5,-23.25,-22.5
NQ,1h,bull (close==high),2019-01-03 07:00:00,10727.25,10767.25,10725.75,10767.25,0.963855421686747,26.535714285714285,22.25,5.5,-35.0,-0.5
NQ,1h,bull (close==high),2019-01-11 16:00:00,11133.5,11136.0,11129.75,11136.0,0.4,20.178571428571427,-36.75,-34.0,-63.0,-67.0
NQ,1h,bull (close==high),2019-01-14 06:00:00,11052.75,11062.0,11047.5,11062.0,0.6379310344827587,16.285714285714285,-1.25,11.5,-8.75,24.75
NQ,1h,bull (close==high),2019-01-16 06:00:00,11196.25,11201.0,11191.25,11201.0,0.48717948717948717,13.732142857142858,5.0,5.5,41.75,5.5
NQ,1h,bull (close==high),2019-01-16 21:00:00,11168.75,11176.75,11161.0,11176.75,0.5079365079365079,24.053571428571427,0.25,-5.25,-7.0,-31.25
NQ,1h,bull (close==high),2019-01-23 15:00:00,11155.0,11189.25,11153.25,11189.25,0.9513888888888888,32.125,2.0,-8.0,0.0,7.5
NQ,1h,bull (close==high),2019-01-28 23:00:00,11190.0,11195.75,11188.0,11195.75,0.7419354838709677,27.357142857142858,12.0,7.0,0.5,13.0
NQ,1h,bull (close==high),2019-01-29 06:00:00,11210.25,11220.25,11202.0,11220.25,0.547945205479452,14.321428571428571,12.5,17.25,-11.75,-60.75
NQ,1h,bull (close==high),2019-02-07 03:00:00,11487.5,11498.5,11486.75,11498.5,0.9361702127659575,11.178571428571429,5.25,-19.25,-26.25,-25.25
NQ,1h,bull (close==high),2019-02-08 15:00:00,11423.75,11441.75,11416.0,11441.75,0.6990291262135923,22.267857142857142,2.75,-7.5,-15.0,-9.25
NQ,1h,bull (close==high),2019-02-21 19:00:00,11552.75,11555.5,11546.0,11555.5,0.2894736842105263,23.785714285714285,-10.25,-12.75,-9.75,1.0
NQ,1h,bull (close==high),2019-03-04 03:00:00,11713.75,11717.25,11706.5,11717.25,0.32558139534883723,12.696428571428571,-12.0,-12.75,-9.75,-0.75
NQ,1h,bull (close==high),2019-03-05 06:00:00,11677.25,11678.0,11670.25,11678.0,0.0967741935483871,11.678571428571429,-15.0,-8.0,-21.0,8.25
NQ,1h,bull (close==high),2019-03-07 05:01:00,11612.0,11615.25,11608.75,11615.25,0.5,9.678571428571429,-6.5,16.0,9.75,-47.75
NQ,1h,bull (close==high),2019-03-07 07:00:00,11608.0,11631.25,11606.75,11631.25,0.9489795918367347,9.196428571428571,-6.25,-61.0,-63.75,-34.75
NQ,1h,bull (close==high),2019-03-13 21:00:00,11775.75,11783.5,11771.25,11783.5,0.6326530612244898,20.589285714285715,-3.75,-11.0,-8.0,-3.0
NQ,1h,bull (close==high),2019-04-01 03:00:00,11964.75,11975.0,11960.75,11975.0,0.7192982456140351,15.035714285714286,-1.75,-12.25,-17.0,-17.75
NQ,1h,bull (close==high),2019-04-05 01:00:00,12064.0,12067.5,12062.75,12067.5,0.7368421052631579,14.607142857142858,2.0,1.75,0.5,2.0
NQ,1h,bull (close==high),2019-04-05 16:00:00,12095.25,12104.0,12094.25,12104.0,0.8974358974358975,12.803571428571429,-4.0,0.5,-9.75,-14.75
NQ,1h,bull (close==high),2019-04-11 16:00:00,12108.0,12111.25,12103.0,12111.25,0.3939393939393939,15.857142857142858,-1.75,0.5,0.75,0.25
NQ,1h,bull (close==high),2019-04-12 15:00:00,12134.75,12141.75,12132.0,12141.75,0.717948717948718,14.339285714285714,3.5,-3.0,-0.5,-1.75
NQ,1h,bull (close==high),2019-04-12 16:00:00,12141.5,12145.25,12139.75,12145.25,0.6818181818181818,14.375,-6.5,-4.0,-7.0,-0.25
NQ,1h,bull (close==high),2019-04-16 19:00:00,12162.75,12168.5,12161.5,12168.5,0.8214285714285714,15.071428571428571,10.5,22.25,16.75,14.25
NQ,1h,bull (close==high),2019-04-22 05:00:00,12178.25,12179.75,12174.0,12179.75,0.2608695652173913,10.910714285714286,2.25,-3.5,-16.75,26.75
NQ,1h,bull (close==high),2019-04-22 09:00:00,12163.0,12188.5,12162.0,12188.5,0.9622641509433962,11.696428571428571,18.0,20.0,19.75,28.0
NQ,1h,bull (close==high),2019-04-22 21:00:00,12222.25,12226.75,12217.0,12226.75,0.46153846153846156,13.25,-0.75,1.25,3.75,5.75
NQ,1h,bull (close==high),2019-04-30 19:00:00,12332.5,12336.5,12330.25,12336.5,0.64,23.25,3.5,6.0,13.0,11.5
NQ,1h,bull (close==high),2019-05-02 16:00:00,12227.75,12231.25,12215.25,12231.25,0.21875,29.553571428571427,2.0,3.25,8.25,16.5
NQ,1h,bull (close==high),2019-05-03 16:00:00,12348.0,12363.75,12346.75,12363.75,0.9264705882352942,19.089285714285715,-123.75,-166.0,-191.25,-184.0
NQ,1h,bull (close==high),2019-06-03 22:00:00,11480.0,11486.0,11473.0,11486.0,0.46153846153846156,40.42857142857143,6.25,3.0,6.0,29.0
NQ,1h,bull (close==high),2019-06-09 21:00:00,11929.5,11940.75,11922.5,11940.75,0.6164383561643836,32.607142857142854,-12.0,-7.75,-1.25,-4.5
NQ,1h,bull (close==high),2019-06-09 23:00:00,11929.0,11933.0,11925.25,11933.0,0.5161290322580645,29.982142857142858,6.5,1.25,3.25,3.0
NQ,1h,bull (close==high),2019-06-10 05:00:00,11936.25,11937.75,11931.0,11937.75,0.2222222222222222,16.696428571428573,-1.5,20.0,18.0,93.75
NQ,1h,bull (close==high),2019-06-11 01:00:00,12033.0,12036.75,12028.75,12036.75,0.46875,19.946428571428573,-6.5,-1.75,12.5,17.75
NQ,1h,bull (close==high),2019-06-13 22:00:00,12001.75,12009.75,11996.0,12009.75,0.5818181818181818,21.553571428571427,-4.5,-1.75,-9.75,-33.25
NQ,1h,bull (close==high),2019-06-17 16:00:00,12021.0,12034.25,12019.0,12034.25,0.8688524590163934,19.321428571428573,-4.5,-5.75,-1.75,3.0
NQ,1h,bull (close==high),2019-06-25 06:00:00,12201.0,12207.25,12196.0,12207.25,0.5555555555555556,14.321428571428571,2.5,8.75,-15.75,-54.0
NQ,1h,bull (close==high),2019-06-25 18:00:00,12098.25,12106.25,12097.25,12106.25,0.8888888888888888,25.339285714285715,-14.5,-3.75,-7.25,-1.75
NQ,1h,bull (close==high),2019-06-26 23:00:00,12149.25,12150.0,12143.25,12150.0,0.1111111111111111,20.982142857142858,-9.25,-2.0,11.25,6.5
NQ,1h,bull (close==high),2019-07-04 05:00:00,12350.5,12358.5,12350.5,12358.5,1.0,8.142857142857142,-3.0,2.75,1.5,11.5
NQ,1h,bull (close==high),2019-07-24 14:00:00,12455.25,12475.75,12451.5,12475.75,0.845360824742268,19.178571428571427,15.25,-8.5,0.5,1.25
NQ,1h,bull (close==high),2019-08-02 01:00:00,12255.0,12257.25,12248.0,12257.25,0.24324324324324326,43.232142857142854,-1.0,-39.0,-44.0,-22.0
NQ,1h,bull (close==high),2019-08-19 21:00:00,12169.5,12183.75,12165.75,12183.75,0.7916666666666666,19.660714285714285,17.5,18.25,14.25,13.5
NQ,1h,bull (close==high),2019-08-23 01:00:00,12212.5,12222.75,12211.25,12222.75,0.8913043478260869,20.285714285714285,-6.5,-13.75,-5.25,-22.75
NQ,1h,bull (close==high),2019-09-27 16:00:00,12141.5,12159.75,12139.0,12159.75,0.8795180722891566,37.80357142857143,-4.25,6.75,3.0,27.0
NQ,1h,bull (close==high),2019-10-16 16:00:00,12376.25,12396.25,12368.5,12396.25,0.7207207207207207,21.017857142857142,-10.75,-14.5,-10.25,-6.0
NQ,1h,bull (close==high),2019-10-16 20:00:00,12382.0,12386.0,12375.25,12386.0,0.37209302325581395,20.017857142857142,4.0,4.25,2.0,-10.5
NQ,1h,bull (close==high),2019-11-08 15:00:00,12677.0,12704.25,12676.0,12704.25,0.9646017699115044,17.767857142857142,-1.25,-9.25,-16.0,-26.0
NQ,1h,bull (close==high),2019-11-14 06:00:00,12696.5,12699.5,12689.5,12699.5,0.3,15.446428571428571,-7.25,-14.0,-4.5,-33.0
NQ,1h,bull (close==high),2019-11-15 15:00:00,12752.5,12761.5,12739.5,12761.5,0.4090909090909091,14.803571428571429,4.25,-8.5,-7.5,-0.25
NQ,1h,bull (close==high),2019-11-20 15:00:00,12718.25,12735.25,12705.75,12735.25,0.576271186440678,27.642857142857142,-4.5,-22.75,-44.75,-19.5
NQ,1h,bull (close==high),2019-11-22 16:00:00,12720.0,12725.5,12718.75,12725.5,0.8148148148148148,19.017857142857142,23.75,25.25,30.25,25.5
NQ,1h,bull (close==high),2019-12-04 06:00:00,12736.0,12748.0,12735.75,12748.0,0.9795918367346939,19.892857142857142,-4.5,-9.0,6.75,-1.75
NQ,1h,bull (close==high),2019-12-06 16:00:00,12842.25,12847.5,12838.0,12847.5,0.5526315789473685,15.035714285714286,-0.75,-17.75,-22.25,-18.25
NQ,1h,bull (close==high),2019-12-09 04:00:00,12833.25,12834.25,12825.75,12834.25,0.11764705882352941,9.785714285714286,5.25,-2.75,1.25,27.5
NQ,1h,bull (close==high),2019-12-11 14:00:00,12826.0,12850.0,12818.5,12850.0,0.7619047619047619,16.410714285714285,-3.0,0.25,5.75,8.5
NQ,1h,bull (close==high),2019-12-29 21:00:00,13221.0,13222.0,13219.5,13222.0,0.4,19.125,2.75,4.25,0.0,-9.25
NQ,1h,bull (close==high),2020-01-16 01:00:00,13499.25,13500.75,13494.5,13500.75,0.24,16.535714285714285,-2.0,18.0,7.25,15.5
NQ,1h,bull (close==high),2020-02-06 16:00:00,13870.25,13881.25,13861.5,13881.25,0.5569620253164557,27.821428571428573,2.75,-24.0,-27.75,-19.5
NQ,1h,bull (close==high),2020-03-13 07:00:00,11139.0,11191.5,11136.75,11191.5,0.958904109589041,156.28571428571428,-109.0,-177.75,-215.5,-52.25
NQ,1h,bull (close==high),2020-03-16 21:00:00,10832.25,10859.5,10823.75,10859.5,0.7622377622377622,227.67857142857142,0.0,0.0,-124.0,0.0
NQ,1h,bull (close==high),2020-03-17 06:00:00,10664.5,10859.5,10642.5,10859.5,0.8986175115207373,167.41071428571428,-185.5,-110.5,-312.0,127.0
NQ,1h,bull (close==high),2020-03-20 04:00:00,11154.0,11211.25,11127.25,11211.25,0.6815476190476191,111.21428571428571,0.0,-35.75,-101.75,-274.75
NQ,1h,bull (close==high),2020-03-24 05:00:00,10893.0,10941.75,10875.5,10941.75,0.7358490566037735,104.58928571428571,-64.5,-18.5,-23.5,94.25
NQ,1h,bull (close==high),2020-04-13 04:00:00,11697.0,11713.25,11691.75,11713.25,0.7558139534883721,59.464285714285715,4.0,22.0,66.5,39.0
NQ,1h,bull (close==high),2020-05-06 19:00:00,12524.25,12547.75,12518.0,12547.75,0.7899159663865546,43.875,24.0,23.5,35.25,56.5
NQ,1h,bull (close==high),2020-06-09 20:02:00,13574.75,13585.5,13572.25,13585.5,0.8113207547169812,38.625,14.75,13.5,11.0,10.25
NQ,1h,bull (close==high),2020-06-19 01:00:00,13611.0,13628.25,13608.0,13628.25,0.8518518518518519,31.232142857142858,30.75,42.0,34.0,43.5
NQ,1h,bull (close==high),2020-06-22 09:00:00,13601.25,13625.5,13580.0,13625.5,0.532967032967033,34.660714285714285,1.0,36.0,72.75,92.5
NQ,1h,bull (close==high),2020-08-10 07:00:00,14727.5,14735.5,14716.5,14735.5,0.42105263157894735,25.517857142857142,3.0,-50.25,-187.0,-58.5
NQ,1h,bull (close==high),2020-08-24 07:00:00,15269.5,15290.5,15265.0,15290.5,0.8235294117647058,20.178571428571427,0.75,-30.25,-139.0,-81.0
NQ,1h,bull (close==high),2020-08-28 09:00:00,15567.0,15610.0,15552.0,15610.0,0.7413793103448276,34.44642857142857,-48.25,-12.0,-23.25,-42.0
NQ,1h,bull (close==high),2020-09-01 02:00:00,15770.5,15796.75,15765.5,15796.75,0.84,32.517857142857146,35.25,22.0,46.0,17.25
NQ,1h,bull (close==high),2020-09-08 06:00:00,14889.0,14927.75,14846.25,14927.75,0.4754601226993865,65.28571428571429,-101.75,-99.75,-29.5,-83.5
NQ,1h,bull (close==high),2020-09-13 21:00:00,14777.0,14796.5,14770.5,14796.5,0.75,98.41071428571429,32.25,32.5,28.25,66.25
NQ,1h,bull (close==high),2020-09-15 09:00:00,15017.75,15085.5,15015.75,15085.5,0.9713261648745519,35.0,-49.5,-24.75,2.5,-27.25
NQ,1h,bull (close==high),2020-09-18 16:00:00,14528.75,14556.0,14519.5,14556.0,0.7465753424657534,79.53571428571429,-25.25,-7.0,17.5,-0.75
NQ,1h,bull (close==high),2020-09-28 12:00:00,14883.0,14903.75,14843.75,14903.75,0.3458333333333333,47.017857142857146,37.0,49.0,69.5,110.75
NQ,1h,bull (close==high),2020-10-08 21:00:00,15189.75,15201.0,15184.25,15201.0,0.6716417910447762,38.214285714285715,8.75,12.0,10.25,-23.5
NQ,1h,bull (close==high),2020-11-16 10:00:00,15583.25,15632.75,15570.5,15632.75,0.7951807228915663,47.232142857142854,-20.5,-51.0,-45.0,-10.25
NQ,1h,bull (close==high),2020-11-18 11:00:00,15592.75,15615.5,15574.25,15615.5,0.5515151515151515,39.017857142857146,10.0,-34.75,-15.0,-124.25
NQ,1h,bull (close==high),2020-11-27 00:00:00,15788.25,15802.75,15783.5,15802.75,0.7532467532467533,21.053571428571427,2.5,-0.75,14.75,10.75
NQ,1h,bull (close==high),2020-11-30 16:00:00,15899.5,15936.75,15890.0,15936.75,0.7967914438502673,56.30357142857143,31.0,46.25,58.0,63.5
NQ,1h,bull (close==high),2020-11-30 18:00:00,15953.5,15967.75,15929.5,15967.75,0.37254901960784315,55.42857142857143,15.25,27.0,31.5,24.0
NQ,1h,bull (close==high),2020-12-07 08:00:00,16138.25,16150.75,16135.25,16150.75,0.8064516129032258,21.517857142857142,51.5,55.25,58.5,36.25
NQ,1h,bull (close==high),2020-12-08 16:00:00,16260.75,16273.75,16260.0,16273.75,0.9454545454545454,31.535714285714285,-2.75,8.5,-12.25,-7.25
NQ,1h,bull (close==high),2020-12-11 06:00:00,15912.5,15927.75,15888.25,15927.75,0.3860759493670886,28.785714285714285,14.25,25.25,12.5,-24.0
NQ,1h,bull (close==high),2021-01-19 16:00:00,16610.25,16658.5,16590.75,16658.5,0.7121771217712177,37.94642857142857,17.5,6.5,6.0,3.0
NQ,1h,bull (close==high),2021-01-25 11:00:00,16974.25,17024.75,16814.75,17024.75,0.24047619047619048,51.0,20.0,35.5,37.5,65.25
NQ,1h,bull (close==high),2021-02-11 07:00:00,17329.75,17335.5,17321.25,17335.5,0.40350877192982454,23.571428571428573,1.75,-23.75,-0.75,-25.0
NQ,1h,bull (close==high),2021-02-12 16:00:00,17429.25,17446.5,17425.25,17446.5,0.8117647058823529,36.607142857142854,5.25,37.25,32.25,30.75
NQ,1h,bull (close==high),2021-02-23 14:00:00,16671.25,16754.5,16657.5,16754.5,0.8582474226804123,120.91071428571429,63.25,28.75,40.5,104.75
NQ,1h,bull (close==high),2021-03-10 02:03:00,16367.0,16387.25,16367.0,16387.25,1.0,48.30357142857143,26.75,41.25,-2.0,6.0
NQ,1h,bull (close==high),2021-03-10 04:02:00,16420.0,16428.5,16388.75,16428.5,0.2138364779874214,44.767857142857146,-43.25,-58.0,-35.25,102.25
NQ,1h,bull (close==high),2021-03-10 16:00:00,16377.25,16413.0,16376.5,16413.0,0.9794520547945206,89.98214285714286,-19.75,-56.0,14.0,44.0
NQ,1h,bull (close==high),2021-03-26 11:00:00,16447.75,16471.0,16389.75,16471.0,0.28615384615384615,50.0,-11.0,-39.5,-48.25,120.0
NQ,1h,bull (close==high),2021-04-02 04:00:00,16996.25,17000.75,16988.75,17000.75,0.375,18.625,-7.5,-15.0,-9.0,-24.5
NQ,1h,bull (close==high),2021-04-15 07:00:00,17529.25,17546.75,17510.5,17546.75,0.4827586206896552,26.696428571428573,21.0,40.75,67.0,94.0
NQ,1h,bull (close==high),2021-04-16 00:00:00,17603.0,17619.5,17601.25,17619.5,0.9041095890410958,36.05357142857143,0.75,-8.25,-15.75,5.0
NQ,1h,bull (close==high),2021-05-20 08:00:00,16864.25,16913.75,16855.5,16913.75,0.8497854077253219,42.285714285714285,103.0,150.25,207.25,197.5
NQ,1h,bull (close==high),2021-05-31 06:00:00,17301.25,17310.75,17289.0,17310.75,0.4367816091954023,17.160714285714285,-6.25,-1.0,-5.5,-8.0
NQ,1h,bull (close==high),2021-06-08 18:04:00,17442.25,17455.75,17439.5,17455.75,0.8307692307692308,42.392857142857146,-4.0,4.25,-4.0,1.0
NQ,1h,bull (close==high),2021-06-15 01:00:00,17775.5,17781.0,17767.5,17781.0,0.4074074074074074,24.089285714285715,0.25,3.25,1.25,2.5
NQ,1h,bull (close==high),2021-06-23 19:00:00,17922.5,17929.5,17916.25,17929.5,0.5283018867924528,31.464285714285715,7.25,12.5,11.75,15.25
NQ,1h,bull (close==high),2021-07-09 16:00:00,18451.75,18457.25,18445.75,18457.25,0.4782608695652174,38.142857142857146,17.25,15.25,11.25,-9.5
NQ,1h,bull (close==high),2021-08-04 16:00:00,18711.75,18724.5,18709.75,18724.5,0.864406779661017,31.321428571428573,6.25,2.25,14.5,9.25
NQ,1h,bull (close==high),2021-08-09 20:00:00,18761.25,18769.0,18759.0,18769.0,0.775,24.785714285714285,-28.75,-19.5,-20.5,-11.5
NQ,1h,bull (close==high),2021-08-10 16:00:00,18688.5,18691.0,18680.0,18691.0,0.22727272727272727,35.82142857142857,-12.75,-12.5,-18.75,-1.0
NQ,1h,bull (close==high),2021-08-12 16:00:00,18719.25,18722.5,18714.25,18722.5,0.3939393939393939,32.660714285714285,-7.75,-11.75,-9.25,-11.75
NQ,1h,bull (close==high),2021-08-24 02:00:00,18984.0,19025.25,18978.75,19025.25,0.8870967741935484,17.732142857142858,-5.25,-9.5,-32.75,-50.25
NQ,1h,bull (close==high),2021-09-02 22:00:00,19249.25,19271.75,19247.5,19271.75,0.9278350515463918,29.214285714285715,-8.0,-5.0,-7.25,-5.75
NQ,1h,bull (close==high),2021-09-06 09:00:00,19333.0,19346.0,19329.75,19346.0,0.8,13.285714285714286,1.25,-5.75,-1.75,-14.0
NQ,1h,bull (close==high),2021-10-14 01:00:00,18477.75,18507.0,18471.75,18507.0,0.8297872340425532,34.80357142857143,24.75,21.75,36.0,18.25
NQ,1h,bull (close==high),2021-10-21 14:00:00,19071.75,19095.5,19067.25,19095.5,0.8407079646017699,37.57142857142857,38.25,-59.25,-40.25,-33.25
NQ,1h,bull (close==high),2021-12-01 04:00:00,19992.25,20035.25,19986.5,20035.25,0.882051282051282,59.5,-13.75,5.25,-1.0,-51.0
NQ,1h,bull (close==high),2021-12-07 19:00:00,19994.5,20043.0,19984.75,20043.0,0.8326180257510729,58.857142857142854,-17.75,18.0,16.25,15.75
NQ,1h,bull (close==high),2021-12-08 00:01:00,20050.0,20058.75,20036.75,20058.75,0.3977272727272727,47.80357142857143,-17.25,-27.5,4.0,-46.25
NQ,1h,bull (close==high),2021-12-10 01:00:00,19798.5,19820.5,19796.0,19820.5,0.8979591836734694,43.125,-5.75,35.75,35.75,50.25
NQ,1h,bull (close==high),2022-01-02 23:00:00,20059.25,20062.25,20054.5,20062.25,0.3870967741935484,43.964285714285715,-1.75,-12.0,-10.0,1.75
NQ,1h,bull (close==high),2022-01-12 22:00:00,19492.0,19496.25,19473.25,19496.25,0.18478260869565216,72.53571428571429,3.75,-10.5,9.75,43.5
NQ,1h,bull (close==high),2022-01-13 04:00:00,19540.0,19545.5,19516.25,19545.5,0.18803418803418803,36.464285714285715,8.5,-14.5,10.75,45.5
NQ,1h,bull (close==high),2022-03-08 18:00:00,16851.0,16907.25,16851.0,16907.25,1.0,165.25,23.0,65.0,6.0,78.25
NQ,1h,bull (close==high),2022-03-08 19:03:00,16913.5,16930.25,16903.25,16930.25,0.6203703703703703,162.14285714285714,42.0,-17.0,-23.25,2.75
NQ,1h,bull (close==high),2022-03-18 03:00:00,17676.0,17698.5,17647.0,17698.5,0.4368932038834951,57.839285714285715,-14.75,-18.75,-35.0,-40.0
NQ,1h,bull (close==high),2022-03-23 16:00:00,18097.25,18117.25,18095.25,18117.25,0.9090909090909091,73.17857142857143,3.0,10.75,6.5,28.25
NQ,1h,bull (close==high),2022-05-16 04:00:00,15940.0,16000.75,15939.25,16000.75,0.9878048780487805,77.55357142857143,-54.75,-26.75,-14.5,-94.25
NQ,1h,bull (close==high),2022-05-17 02:00:00,15996.75,16007.0,15982.0,16007.0,0.41,62.464285714285715,33.25,143.25,178.5,123.5
NQ,1h,bull (close==high),2022-06-08 16:00:00,16276.75,16279.5,16254.5,16279.5,0.11,67.19642857142857,4.75,0.75,-31.25,-33.5
NQ,1h,bull (close==high),2022-06-20 01:00:00,14970.5,14991.75,14953.5,14991.75,0.5555555555555556,78.5,13.0,4.0,22.0,11.5
NQ,1h,bull (close==high),2022-07-13 14:00:00,15448.0,15465.25,15364.0,15465.25,0.17037037037037037,112.26785714285714,-77.5,-107.0,-140.25,-145.25
NQ,1h,bull (close==high),2022-07-22 16:00:00,16049.75,16054.5,16034.0,16054.5,0.23170731707317074,62.607142857142854,-10.75,-25.5,-36.25,-17.5
NQ,1h,bull (close==high),2022-08-29 23:00:00,16134.75,16155.5,16123.5,16155.5,0.6484375,65.51785714285714,19.75,16.5,19.25,102.0
NQ,1h,bull (close==high),2022-09-06 23:01:00,15587.0,15593.0,15571.0,15593.0,0.2727272727272727,75.19642857142857,20.5,29.5,41.25,98.75
NQ,1h,bull (close==high),2022-10-26 18:00:00,14975.75,15022.0,14974.0,15022.0,0.9635416666666666,80.33928571428571,34.25,27.5,41.25,34.5
NQ,1h,bull (close==high),2022-11-08 04:00:00,14564.5,14616.5,14551.0,14616.5,0.7938931297709924,37.57142857142857,-23.0,27.75,15.0,4.0
NQ,1h,bull (close==high),2022-11-22 21:00:00,15287.5,15294.75,15281.0,15294.75,0.5272727272727272,42.964285714285715,-8.75,-9.25,4.5,25.0
NQ,1h,bull (close==high),2022-11-25 01:00:00,15463.5,15466.25,15453.0,15466.25,0.20754716981132076,15.464285714285714,-9.75,-25.5,-51.25,-65.25
NQ,1h,bull (close==high),2022-11-28 06:00:00,15234.5,15254.5,15223.5,15254.5,0.6451612903225806,33.07142857142857,5.5,17.75,61.0,14.0
NQ,1h,bull (close==high),2022-11-29 06:00:00,15225.5,15236.5,15211.25,15236.5,0.43564356435643564,23.410714285714285,-5.0,-43.5,-100.0,-155.0
NQ,1h,bull (close==high),2022-12-05 03:00:00,15525.25,15550.5,15500.5,15550.5,0.505,33.67857142857143,-12.5,-21.5,1.75,-65.0
NQ,1h,bull (close==high),2022-12-09 01:00:00,15240.5,15255.5,15239.0,15255.5,0.9090909090909091,34.82142857142857,4.0,-8.0,-26.5,2.25
NQ,1h,bull (close==high),2022-12-19 01:00:00,14789.75,14812.5,14788.75,14812.5,0.9578947368421052,38.92857142857143,-15.0,24.75,8.25,21.5
NQ,1h,bull (close==high),2022-12-28 01:00:00,14359.25,14378.75,14356.0,14378.75,0.8571428571428571,33.107142857142854,9.75,-7.75,-24.5,3.25
NQ,1h,bull (close==high),2023-01-03 04:00:00,14571.0,14611.0,14567.25,14611.0,0.9142857142857143,51.982142857142854,-24.25,-89.0,-70.0,-173.5
NQ,1h,bull (close==high),2023-01-12 07:00:00,14908.0,14940.25,14905.75,14940.25,0.9347826086956522,18.678571428571427,49.5,-139.0,-66.75,40.5
NQ,1h,bull (close==high),2023-01-23 23:00:00,15369.25,15373.75,15364.75,15373.75,0.5,48.94642857142857,1.0,0.75,-9.0,-26.0
NQ,1h,bull (close==high),2023-02-08 05:00:00,16198.0,16201.25,16168.25,16201.25,0.09848484848484848,43.214285714285715,-7.0,-18.0,-36.75,-147.25
NQ,1h,bull (close==high),2023-03-06 01:00:00,15786.75,15798.5,15779.25,15798.5,0.6103896103896104,35.57142857142857,-11.75,-15.0,-45.0,-53.5
NQ,1h,bull (close==high),2023-03-06 07:00:00,15745.25,15773.25,15744.75,15773.25,0.9824561403508771,33.19642857142857,38.5,53.5,125.5,67.5
NQ,1h,bull (close==high),2023-03-29 01:00:00,16099.25,16129.5,16097.0,16129.5,0.9307692307692308,33.392857142857146,2.75,25.0,23.75,19.5
NQ,1h,bull (close==high),2023-04-03 23:00:00,16545.75,16558.0,16543.75,16558.0,0.8596491228070176,34.410714285714285,5.25,-2.5,11.0,22.0
NQ,1h,bull (close==high),2023-04-06 06:00:00,16323.5,16360.5,16298.75,16360.5,0.5991902834008097,24.678571428571427,20.5,-27.0,-61.5,77.0
NQ,1h,bull (close==high),2023-04-20 20:00:00,16395.25,16419.5,16391.0,16419.5,0.8508771929824561,45.910714285714285,-12.0,-17.5,-13.0,-22.75
NQ,1h,bull (close==high),2023-05-03 12:00:00,16528.25,16540.5,16501.5,16540.5,0.3141025641025641,27.571428571428573,-5.25,19.25,-126.25,-140.75
NQ,1h,bull (close==high),2023-05-16 22:00:00,16829.5,16836.5,16826.25,16836.5,0.6829268292682927,37.19642857142857,-7.75,-7.5,-11.5,-37.25
NQ,1h,bull (close==high),2023-05-29 01:00:00,17708.25,17721.5,17700.5,17721.5,0.6309523809523809,39.892857142857146,18.0,-5.25,-9.25,-15.75
NQ,1h,bull (close==high),2023-06-07 07:00:00,17896.75,17926.0,17896.5,17926.0,0.9915254237288136,16.857142857142858,-15.5,16.25,-140.75,-226.0
NQ,1h,bull (close==high),2023-07-06 13:00:00,18351.75,18374.25,18327.5,18374.25,0.48128342245989303,46.69642857142857,10.25,0.0,-15.75,-11.5
NQ,1h,bull (close==high),2023-08-21 09:00:00,17951.25,18049.75,17931.25,18049.75,0.8312236286919831,39.732142857142854,-83.0,-103.5,-12.25,66.75
NQ,1h,bull (close==high),2023-08-28 00:00:00,18116.75,18125.75,18113.5,18125.75,0.7346938775510204,72.35714285714286,15.5,10.5,5.0,22.0
NQ,1h,bull (close==high),2023-09-05 19:11:00,18664.0,18664.25,18657.75,18664.25,0.038461538461538464,43.767857142857146,-4.0,-28.75,-9.0,-17.5
NQ,1h,bull (close==high),2023-09-07 16:00:00,18414.0,18423.75,18401.75,18423.75,0.4431818181818182,58.44642857142857,-0.5,-4.5,-16.5,-4.0
NQ,1h,bull (close==high),2023-09-27 19:00:00,17698.5,17717.5,17693.0,17717.5,0.7755102040816326,61.857142857142854,13.5,3.0,-27.25,-33.5
NQ,1h,bull (close==high),2023-10-11 23:00:00,18359.25,18367.75,18357.75,18367.75,0.85,41.5,3.75,2.5,19.25,12.25
NQ,1h,bull (close==high),2023-11-01 16:00:00,17685.25,17704.0,17675.5,17704.0,0.6578947368421053,65.03571428571429,7.0,31.5,36.75,44.75
NQ,1h,bull (close==high),2023-11-09 09:00:00,18346.25,18365.75,18308.25,18365.75,0.3391304347826087,23.75,-34.25,19.5,-7.75,-161.5
NQ,1h,bull (close==high),2023-11-15 13:00:00,18833.75,18851.0,18775.25,18851.0,0.22772277227722773,47.55357142857143,1.75,-19.0,-63.0,-33.5
NQ,1h,bull (close==high),2023-11-29 07:00:00,19073.25,19087.5,19066.0,19087.5,0.6627906976744186,20.910714285714285,0.5,49.5,-25.0,-53.75
NQ,1h,bull (close==high),2023-12-05 18:00:00,18838.0,18868.75,18833.0,18868.75,0.8601398601398601,53.25,36.0,48.0,39.25,51.0
NQ,1h,bull (close==high),2023-12-05 23:03:00,18918.0,18919.75,18914.5,18919.75,0.3333333333333333,48.357142857142854,-3.75,-7.75,-5.5,-24.25
NQ,1h,bull (close==high),2023-12-06 05:03:00,18897.0,18910.5,18892.0,18910.5,0.7297297297297297,22.107142857142858,-26.5,-29.25,44.75,-37.75
NQ,1h,bull (close==high),2023-12-06 13:00:00,18815.5,18829.75,18782.5,18829.75,0.30158730158730157,45.982142857142854,-17.5,-73.25,-72.5,-72.75
NQ,1h,bull (close==high),2023-12-13 23:00:00,19599.75,19614.5,19597.75,19614.5,0.8805970149253731,53.482142857142854,-3.0,2.25,-24.25,-44.25
NQ,1h,bull (close==high),2023-12-20 16:00:00,19503.5,19534.0,19497.75,19534.0,0.8413793103448276,52.19642857142857,17.0,10.5,15.5,28.25
NQ,1h,bull (close==high),2023-12-20 23:00:00,19562.0,19577.75,19559.75,19577.75,0.875,47.55357142857143,7.25,5.5,25.75,39.75
NQ,1h,bull (close==high),2023-12-27 00:00:00,19821.75,19829.5,19817.0,19829.5,0.62,19.035714285714285,1.0,-6.0,0.25,-8.5
NQ,1h,bull (close==high),2023-12-28 19:00:00,19839.75,19848.0,19836.25,19848.0,0.7021276595744681,24.428571428571427,-8.0,-11.5,-8.5,-9.25
NQ,1h,bull (close==high),2024-01-24 19:00:00,20355.75,20361.75,20339.25,20361.75,0.26666666666666666,56.17857142857143,-14.25,-21.0,-17.0,3.5
NQ,1h,bull (close==high),2024-02-01 19:00:00,20332.25,20341.25,20320.25,20341.25,0.42857142857142855,69.08928571428571,19.5,16.75,0.75,10.0
NQ,1h,bull (close==high),2024-03-21 02:00:00,21102.5,21124.75,21098.25,21124.75,0.839622641509434,44.910714285714285,27.0,-14.25,-26.25,6.5
NQ,1h,bull (close==high),2024-04-04 11:00:00,20992.25,21026.5,20971.5,21026.5,0.6227272727272727,32.32142857142857,22.0,-36.75,-308.0,-462.25
NQ,1h,bull (close==high),2024-04-08 23:00:00,20787.25,20795.25,20785.25,20795.25,0.8,44.107142857142854,10.75,9.25,14.75,1.75
NQ,1h,bull (close==high),2024-04-17 05:00:00,20404.5,20421.5,20374.25,20421.5,0.35978835978835977,45.285714285714285,-8.25,-20.25,-0.5,-128.25
NQ,1h,bull (close==high),2024-05-03 03:00:00,20225.75,20238.5,20211.25,20238.5,0.46788990825688076,46.017857142857146,13.5,13.25,6.75,177.5
NQ,1h,bull (close==high),2024-05-06 09:00:00,20550.5,20601.5,20534.5,20601.5,0.7611940298507462,23.839285714285715,-11.5,1.5,7.75,36.0
NQ,1h,bull (close==high),2024-05-09 05:00:00,20616.0,20621.75,20595.5,20621.75,0.21904761904761905,21.357142857142858,5.5,26.75,60.75,81.0
NQ,1h,bull (close==high),2024-05-15 22:00:00,21215.0,21221.25,21204.75,21221.25,0.3787878787878788,47.57142857142857,3.0,-5.0,-6.0,-3.5
NQ,1h,bull (close==high),2024-05-21 13:00:00,21238.75,21267.5,21225.75,21267.5,0.688622754491018,26.0,-6.25,23.5,23.0,37.75
NQ,1h,bull (close==high),2024-06-18 16:00:00,22431.0,22441.0,22422.75,22441.0,0.547945205479452,40.94642857142857,19.75,13.75,1.75,10.25
NQ,1h,bull (close==high),2024-06-21 11:00:00,22241.25,22299.0,22206.5,22299.0,0.6243243243243243,53.267857142857146,-70.75,-106.75,-85.0,-58.25
NQ,1h,bull (close==high),2024-07-29 16:00:00,21440.0,21453.5,21419.5,21453.5,0.39705882352941174,83.58928571428571,-6.25,-89.75,-66.25,-115.5
NQ,1h,bull (close==high),2024-08-08 04:00:00,20144.75,20230.0,20133.75,20230.0,0.8857142857142857,119.01785714285714,-60.0,-28.0,-6.0,209.75
NQ,1h,bull (close==high),2024-08-21 00:00:00,22063.5,22079.75,22061.0,22079.75,0.8666666666666667,52.107142857142854,-16.75,-35.25,-32.75,-54.0
NQ,1h,bull (close==high),2024-08-23 04:00:00,21911.0,21944.25,21905.0,21944.25,0.8471337579617835,40.44642857142857,2.75,27.0,24.5,41.25
NQ,1h,bull (close==high),2024-10-03 07:00:00,21942.5,21973.5,21925.5,21973.5,0.6458333333333334,46.82142857142857,-56.0,47.0,-37.5,-57.5
NQ,1h,bull (close==high),2024-11-07 14:00:00,23176.0,23229.0,23155.25,23229.0,0.7186440677966102,51.125,-8.25,-7.75,-5.75,-0.75
NQ,1h,bull (close==high),2024-12-03 12:00:00,23202.25,23277.5,23186.0,23277.5,0.8224043715846995,36.625,-49.5,-26.5,-2.75,51.25
NQ,1h,bull (close==high),2024-12-15 20:00:00,23799.25,23812.75,23781.5,23812.75,0.432,66.75,3.25,-9.0,-11.0,-2.5
NQ,1h,bull (close==high),2024-12-16 01:00:00,23791.5,23810.25,23791.5,23810.25,1.0,41.642857142857146,-5.5,5.75,40.0,60.75
NQ,1h,bull (close==high),2025-02-17 19:00:00,23930.0,23943.5,23922.75,23943.5,0.6506024096385542,27.357142857142858,9.75,23.0,32.0,19.5
NQ,1h,bull (close==high),2025-02-26 23:00:00,22872.0,22881.25,22857.25,22881.25,0.3854166666666667,116.07142857142857,74.0,109.75,110.5,152.5
NQ,1h,bull (close==high),2025-03-11 07:00:00,21243.75,21288.0,21180.5,21288.0,0.4116279069767442,104.28571428571429,-125.0,-54.5,-263.0,-255.0
NQ,1h,bull (close==high),2025-03-25 02:00:00,21848.0,21857.5,21838.75,21857.5,0.5066666666666667,30.5,-12.75,-47.25,-7.5,60.75
NQ,1h,bull (close==high),2025-04-09 01:00:00,18328.25,18402.25,18241.5,18402.25,0.4603421461897356,256.4107142857143,124.75,447.0,454.25,352.25
NQ,1h,bull (close==high),2025-05-13 05:00:00,22341.75,22388.25,22334.25,22388.25,0.8611111111111112,47.410714285714285,8.5,60.25,127.25,369.0
NQ,1h,bull (close==high),2025-05-13 21:00:00,22774.25,22790.25,22753.25,22790.25,0.43243243243243246,73.32142857142857,-9.0,3.5,23.75,64.75
NQ,1h,bull (close==high),2025-05-20 19:00:00,22906.75,22938.0,22903.75,22938.0,0.9124087591240876,69.35714285714286,-8.25,-30.25,-52.75,-73.75
NQ,1h,bull (close==high),2025-05-29 03:00:00,23277.5,23355.25,23253.0,23355.25,0.7603911980440098,91.83928571428571,-66.0,-63.75,-113.25,-204.0
NQ,1h,bull (close==high),2025-06-12 00:01:00,23294.0,23311.0,23285.25,23311.0,0.6601941747572816,68.16071428571429,-1.5,11.5,-50.5,-17.25
NQ,1h,bull (close==high),2025-07-01 22:00:00,23946.5,23996.75,23932.5,23996.75,0.7821011673151751,68.17857142857143,-0.25,32.5,29.5,-16.0
NQ,1h,bull (close==high),2025-07-30 06:00:00,24750.0,24765.5,24745.75,24765.5,0.7848101265822784,22.017857142857142,-0.75,-17.5,-24.75,21.25
NQ,1h,bull (close==high),2025-08-11 02:00:00,24996.5,25017.5,24986.25,25017.5,0.672,34.589285714285715,-53.75,-59.0,-37.25,-25.0
NQ,1h,bull (close==high),2025-08-11 11:00:00,24983.75,25021.25,24972.0,25021.25,0.7614213197969543,37.767857142857146,-27.75,-66.5,-78.0,-134.75
NQ,1h,bull (close==high),2025-08-17 21:00:00,25114.25,25138.5,25112.25,25138.5,0.9238095238095239,58.285714285714285,-4.0,-23.75,-32.75,-79.0
NQ,1h,bull (close==high),2025-09-09 21:00:00,25146.0,25159.5,25137.5,25159.5,0.6136363636363636,44.464285714285715,8.25,10.25,20.0,39.0
NQ,1h,bull (close==high),2025-09-10 00:03:00,25175.5,25179.5,25173.75,25179.5,0.6956521739130435,38.125,-5.25,19.0,14.75,-16.5
NQ,1h,bull (close==high),2025-09-10 05:01:00,25144.0,25163.0,25138.5,25163.0,0.7755102040816326,26.946428571428573,15.75,43.5,97.5,57.5
NQ,1h,bull (close==high),2025-09-11 03:01:00,25175.5,25185.5,25164.25,25185.5,0.47058823529411764,35.625,-7.75,-11.0,16.75,29.25
NQ,1h,bull (close==high),2025-09-19 07:00:00,25745.0,25756.75,25733.5,25756.75,0.5053763440860215,31.75,2.0,54.75,27.25,85.25
NQ,1h,bull (close==high),2025-09-24 03:00:00,25902.5,25919.0,25867.0,25919.0,0.3173076923076923,39.107142857142854,-2.25,7.25,6.0,-17.0
NQ,1h,bull (close==high),2025-10-07 07:00:00,26194.75,26232.25,26190.5,26232.25,0.8982035928143712,29.321428571428573,42.25,29.5,-25.75,-187.0
NQ,1h,bull (close==high),2025-10-07 14:00:00,26036.5,26073.75,26011.5,26073.75,0.5983935742971888,60.05357142857143,-14.0,1.5,27.5,8.25
NQ,1h,bull (close==high),2025-10-27 05:00:00,26823.75,26860.0,26810.5,26860.0,0.7323232323232324,50.089285714285715,-1.0,-19.75,-8.5,18.0
NQ,1h,bull (close==high),2025-11-05 09:00:00,26607.25,26716.5,26508.5,26716.5,0.5252403846153846,100.5,23.75,78.25,116.25,167.25
NQ,1h,bull (close==high),2025-12-10 11:00:00,26578.75,26672.25,26546.0,26672.25,0.7405940594059406,57.589285714285715,6.75,-45.0,167.25,148.75
NQ,1h,bull (close==high),2025-12-11 07:00:00,26641.75,26716.0,26641.75,26716.0,1.0,67.48214285714286,-59.5,-286.5,-167.25,-107.25
NQ,1h,bull (close==high),2025-12-11 20:00:00,26667.25,26697.75,26666.75,26697.75,0.9838709677419355,117.01785714285714,14.25,-10.0,-20.5,4.75
NQ,1h,bull (close==high),2025-12-12 08:00:00,26585.0,26646.5,26581.25,26646.5,0.9425287356321839,43.482142857142854,-65.5,-389.5,-464.25,-351.75
NQ,1h,bull (close==high),2026-02-11 05:00:00,25965.25,25968.5,25907.25,25968.5,0.053061224489795916,49.82142857142857,1.5,40.0,236.75,36.5
NQ,1h,bull (close==high),2026-03-09 01:00:00,24863.0,25019.5,24847.25,25019.5,0.9085631349782293,147.98214285714286,-13.25,18.5,54.0,112.25
NQ,1h,bull (close==high),2026-03-10 19:11:00,25741.25,25787.75,25741.25,25787.75,1.0,110.625,42.5,75.5,77.5,99.0
NQ,1h,bull (close==high),2026-03-10 21:02:00,25837.5,25863.25,25824.0,25863.25,0.6560509554140127,109.08928571428571,2.0,26.5,23.5,-70.5
NQ,1h,bull (close==high),2026-03-10 23:25:00,25864.75,25889.75,25859.75,25889.75,0.8333333333333334,94.51785714285714,-3.0,-84.25,-97.0,-151.5
NQ,1h,bull (close==high),2026-03-12 03:00:00,25574.25,25636.75,25571.75,25636.75,0.9615384615384616,77.60714285714286,4.75,47.25,14.0,-39.75
NQ,1h,bull (close==high),2026-06-17 19:00:00,30236.25,30312.25,30225.0,30312.25,0.8710601719197708,177.80357142857142,56.0,67.75,88.0,29.75
NQ,1h,bull (close==high),2026-06-30 09:00:00,30014.25,30366.75,29997.0,30366.75,0.9533468559837728,119.875,-61.5,93.0,161.25,187.75
NQ,1h,bear (close==low),2017-04-20 00:00:00,10131.25,10132.0,10129.75,10129.75,0.6666666666666666,8.178571428571429,0.25,4.5,11.5,15.0
NQ,1h,bear (close==low),2017-04-21 16:00:00,10168.75,10172.25,10164.75,10164.75,0.5333333333333333,8.517857142857142,51.0,52.0,54.5,50.0
NQ,1h,bear (close==low),2017-04-25 03:00:00,10243.75,10245.75,10240.25,10240.25,0.6363636363636364,4.839285714285714,0.5,-0.25,2.25,11.0
NQ,1h,bear (close==low),2017-04-26 16:00:00,10267.75,10268.75,10263.75,10263.75,0.8,9.464285714285714,3.5,3.5,5.25,6.5
NQ,1h,bear (close==low),2017-04-27 03:00:00,10270.5,10272.75,10266.5,10266.5,0.64,6.178571428571429,-0.5,1.0,3.75,8.75
NQ,1h,bear (close==low),2017-05-01 06:00:00,10322.25,10324.5,10322.0,10322.0,0.1,3.8214285714285716,2.5,7.5,12.5,26.0
NQ,1h,bear (close==low),2017-05-08 09:00:00,10371.75,10380.75,10368.0,10368.0,0.29411764705882354,5.589285714285714,1.5,4.0,9.25,12.75
NQ,1h,bear (close==low),2017-05-09 18:00:00,10407.25,10408.0,10400.5,10400.5,0.9,7.892857142857143,-2.5,-1.0,0.25,1.75
NQ,1h,bear (close==low),2017-05-11 21:00:00,10394.25,10395.25,10391.75,10391.75,0.7142857142857143,9.392857142857142,-4.25,-3.75,-0.5,-1.75
NQ,1h,bear (close==low),2017-05-11 22:00:00,10391.75,10392.25,10387.5,10387.5,0.8947368421052632,9.017857142857142,0.5,3.75,4.5,0.0
NQ,1h,bear (close==low),2017-05-15 00:00:00,10424.75,10425.0,10421.75,10421.75,0.9230769230769231,5.660714285714286,-0.25,5.75,2.25,-7.75
NQ,1h,bear (close==low),2017-05-22 00:00:00,10392.25,10392.75,10390.25,10390.25,0.8,8.196428571428571,0.75,1.5,-4.75,-7.75
NQ,1h,bear (close==low),2017-05-23 08:00:00,10442.75,10445.5,10441.75,10441.75,0.26666666666666666,6.071428571428571,-13.0,-10.25,-3.5,-14.75
NQ,1h,bear (close==low),2017-05-25 00:00:00,10480.25,10480.5,10479.0,10479.0,0.8333333333333334,7.392857142857143,6.0,5.75,-1.5,1.0
NQ,1h,bear (close==low),2017-06-09 11:00:00,10616.75,10618.75,10591.25,10591.25,0.9272727272727272,8.625,-40.25,-108.5,-153.5,-125.25
NQ,1h,bear (close==low),2017-06-09 13:00:00,10551.0,10553.75,10482.75,10482.75,0.9612676056338029,16.696428571428573,-45.0,-18.5,-16.75,-21.25
NQ,1h,bear (close==low),2017-06-18 23:00:00,10430.75,10431.0,10428.25,10428.25,0.9090909090909091,14.589285714285714,0.25,-2.0,6.0,13.0
NQ,1h,bear (close==low),2017-07-03 18:00:00,10311.25,10314.75,10304.25,10304.25,0.6666666666666666,15.75,4.75,-8.0,-7.0,-2.75
NQ,1h,bear (close==low),2017-07-09 18:00:00,10383.0,10383.0,10378.5,10378.5,1.0,16.017857142857142,4.75,7.0,14.0,22.0
NQ,1h,bear (close==low),2017-07-11 05:00:00,10409.5,10413.75,10409.0,10409.0,0.10526315789473684,6.321428571428571,3.75,-4.0,-5.25,20.25
NQ,1h,bear (close==low),2017-07-14 14:00:00,10557.25,10562.5,10556.0,10556.0,0.19230769230769232,10.839285714285714,4.25,11.0,15.5,17.75
NQ,1h,bear (close==low),2017-07-21 07:00:00,10638.0,10638.25,10633.0,10633.0,0.9523809523809523,6.125,-3.5,-7.5,-10.0,5.25
NQ,1h,bear (close==low),2017-07-23 19:00:00,10639.5,10641.25,10636.5,10636.5,0.631578947368421,10.071428571428571,-1.75,-9.75,-8.0,-5.5
NQ,1h,bear (close==low),2017-07-24 13:00:00,10652.25,10654.75,10650.25,10650.25,0.4444444444444444,7.321428571428571,8.75,15.25,-5.0,-2.25
NQ,1h,bear (close==low),2017-08-01 01:00:00,10627.0,10628.25,10623.25,10623.25,0.75,11.053571428571429,2.75,4.0,10.5,1.0
NQ,1h,bear (close==low),2017-08-01 20:00:00,10654.5,10656.75,10651.5,10651.5,0.5714285714285714,13.625,0.0,0.75,1.5,13.5
NQ,1h,bear (close==low),2017-08-02 06:00:00,10655.5,10662.25,10651.75,10651.75,0.35714285714285715,9.232142857142858,-3.0,2.5,-22.75,-52.0
NQ,1h,bear (close==low),2017-08-03 02:00:00,10631.0,10632.75,10628.75,10628.75,0.5625,11.857142857142858,-9.0,-0.75,1.5,8.75
NQ,1h,bear (close==low),2017-08-04 06:00:00,10616.75,10620.0,10615.75,10615.75,0.23529411764705882,5.321428571428571,3.75,-4.0,-10.75,6.5
NQ,1h,bear (close==low),2017-08-07 05:00:00,10631.75,10631.75,10620.5,10620.5,1.0,6.392857142857143,4.5,4.25,6.0,18.5
NQ,1h,bear (close==low),2017-08-07 23:00:00,10648.5,10650.5,10648.0,10648.0,0.2,6.875,1.75,4.0,4.5,5.0
NQ,1h,bear (close==low),2017-08-08 16:00:00,10644.75,10649.0,10634.25,10634.25,0.711864406779661,13.928571428571429,-5.75,-13.0,-22.25,-22.75
NQ,1h,bear (close==low),2017-08-09 12:00:00,10633.75,10637.25,10622.25,10622.25,0.7666666666666667,14.339285714285714,5.75,-5.0,14.75,16.25
NQ,1h,bear (close==low),2017-08-11 00:00:00,10492.25,10496.0,10489.75,10489.75,0.4,20.678571428571427,4.0,12.25,9.25,3.25
NQ,1h,bear (close==low),2017-08-17 09:00:00,10616.75,10627.5,10611.0,10611.0,0.3484848484848485,8.660714285714286,-30.25,-28.5,-56.75,-63.75
NQ,1h,bear (close==low),2017-08-24 01:00:00,10565.75,10568.75,10562.25,10562.25,0.5384615384615384,11.357142857142858,11.75,5.25,13.75,19.0
NQ,1h,bear (close==low),2017-08-25 00:00:00,10564.25,10566.25,10560.75,10560.75,0.6363636363636364,15.017857142857142,5.5,4.25,4.0,13.25
NQ,1h,bear (close==low),2017-08-31 02:00:00,10665.5,10668.75,10663.0,10663.0,0.43478260869565216,8.392857142857142,-2.0,8.5,13.25,0.25
NQ,1h,bear (close==low),2017-09-01 16:00:00,10708.75,10711.25,10706.5,10706.5,0.47368421052631576,11.357142857142858,-22.25,-25.75,-34.5,-25.0
NQ,1h,bear (close==low),2017-09-03 20:00:00,10681.0,10682.5,10672.0,10672.0,0.8571428571428571,13.517857142857142,11.0,9.5,9.0,7.75
NQ,1h,bear (close==low),2017-09-08 11:24:00,10642.75,10642.75,10642.25,10642.25,1.0,19.553571428571427,-7.75,-26.75,44.25,38.75
NQ,1h,bear (close==low),2017-09-08 12:00:00,10637.75,10637.75,10634.5,10634.5,1.0,19.535714285714285,-19.0,52.0,38.0,45.25
NQ,1h,bear (close==low),2017-09-11 10:00:00,10687.75,10697.25,10672.5,10672.5,0.6161616161616161,26.267857142857142,8.5,7.25,11.0,23.0
NQ,1h,bear (close==low),2017-09-11 22:58:00,10687.5,10687.5,10683.5,10683.5,1.0,22.071428571428573,14.0,12.0,-6.0,-7.5
NQ,1h,bear (close==low),2017-09-12 08:33:00,10699.25,10699.25,10697.5,10697.5,1.0,19.232142857142858,-2.0,-20.0,-3.5,-4.0
NQ,1h,bear (close==low),2017-09-12 09:09:00,10696.0,10696.0,10695.5,10695.5,1.0,17.089285714285715,-18.0,-1.5,-19.5,9.5
NQ,1h,bear (close==low),2017-09-12 10:06:00,10677.75,10681.0,10677.5,10677.5,0.07142857142857142,17.107142857142858,16.5,-1.5,16.0,11.25
NQ,1h,bear (close==low),2017-09-12 13:52:00,10697.5,10697.5,10694.0,10694.0,1.0,17.25,-18.0,-0.5,11.0,0.75
NQ,1h,bear (close==low),2017-09-13 10:06:00,10693.5,10693.5,10692.5,10692.5,1.0,13.892857142857142,-9.75,10.0,4.0,-1.25
NQ,1h,bear (close==low),2017-09-13 11:25:00,10698.25,10700.25,10682.75,10682.75,0.8857142857142857,13.375,19.75,13.75,19.75,-2.25
NQ,1h,bear (close==low),2017-09-14 11:01:00,10691.5,10697.5,10687.5,10687.5,0.4,14.142857142857142,-10.5,-20.0,-23.5,-19.0
NQ,1h,bear (close==low),2017-09-14 12:11:00,10685.0,10687.25,10677.0,10677.0,0.7804878048780488,13.267857142857142,-9.5,-13.0,-27.0,-15.0
NQ,1h,bear (close==low),2017-09-14 15:09:00,10677.5,10677.5,10667.5,10667.5,1.0,13.160714285714286,-3.5,-17.5,1.0,0.0
NQ,1h,bear (close==low),2017-09-14 16:14:00,10666.75,10666.75,10664.0,10664.0,1.0,11.946428571428571,-14.0,4.5,-2.0,44.75
NQ,1h,bear (close==low),2017-09-15 12:00:00,10697.5,10700.5,10689.25,10689.25,0.7333333333333333,14.178571428571429,-4.25,-1.25,-0.75,10.25
NQ,1h,bear (close==low),2017-09-18 03:05:00,10705.0,10705.0,10699.5,10699.5,1.0,11.732142857142858,4.0,-4.25,9.5,11.75
NQ,1h,bear (close==low),2017-09-18 08:02:00,10701.5,10701.5,10695.25,10695.25,1.0,11.642857142857142,13.75,7.25,16.0,9.5
NQ,1h,bear (close==low),2017-09-18 10:01:00,10707.25,10714.0,10702.5,10702.5,0.41304347826086957,11.375,8.75,1.75,2.25,-21.25
NQ,1h,bear (close==low),2017-09-18 12:15:00,10710.5,10711.0,10704.25,10704.25,0.9259259259259259,11.5,0.5,-29.25,-23.0,-16.75
NQ,1h,bear (close==low),2017-09-18 20:19:00,10688.0,10688.75,10687.5,10687.5,0.4,10.535714285714286,1.0,3.25,-8.5,0.5
NQ,1h,bear (close==low),2017-09-19 06:08:00,10691.0,10691.0,10688.5,10688.5,1.0,10.410714285714286,2.25,-9.5,2.5,3.0
NQ,1h,bear (close==low),2017-09-19 12:01:00,10692.5,10701.0,10691.5,10691.5,0.10526315789473684,11.285714285714286,0.5,-1.5,-1.0,-6.0
NQ,1h,bear (close==low),2017-09-19 14:11:00,10691.25,10695.5,10690.0,10690.0,0.22727272727272727,10.589285714285714,0.5,2.75,-4.5,2.5
NQ,1h,bear (close==low),2017-09-19 20:30:00,10687.5,10687.5,10685.5,10685.5,1.0,8.25,3.75,7.0,10.0,-28.0
NQ,1h,bear (close==low),2017-09-19 23:10:00,10693.0,10693.0,10692.5,10692.5,1.0,7.607142857142857,3.0,-9.0,-35.0,-13.25
NQ,1h,bear (close==low),2017-09-20 09:10:00,10691.0,10694.75,10683.5,10683.5,0.6666666666666666,8.125,-26.0,-16.0,-4.25,-30.0
NQ,1h,bear (close==low),2017-09-20 10:00:00,10686.5,10690.5,10657.5,10657.5,0.8787878787878788,10.214285714285714,10.0,21.75,16.75,17.0
NQ,1h,bear (close==low),2017-09-20 16:01:00,10678.0,10678.0,10674.0,10674.0,1.0,13.571428571428571,-4.0,-0.75,-35.25,-27.5
NQ,1h,bear (close==low),2017-09-21 15:12:00,10647.0,10652.5,10637.5,10637.5,0.6333333333333333,16.767857142857142,4.5,2.5,1.0,-20.0
NQ,1h,bear (close==low),2017-09-22 10:06:00,10637.5,10638.5,10620.5,10620.5,0.9444444444444444,8.464285714285714,4.25,5.5,5.0,15.0
NQ,1h,bear (close==low),2017-09-22 16:00:00,10632.5,10634.5,10631.75,10631.75,0.2727272727272727,8.464285714285714,5.75,16.5,13.0,5.5
NQ,1h,bear (close==low),2017-09-24 20:01:00,10649.0,10651.25,10644.75,10644.75,0.6538461538461539,9.339285714285714,-6.25,-7.5,-14.0,-13.0
NQ,1h,bear (close==low),2017-09-24 21:08:00,10644.75,10644.75,10638.5,10638.5,1.0,9.410714285714286,-1.25,-7.75,-5.5,-10.5
NQ,1h,bear (close==low),2017-09-25 00:50:00,10633.25,10633.25,10633.0,10633.0,1.0,8.178571428571429,-1.25,-5.0,-4.75,-42.5
NQ,1h,bear (close==low),2017-09-25 19:20:00,10572.75,10572.75,10572.25,10572.25,1.0,15.571428571428571,-7.0,3.5,-1.0,1.5
NQ,1h,bear (close==low),2017-09-25 22:16:00,10576.0,10578.25,10575.75,10575.75,0.1,16.642857142857142,-4.5,-5.25,-2.0,6.75
NQ,1h,bear (close==low),2017-09-26 00:31:00,10571.5,10571.5,10571.25,10571.25,1.0,16.178571428571427,-0.75,2.5,0.75,11.5
NQ,1h,bear (close==low),2017-09-26 01:25:00,10571.0,10571.0,10570.5,10570.5,1.0,16.0,3.25,1.5,12.0,17.0
NQ,1h,bear (close==low),2017-09-26 20:09:00,10586.0,10588.75,10584.0,10584.0,0.42105263157894735,11.767857142857142,6.0,11.5,13.25,26.25
NQ,1h,bear (close==low),2017-09-27 16:00:00,10640.5,10640.5,10636.5,10636.5,1.0,11.75,-2.0,3.25,-13.5,-9.75
NQ,1h,bear (close==low),2017-09-28 11:01:00,10626.5,10629.5,10621.5,10621.5,0.625,13.892857142857142,5.0,15.0,6.75,16.25
NQ,1h,bear (close==low),2017-09-29 09:06:00,10644.25,10654.0,10639.25,10639.25,0.3389830508474576,10.910714285714286,15.25,32.0,42.5,37.25
NQ,1h,bear (close==low),2017-09-29 16:01:00,10682.0,10682.0,10676.5,10676.5,1.0,9.696428571428571,15.0,15.0,13.75,9.25
NQ,1h,bear (close==low),2017-10-02 02:00:00,10690.25,10690.25,10686.5,10686.5,1.0,9.589285714285714,-0.75,-4.5,2.5,9.0
NQ,1h,bear (close==low),2017-10-02 03:04:00,10686.5,10688.0,10685.75,10685.75,0.3333333333333333,9.625,-3.75,3.25,8.25,2.25
NQ,1h,bear (close==low),2017-10-02 04:12:00,10684.5,10684.5,10682.0,10682.0,1.0,9.553571428571429,7.0,12.0,13.5,17.75
NQ,1h,bear (close==low),2017-10-02 11:08:00,10697.5,10697.5,10665.5,10665.5,1.0,9.017857142857142,13.0,9.0,13.75,15.5
NQ,1h,bear (close==low),2017-10-02 13:06:00,10680.0,10680.25,10674.5,10674.5,0.9565217391304348,8.982142857142858,4.75,9.0,6.5,17.25
NQ,1h,bear (close==low),2017-10-02 23:23:00,10692.5,10693.5,10691.75,10691.75,0.42857142857142855,10.535714285714286,-8.75,-8.75,-4.25,1.25
NQ,1h,bear (close==low),2017-10-03 07:37:00,10683.25,10683.25,10683.0,10683.0,1.0,10.339285714285714,4.5,14.0,10.0,11.25
NQ,1h,bear (close==low),2017-10-03 11:09:00,10691.0,10693.5,10689.5,10689.5,0.375,10.946428571428571,4.75,5.0,6.5,7.5
NQ,1h,bear (close==low),2017-10-04 05:40:00,10690.5,10690.5,10690.0,10690.0,1.0,6.910714285714286,-5.75,-1.75,-1.5,15.75
NQ,1h,bear (close==low),2017-10-05 09:04:00,10723.75,10739.25,10723.5,10723.5,0.015873015873015872,10.285714285714286,-2.5,8.0,20.5,35.75
NQ,1h,bear (close==low),2017-10-05 22:12:00,10768.75,10768.75,10767.5,10767.5,1.0,10.125,-2.75,-3.75,1.25,-23.5
NQ,1h,bear (close==low),2017-10-05 23:18:00,10766.5,10766.5,10764.75,10764.75,1.0,9.714285714285714,-1.0,4.0,4.25,-9.25
NQ,1h,bear (close==low),2017-10-06 06:16:00,10770.75,10770.75,10768.75,10768.75,1.0,9.660714285714286,0.25,-24.75,-13.25,-11.5
NQ,1h,bear (close==low),2017-10-06 08:07:00,10763.5,10765.75,10744.0,10744.0,0.896551724137931,9.857142857142858,11.5,2.75,13.25,17.0
NQ,1h,bear (close==low),2017-10-08 19:38:00,10767.25,10767.25,10766.5,10766.5,1.0,8.714285714285714,6.75,9.25,4.25,9.0
NQ,1h,bear (close==low),2017-10-08 22:02:00,10777.25,10778.0,10775.75,10775.75,0.6666666666666666,9.25,-5.0,-1.75,-0.25,0.25
NQ,1h,bear (close==low),2017-10-09 02:50:00,10771.0,10771.0,10770.75,10770.75,1.0,9.107142857142858,3.25,4.75,5.5,8.5
NQ,1h,bear (close==low),2017-10-09 03:18:00,10776.75,10778.0,10774.0,10774.0,0.6875,9.589285714285714,1.5,2.25,2.0,3.5
NQ,1h,bear (close==low),2017-10-09 07:28:00,10777.75,10779.0,10776.0,10776.0,0.5833333333333334,5.696428571428571,3.25,1.5,-4.0,-4.0
NQ,1h,bear (close==low),2017-10-09 08:07:00,10780.0,10781.25,10779.25,10779.25,0.375,5.303571428571429,-1.75,-7.25,-2.75,-5.75
NQ,1h,bear (close==low),2017-10-09 12:12:00,10775.5,10775.5,10772.0,10772.0,1.0,5.571428571428571,1.5,-4.0,-11.5,0.5
NQ,1h,bear (close==low),2017-10-09 16:00:00,10762.25,10764.5,10762.0,10762.0,0.1,6.196428571428571,10.5,9.75,6.75,17.75
NQ,1h,bear (close==low),2017-10-10 03:00:00,10775.25,10775.25,10771.75,10771.75,1.0,6.321428571428571,-3.0,4.75,8.0,-9.5
NQ,1h,bear (close==low),2017-10-10 04:21:00,10770.5,10770.5,10768.75,10768.75,1.0,6.428571428571429,7.75,11.0,5.75,-22.5
NQ,1h,bear (close==low),2017-10-10 11:00:00,10763.75,10765.25,10746.25,10746.25,0.9210526315789473,9.089285714285714,9.25,10.75,12.5,19.75
NQ,1h,bear (close==low),2017-10-10 22:01:00,10769.25,10772.0,10768.75,10768.75,0.15384615384615385,8.571428571428571,0.5,-11.0,-13.5,0.75
NQ,1h,bear (close==low),2017-10-11 03:09:00,10765.0,10765.0,10757.75,10757.75,1.0,7.946428571428571,-2.5,4.75,11.75,15.0
NQ,1h,bear (close==low),2017-10-11 07:32:00,10759.0,10759.0,10755.25,10755.25,1.0,6.446428571428571,7.25,14.25,13.75,17.0
NQ,1h,bear (close==low),2017-10-12 01:03:00,10783.5,10783.75,10778.75,10778.75,0.95,6.267857142857143,-1.25,-6.25,-0.75,10.75
NQ,1h,bear (close==low),2017-10-12 04:27:00,10779.0,10779.0,10777.5,10777.5,1.0,6.142857142857143,-5.0,0.5,6.25,9.5
NQ,1h,bear (close==low),2017-10-12 08:21:00,10778.5,10778.5,10772.5,10772.5,1.0,6.464285714285714,5.5,11.25,17.0,13.5
NQ,1h,bear (close==low),2017-10-12 13:09:00,10789.0,10790.75,10786.0,10786.0,0.631578947368421,7.160714285714286,-10.5,-14.25,-12.5,-11.25
NQ,1h,bear (close==low),2017-10-12 14:20:00,10786.25,10786.25,10775.5,10775.5,1.0,7.625,-3.75,-2.0,-4.0,5.0
NQ,1h,bear (close==low),2017-10-13 01:17:00,10778.5,10778.5,10777.0,10777.0,1.0,7.517857142857143,-1.75,-4.5,6.5,18.5
NQ,1h,bear (close==low),2017-10-13 02:00:00,10777.0,10777.5,10775.25,10775.25,0.7777777777777778,7.571428571428571,-2.75,8.25,19.5,17.5
NQ,1h,bear (close==low),2017-10-13 04:14:00,10774.0,10774.0,10772.5,10772.5,1.0,7.339285714285714,11.0,22.25,23.0,25.75
NQ,1h,bear (close==low),2017-10-13 10:00:00,10793.75,10803.5,10792.75,10792.75,0.09302325581395349,6.839285714285714,5.5,8.5,4.75,-0.25
NQ,1h,bear (close==low),2017-10-13 13:05:00,10801.25,10802.5,10797.5,10797.5,0.75,5.928571428571429,1.0,-5.0,2.0,12.0
NQ,1h,bear (close==low),2017-10-13 15:11:00,10798.5,10799.5,10792.5,10792.5,0.8571428571428571,6.107142857142857,7.0,13.5,17.0,19.0
NQ,1h,bear (close==low),2017-10-15 23:03:00,10812.75,10812.75,10811.5,10811.5,1.0,6.607142857142857,-5.25,-3.5,-2.5,-0.5
NQ,1h,bear (close==low),2017-10-16 02:01:00,10808.5,10808.5,10806.25,10806.25,1.0,6.142857142857143,1.75,2.75,0.0,11.25
NQ,1h,bear (close==low),2017-10-16 20:17:00,10824.25,10824.75,10823.0,10823.0,0.7142857142857143,5.785714285714286,-5.5,-7.25,-7.5,-6.5
NQ,1h,bear (close==low),2017-10-16 21:11:00,10823.5,10824.0,10817.5,10817.5,0.9230769230769231,6.0,-1.75,-2.0,1.5,-8.5
NQ,1h,bear (close==low),2017-10-17 03:19:00,10819.0,10819.0,10815.75,10815.75,1.0,5.875,-0.25,3.25,0.75,-3.0
NQ,1h,bear (close==low),2017-10-17 07:29:00,10820.5,10820.5,10819.0,10819.0,1.0,5.428571428571429,-2.5,-10.0,-6.25,-3.75
NQ,1h,bear (close==low),2017-10-17 09:08:00,10815.75,10815.75,10809.0,10809.0,1.0,4.821428571428571,3.75,2.5,6.25,8.5
NQ,1h,bear (close==low),2017-10-17 11:06:00,10818.0,10819.5,10811.5,10811.5,0.8125,4.928571428571429,3.75,3.5,6.0,11.0
NQ,1h,bear (close==low),2017-10-17 16:00:00,10824.5,10824.75,10822.5,10822.5,0.8888888888888888,4.892857142857143,1.5,6.0,5.25,8.5
NQ,1h,bear (close==low),2017-10-17 20:05:00,10828.5,10828.5,10827.75,10827.75,1.0,4.5,-2.75,3.25,1.0,-14.25
NQ,1h,bear (close==low),2017-10-18 09:03:00,10829.5,10832.25,10813.5,10813.5,0.8533333333333334,5.017857142857143,7.0,2.0,11.75,8.75
NQ,1h,bear (close==low),2017-10-19 02:16:00,10815.0,10815.0,10808.0,10808.0,1.0,7.607142857142857,-43.75,-24.25,-24.0,-29.75
NQ,1h,bear (close==low),2017-10-19 03:19:00,10808.0,10808.0,10764.25,10764.25,1.0,10.410714285714286,19.5,19.75,8.5,19.75
NQ,1h,bear (close==low),2017-10-19 11:00:00,10780.25,10786.25,10772.5,10772.5,0.5636363636363636,15.232142857142858,1.5,10.75,11.5,26.0
NQ,1h,bear (close==low),2017-10-19 23:32:00,10818.0,10818.0,10816.75,10816.75,1.0,12.732142857142858,-3.0,-13.25,-6.0,-9.25
NQ,1h,bear (close==low),2017-10-20 01:12:00,10814.0,10814.0,10813.75,10813.75,1.0,12.446428571428571,-10.25,-3.0,4.0,0.5
NQ,1h,bear (close==low),2017-10-20 04:18:00,10810.5,10810.5,10803.5,10803.5,1.0,12.535714285714286,7.25,14.25,4.0,16.25
NQ,1h,bear (close==low),2017-10-20 10:00:00,10818.5,10823.5,10807.5,10807.5,0.6875,9.964285714285714,6.75,12.25,5.5,4.25
NQ,1h,bear (close==low),2017-10-20 12:10:00,10815.0,10816.5,10814.25,10814.25,0.3333333333333333,10.035714285714286,5.5,-1.25,-8.5,4.5
NQ,1h,bear (close==low),2017-10-20 14:06:00,10818.5,10819.75,10813.0,10813.0,0.8148148148148148,9.660714285714286,-7.25,-1.25,5.75,0.25
NQ,1h,bear (close==low),2017-10-22 21:30:00,10815.25,10815.25,10813.25,10813.25,1.0,8.017857142857142,-2.0,2.75,8.25,2.25
NQ,1h,bear (close==low),2017-10-23 07:22:00,10821.0,10821.0,10815.5,10815.5,1.0,7.053571428571429,7.0,-7.75,-24.5,-12.5
NQ,1h,bear (close==low),2017-10-23 14:00:00,10792.5,10795.25,10784.75,10784.75,0.7380952380952381,8.964285714285714,-14.75,-22.5,-11.5,-10.0
NQ,1h,bear (close==low),2017-10-23 23:16:00,10776.25,10776.25,10772.0,10772.0,1.0,10.25,1.5,-3.0,0.25,-2.25
NQ,1h,bear (close==low),2017-10-24 02:37:00,10771.25,10771.25,10769.0,10769.0,1.0,9.678571428571429,3.25,-5.25,0.75,10.75
NQ,1h,bear (close==low),2017-10-24 03:15:00,10773.0,10773.0,10772.25,10772.25,1.0,8.803571428571429,-8.5,-2.5,0.5,-11.5
NQ,1h,bear (close==low),2017-10-24 04:22:00,10766.5,10768.5,10763.75,10763.75,0.5789473684210527,7.964285714285714,6.0,9.0,16.0,16.75
NQ,1h,bear (close==low),2017-10-24 06:29:00,10772.25,10774.25,10769.75,10769.75,0.5555555555555556,7.946428571428571,3.0,10.0,-9.0,17.75
NQ,1h,bear (close==low),2017-10-24 12:15:00,10785.75,10785.75,10781.25,10781.25,1.0,7.75,6.25,0.75,-2.75,-7.5
NQ,1h,bear (close==low),2017-10-24 20:25:00,10775.5,10775.5,10769.5,10769.5,1.0,9.446428571428571,7.25,7.0,-2.5,-1.75
NQ,1h,bear (close==low),2017-10-24 23:38:00,10777.5,10777.5,10776.75,10776.75,1.0,9.267857142857142,-0.25,-9.75,-4.25,-12.25
NQ,1h,bear (close==low),2017-10-25 08:05:00,10767.25,10768.25,10764.5,10764.5,0.7333333333333333,6.714285714285714,2.25,0.0,-42.0,-16.25
NQ,1h,bear (close==low),2017-10-25 18:52:00,10761.5,10761.5,10760.5,10760.5,1.0,14.267857142857142,-1.5,1.0,0.25,4.75
NQ,1h,bear (close==low),2017-10-25 23:00:00,10767.75,10767.75,10765.25,10765.25,1.0,13.5,-2.0,-4.75,-6.0,-5.0
NQ,1h,bear (close==low),2017-10-26 01:08:00,10766.5,10766.5,10760.5,10760.5,1.0,11.285714285714286,-1.25,3.75,-0.25,5.0
NQ,1h,bear (close==low),2017-10-26 02:12:00,10764.5,10764.5,10759.25,10759.25,1.0,8.303571428571429,5.0,1.0,7.5,-2.0
NQ,1h,bear (close==low),2017-10-26 04:00:00,10765.75,10765.75,10760.25,10760.25,1.0,6.178571428571429,6.5,5.25,-3.0,4.75
NQ,1h,bear (close==low),2017-10-26 07:05:00,10769.0,10775.5,10765.5,10765.5,0.35,5.428571428571429,-8.25,-9.5,-0.5,-20.0
NQ,1h,bear (close==low),2017-10-26 12:02:00,10754.5,10758.25,10745.5,10745.5,0.7058823529411765,10.464285714285714,0.5,2.5,-2.0,46.5
NQ,1h,bear (close==low),2017-10-26 14:12:00,10754.5,10754.5,10748.0,10748.0,1.0,11.089285714285714,-4.5,44.0,44.0,33.5
NQ,1h,bear (close==low),2017-10-26 20:33:00,10782.75,10782.75,10781.5,10781.5,1.0,14.589285714285714,12.25,20.25,20.0,17.0
NQ,1h,bear (close==low),2017-10-27 01:02:00,10802.5,10802.5,10798.5,10798.5,1.0,13.232142857142858,0.0,12.0,10.0,18.75
NQ,1h,bear (close==low),2017-10-27 02:14:00,10799.0,10799.0,10798.5,10798.5,1.0,11.196428571428571,12.0,10.0,16.75,23.5
NQ,1h,bear (close==low),2017-10-27 15:00:00,10914.0,10925.5,10912.0,10912.0,0.14814814814814814,14.928571428571429,3.5,1.25,-2.75,6.5
NQ,1h,bear (close==low),2017-10-29 21:00:00,10920.5,10922.5,10918.5,10918.5,0.5,15.035714285714286,-7.0,-7.5,-2.5,-3.0
NQ,1h,bear (close==low),2017-10-30 01:25:00,10911.5,10911.5,10911.0,10911.0,1.0,13.732142857142858,5.0,8.25,4.5,2.25
NQ,1h,bear (close==low),2017-10-30 03:06:00,10919.75,10919.75,10919.25,10919.25,1.0,10.357142857142858,-3.75,-4.0,-6.0,10.0
NQ,1h,bear (close==low),2017-10-30 05:05:00,10915.5,10915.5,10915.25,10915.25,1.0,7.0,-2.0,-2.5,14.0,9.5
NQ,1h,bear (close==low),2017-10-30 06:35:00,10913.5,10913.5,10913.25,10913.25,1.0,5.964285714285714,-0.5,16.0,29.25,7.75
NQ,1h,bear (close==low),2017-10-30 07:32:00,10913.25,10913.25,10912.75,10912.75,1.0,5.0,16.5,29.75,12.0,1.75
NQ,1h,bear (close==low),2017-10-30 16:03:00,10926.25,10926.25,10921.75,10921.75,1.0,11.446428571428571,0.25,5.0,9.75,17.75
NQ,1h,bear (close==low),2017-10-30 22:00:00,10932.0,10932.5,10931.5,10931.5,0.5,11.535714285714286,8.0,9.5,7.0,16.25
NQ,1h,bear (close==low),2017-10-31 06:16:00,10940.5,10940.5,10938.5,10938.5,1.0,10.5,6.5,9.25,-5.5,10.5
NQ,1h,bear (close==low),2017-10-31 18:06:00,10954.25,10954.5,10947.75,10947.75,0.9629629629629629,7.321428571428571,4.25,14.5,18.75,21.75
NQ,1h,bear (close==low),2017-10-31 19:13:00,10952.25,10952.25,10952.0,10952.0,1.0,7.0,10.25,14.5,14.0,16.5
NQ,1h,bear (close==low),2017-11-01 00:32:00,10968.0,10968.0,10966.0,10966.0,1.0,7.410714285714286,3.5,2.5,12.5,12.75
NQ,1h,bear (close==low),2017-11-01 02:13:00,10971.5,10971.5,10968.5,10968.5,1.0,6.357142857142857,10.0,8.25,10.25,7.5
NQ,1h,bear (close==low),2017-11-01 06:00:00,10982.5,10984.75,10979.5,10979.5,0.5714285714285714,5.785714285714286,-3.5,-4.25,-18.0,-36.0
NQ,1h,bear (close==low),2017-11-01 08:16:00,10978.0,10978.0,10975.25,10975.25,1.0,5.232142857142857,-13.75,-24.75,-31.75,-36.25
NQ,1h,bear (close==low),2017-11-01 09:03:00,10974.5,10977.0,10961.5,10961.5,0.8387096774193549,6.017857142857143,-11.0,-18.0,-14.5,-17.0
NQ,1h,bear (close==low),2017-11-01 11:03:00,10954.0,10960.5,10943.5,10943.5,0.6176470588235294,7.607142857142857,3.5,-4.5,1.0,-8.0
NQ,1h,bear (close==low),2017-11-01 16:00:00,10947.5,10955.5,10935.5,10935.5,0.6,10.767857142857142,-4.25,-3.5,-20.5,-13.5
NQ,1h,bear (close==low),2017-11-02 01:14:00,10926.5,10926.5,10925.75,10925.75,1.0,12.142857142857142,0.25,11.75,4.25,20.75
NQ,1h,bear (close==low),2017-11-02 05:04:00,10930.25,10930.25,10930.0,10930.0,1.0,10.339285714285714,10.5,16.5,10.5,-17.0
NQ,1h,bear (close==low),2017-11-03 16:00:00,10993.75,10997.25,10988.5,10988.5,0.6,10.75,8.0,-3.0,-19.0,-6.25
NQ,1h,bear (close==low),2017-11-05 21:06:00,10979.5,10979.5,10969.5,10969.5,1.0,12.625,4.25,12.75,21.75,17.5
NQ,1h,bear (close==low),2017-11-06 00:07:00,10983.25,10983.25,10982.25,10982.25,1.0,13.375,9.0,8.0,4.75,10.75
NQ,1h,bear (close==low),2017-11-06 05:54:00,10987.5,10987.5,10987.0,10987.0,1.0,9.928571428571429,6.25,6.0,7.5,25.75
NQ,1h,bear (close==low),2017-11-06 07:31:00,10994.5,10994.5,10993.0,10993.0,1.0,9.035714285714286,1.5,15.75,19.75,15.5
NQ,1h,bear (close==low),2017-11-06 11:01:00,11009.25,11009.75,10994.5,10994.5,0.9672131147540983,9.446428571428571,14.0,19.5,20.75,21.0
NQ,1h,bear (close==low),2017-11-06 21:11:00,11022.5,11022.5,11019.25,11019.25,1.0,8.089285714285714,5.25,8.25,6.25,2.25
NQ,1h,bear (close==low),2017-11-07 07:29:00,11011.0,11011.0,11007.25,11007.25,1.0,6.339285714285714,7.25,13.75,2.25,5.75
NQ,1h,bear (close==low),2017-11-07 08:48:00,11015.0,11015.5,11014.5,11014.5,0.5,6.446428571428571,6.5,-5.0,-13.75,-0.75
NQ,1h,bear (close==low),2017-11-07 11:01:00,11011.5,11019.0,11000.75,11000.75,0.589041095890411,9.232142857142858,12.25,13.0,10.0,18.0
NQ,1h,bear (close==low),2017-11-07 13:11:00,11017.5,11017.5,11013.75,11013.75,1.0,9.803571428571429,-3.0,5.5,5.0,-1.5
NQ,1h,bear (close==low),2017-11-08 03:04:00,11024.5,11025.75,11021.75,11021.75,0.6875,9.535714285714286,0.0,-3.25,-7.75,-7.0
NQ,1h,bear (close==low),2017-11-08 04:12:00,11024.0,11024.0,11021.75,11021.75,1.0,8.267857142857142,-3.25,-7.75,-2.5,4.75
NQ,1h,bear (close==low),2017-11-08 06:30:00,11017.5,11017.5,11014.0,11014.0,1.0,6.303571428571429,5.25,0.75,12.5,20.0
NQ,1h,bear (close==low),2017-11-08 16:00:00,11044.5,11045.0,11042.25,11042.25,0.8181818181818182,6.660714285714286,0.75,6.0,10.25,-1.25
NQ,1h,bear (close==low),2017-11-08 18:03:00,11045.75,11045.75,11043.0,11043.0,1.0,6.767857142857143,5.25,9.5,3.5,-7.75
NQ,1h,bear (close==low),2017-11-08 22:11:00,11050.75,11050.75,11046.5,11046.5,1.0,6.964285714285714,-5.5,-11.25,-10.5,-11.0
NQ,1h,bear (close==low),2017-11-09 02:06:00,11040.25,11040.25,11037.75,11037.75,1.0,6.232142857142857,-2.25,0.75,-4.5,-31.5
NQ,1h,bear (close==low),2017-11-09 22:07:00,11020.5,11021.5,11019.5,11019.5,0.5,16.571428571428573,3.0,-9.0,-7.0,-35.0
NQ,1h,bear (close==low),2017-11-10 01:02:00,11019.5,11019.5,11010.5,11010.5,1.0,14.553571428571429,2.0,-7.75,-26.0,-14.5
NQ,1h,bear (close==low),2017-11-10 04:01:00,11006.0,11007.25,10984.5,10984.5,0.945054945054945,10.607142857142858,9.5,11.5,20.25,16.75
NQ,1h,bear (close==low),2017-11-10 16:14:00,11012.5,11012.5,11010.5,11010.5,1.0,9.964285714285714,12.0,10.25,13.0,7.25
NQ,1h,bear (close==low),2017-11-13 00:00:00,11025.0,11026.5,11017.75,11017.75,0.8285714285714286,7.892857142857143,-0.5,-2.5,-5.5,-11.25
NQ,1h,bear (close==low),2017-11-13 03:21:00,11019.5,11022.0,11015.25,11015.25,0.6296296296296297,7.25,-3.0,-7.25,-8.75,-28.0
NQ,1h,bear (close==low),2017-11-13 04:08:00,11017.0,11017.0,11012.25,11012.25,1.0,6.678571428571429,-4.25,-5.75,-18.0,-7.25
NQ,1h,bear (close==low),2017-11-13 05:01:00,11013.75,11013.75,11008.0,11008.0,1.0,6.339285714285714,-1.5,-13.75,-20.75,7.25
NQ,1h,bear (close==low),2017-11-13 18:01:00,11014.75,11016.0,11013.25,11013.25,0.5454545454545454,8.964285714285714,2.25,5.5,0.0,-2.75
NQ,1h,bear (close==low),2017-11-14 00:19:00,11015.25,11015.25,11010.5,11010.5,1.0,7.803571428571429,9.25,2.0,8.75,-8.0
NQ,1h,bear (close==low),2017-11-14 18:02:00,10996.75,10996.75,10991.5,10991.5,1.0,13.839285714285714,-4.75,-14.5,-10.0,-13.25
NQ,1h,bear (close==low),2017-11-14 20:14:00,10985.75,10985.75,10977.0,10977.0,1.0,14.285714285714286,4.5,-2.5,1.25,-6.75
NQ,1h,bear (close==low),2017-11-14 22:02:00,10981.5,10981.5,10974.5,10974.5,1.0,13.535714285714286,3.75,1.0,-4.25,-12.0
NQ,1h,bear (close==low),2017-11-14 23:39:00,10979.0,10979.0,10978.25,10978.25,1.0,12.964285714285714,-2.75,-8.0,-11.25,-15.0
NQ,1h,bear (close==low),2017-11-15 04:02:00,10964.25,10969.75,10962.5,10962.5,0.2413793103448276,8.035714285714286,0.75,4.25,14.5,-18.0
NQ,1h,bear (close==low),2017-11-16 02:19:00,10993.25,10995.5,10993.0,10993.0,0.1,7.857142857142857,-5.0,-0.25,3.5,8.25
NQ,1h,bear (close==low),2017-11-16 04:28:00,10993.0,10993.0,10992.75,10992.75,1.0,7.25,3.75,1.75,8.5,21.75
NQ,1h,bear (close==low),2017-11-16 15:04:00,11054.0,11056.75,11048.5,11048.5,0.6666666666666666,9.125,-1.0,3.0,2.25,-5.0
NQ,1h,bear (close==low),2017-11-16 20:02:00,11054.5,11054.5,11048.75,11048.75,1.0,8.660714285714286,-5.25,-3.75,-3.0,-4.25
NQ,1h,bear (close==low),2017-11-16 22:13:00,11048.0,11048.0,11045.0,11045.0,1.0,8.875,0.75,3.25,-0.5,8.25
NQ,1h,bear (close==low),2017-11-17 00:03:00,11048.5,11048.5,11045.75,11045.75,1.0,8.553571428571429,2.5,-1.25,3.75,2.5
NQ,1h,bear (close==low),2017-11-17 03:08:00,11049.5,11053.5,11048.25,11048.25,0.23809523809523808,7.928571428571429,-3.75,1.25,5.0,-4.75
NQ,1h,bear (close==low),2017-11-19 22:14:00,11000.75,11001.5,11000.5,11000.5,0.25,9.428571428571429,6.0,-1.75,6.0,14.75
NQ,1h,bear (close==low),2017-11-20 01:07:00,11009.75,11009.75,10998.75,10998.75,1.0,9.321428571428571,7.75,10.25,16.5,18.75
NQ,1h,bear (close==low),2017-11-22 00:06:00,11087.25,11087.5,11085.75,11085.75,0.8571428571428571,5.017857142857143,2.0,0.0,-1.0,-5.25
NQ,1h,bear (close==low),2017-11-22 03:04:00,11086.5,11087.5,11084.75,11084.75,0.6363636363636364,3.875,-3.0,-4.25,2.0,3.75
NQ,1h,bear (close==low),2017-11-22 05:30:00,11083.5,11083.5,11080.5,11080.5,1.0,3.5892857142857144,6.25,16.5,8.0,7.25
NQ,1h,bear (close==low),2017-11-22 20:02:00,11094.5,11094.5,11094.0,11094.0,1.0,6.767857142857143,0.25,0.25,-1.5,-6.5
NQ,1h,bear (close==low),2017-11-23 00:01:00,11095.75,11095.75,11094.25,11094.25,1.0,5.732142857142857,-1.75,-9.75,-6.75,6.25
NQ,1h,bear (close==low),2017-11-23 01:20:00,11093.5,11093.5,11092.5,11092.5,1.0,5.214285714285714,-8.0,-5.0,3.0,5.0
NQ,1h,bear (close==low),2017-11-23 06:05:00,11100.75,11100.75,11097.5,11097.5,1.0,4.053571428571429,-0.5,0.5,-4.25,-10.0
NQ,1h,bear (close==low),2017-11-23 09:14:00,11095.25,11095.25,11093.25,11093.25,1.0,3.5892857142857144,-2.5,-5.75,-5.25,-5.25
NQ,1h,bear (close==low),2017-11-23 18:33:00,11086.25,11086.25,11084.5,11084.5,1.0,4.089285714285714,3.5,6.0,6.5,13.0
NQ,1h,bear (close==low),2017-11-24 00:00:00,11097.0,11097.0,11095.5,11095.5,1.0,3.2857142857142856,1.0,2.75,-1.0,3.75
NQ,1h,bear (close==low),2017-11-24 08:03:00,11103.5,11106.25,11102.0,11102.0,0.35294117647058826,3.267857142857143,2.75,8.5,14.5,15.5
NQ,1h,bear (close==low),2017-11-24 12:08:00,11117.0,11118.25,11115.0,11115.0,0.6153846153846154,4.285714285714286,2.5,6.0,2.75,-7.75
NQ,1h,bear (close==low),2017-11-26 20:03:00,11117.0,11117.5,11109.25,11109.25,0.9393939393939394,5.392857142857143,-2.0,1.0,1.75,3.0
NQ,1h,bear (close==low),2017-11-27 22:05:00,11108.25,11108.25,11103.25,11103.25,1.0,8.339285714285714,4.25,4.25,12.75,14.5
NQ,1h,bear (close==low),2017-11-28 19:07:00,11125.75,11127.25,11123.0,11123.0,0.6470588235294118,11.482142857142858,0.25,-3.25,-4.75,5.0
NQ,1h,bear (close==low),2017-11-28 20:01:00,11125.25,11125.5,11123.25,11123.25,0.8888888888888888,11.285714285714286,-3.5,-5.0,-0.5,4.5
NQ,1h,bear (close==low),2017-11-28 21:12:00,11122.0,11122.0,11119.75,11119.75,1.0,11.285714285714286,-1.5,3.0,8.25,1.0
NQ,1h,bear (close==low),2017-11-28 22:02:00,11118.5,11118.5,11118.25,11118.25,1.0,11.178571428571429,4.5,9.75,9.5,4.0
NQ,1h,bear (close==low),2017-11-29 00:33:00,11123.25,11123.25,11122.75,11122.75,1.0,11.285714285714286,5.25,5.0,-2.0,1.5
NQ,1h,bear (close==low),2017-11-29 02:00:00,11128.5,11129.75,11127.75,11127.75,0.375,10.017857142857142,-7.0,-5.5,-3.5,0.75
NQ,1h,bear (close==low),2017-11-29 03:07:00,11128.0,11128.0,11120.75,11120.75,1.0,9.660714285714286,1.5,3.5,9.25,1.75
NQ,1h,bear (close==low),2017-11-30 14:00:00,11075.5,11075.5,11063.5,11063.5,1.0,12.571428571428571,9.0,-6.0,-2.25,-15.0
NQ,1h,bear (close==low),2017-12-03 23:02:00,11087.0,11087.0,11084.0,11084.0,1.0,26.982142857142858,-3.25,-2.25,-3.5,-14.5
NQ,1h,bear (close==low),2017-12-04 04:16:00,11073.5,11074.5,11069.5,11069.5,0.8,11.982142857142858,10.5,12.0,8.25,-12.25
NQ,1h,bear (close==low),2017-12-06 04:00:00,10953.25,10961.25,10950.25,10950.25,0.2727272727272727,13.714285714285714,-5.0,1.0,8.75,32.5
NQ,1h,bear (close==low),2017-12-07 05:00:00,11023.5,11028.25,11021.25,11021.25,0.32142857142857145,9.089285714285714,-5.75,-14.75,-10.5,13.5
NQ,1h,bear (close==low),2017-12-11 06:00:00,11054.25,11059.0,11052.0,11052.0,0.32142857142857145,5.910714285714286,4.75,1.5,17.25,30.25
NQ,1h,bear (close==low),2017-12-19 08:00:00,11224.75,11224.75,11215.5,11215.5,1.0,4.142857142857143,-20.0,-32.0,-41.0,-28.5
NQ,1h,bear (close==low),2018-01-17 16:00:00,11510.5,11516.0,11507.0,11507.0,0.3888888888888889,16.946428571428573,11.25,11.5,2.25,9.25
NQ,1h,bear (close==low),2018-02-07 15:00:00,11296.75,11343.5,11267.0,11267.0,0.3888888888888889,44.035714285714285,-34.25,-81.0,-31.5,-23.5
NQ,1h,bear (close==low),2018-02-13 08:00:00,11195.5,11202.25,11170.0,11170.0,0.7906976744186046,22.285714285714285,18.5,46.5,41.5,66.25
NQ,1h,bear (close==low),2018-02-18 21:00:00,11495.5,11497.25,11492.5,11492.5,0.631578947368421,28.035714285714285,2.5,11.0,12.0,7.25
NQ,1h,bear (close==low),2018-02-26 21:00:00,11692.5,11694.25,11685.0,11685.0,0.8108108108108109,15.821428571428571,-1.75,-2.0,-7.0,-9.25
NQ,1h,bear (close==low),2018-02-27 15:00:00,11627.75,11633.25,11592.5,11592.5,0.8650306748466258,26.446428571428573,8.75,22.0,23.25,13.25
NQ,1h,bear (close==low),2018-03-06 19:08:00,11517.75,11517.75,11509.0,11509.0,1.0,28.482142857142858,28.75,26.75,58.5,123.75
NQ,1h,bear (close==low),2018-03-06 21:30:00,11541.75,11541.75,11535.75,11535.75,1.0,28.464285714285715,31.75,69.75,97.0,126.75
NQ,1h,bear (close==low),2018-03-07 11:30:00,11587.5,11587.5,11567.5,11567.5,1.0,31.392857142857142,38.0,65.25,50.5,80.25
NQ,1h,bear (close==low),2018-03-07 21:00:00,11627.0,11627.0,11618.0,11618.0,1.0,29.785714285714285,44.5,29.75,22.5,129.75
NQ,1h,bear (close==low),2018-03-08 12:03:00,11660.25,11660.25,11647.75,11647.75,1.0,29.464285714285715,-7.25,61.5,100.0,186.25
NQ,1h,bear (close==low),2018-03-09 11:30:00,11753.75,11753.75,11747.75,11747.75,1.0,32.464285714285715,31.0,86.25,70.0,98.5
NQ,1h,bear (close==low),2018-03-12 09:28:00,11822.75,11822.75,11817.75,11817.75,1.0,32.32142857142857,6.0,28.5,55.5,-14.75
NQ,1h,bear (close==low),2018-03-13 10:19:00,11877.75,11877.75,11835.75,11835.75,1.0,30.392857142857142,-32.75,-73.0,-77.0,-105.0
NQ,1h,bear (close==low),2018-03-13 15:00:00,11765.75,11765.75,11727.75,11727.75,1.0,33.482142857142854,3.0,50.0,33.5,20.25
NQ,1h,bear (close==low),2018-03-14 14:18:00,11760.75,11766.75,11737.5,11737.5,0.7948717948717948,30.875,-33.5,-34.75,-9.75,17.5
NQ,1h,bear (close==low),2018-03-14 20:06:00,11742.5,11742.5,11704.0,11704.0,1.0,32.017857142857146,-1.25,23.75,27.25,14.75
NQ,1h,bear (close==low),2018-03-14 21:10:00,11703.25,11703.25,11702.75,11702.75,1.0,30.178571428571427,25.0,28.5,52.25,17.5
NQ,1h,bear (close==low),2018-03-15 09:07:00,11737.75,11744.5,11731.25,11731.25,0.49056603773584906,26.839285714285715,23.75,-12.5,-11.0,10.0
NQ,1h,bear (close==low),2018-03-15 11:01:00,11756.75,11769.25,11755.0,11755.0,0.12280701754385964,25.982142857142858,-36.25,-34.75,-20.75,-17.25
NQ,1h,bear (close==low),2018-03-15 13:22:00,11733.5,11733.5,11718.75,11718.75,1.0,27.857142857142858,1.5,15.5,22.5,25.5
NQ,1h,bear (close==low),2018-03-16 11:10:00,11737.5,11737.5,11711.75,11711.75,1.0,19.5,7.5,2.25,12.5,-6.25
NQ,1h,bear (close==low),2018-03-18 18:02:00,11708.25,11708.25,11705.5,11705.5,1.0,14.696428571428571,-15.25,-24.0,-44.25,-72.5
NQ,1h,bear (close==low),2018-03-18 20:58:00,11696.75,11696.75,11690.25,11690.25,1.0,13.196428571428571,-8.75,-29.0,-72.5,-53.5
NQ,1h,bear (close==low),2018-03-19 04:18:00,11652.75,11652.75,11617.75,11617.75,1.0,17.142857142857142,15.25,19.0,11.5,-90.0
NQ,1h,bear (close==low),2018-03-19 10:05:00,11622.25,11622.25,11582.75,11582.75,1.0,21.053571428571427,-55.0,-46.5,-64.0,-25.0
NQ,1h,bear (close==low),2018-03-19 19:05:00,11567.5,11567.5,11560.75,11560.75,1.0,30.607142857142858,0.5,0.0,8.25,-11.75
NQ,1h,bear (close==low),2018-03-19 20:40:00,11568.25,11568.75,11561.25,11561.25,0.9333333333333333,28.839285714285715,-0.5,7.75,8.75,14.0
NQ,1h,bear (close==low),2018-03-19 23:40:00,11564.25,11564.25,11560.75,11560.75,1.0,25.982142857142858,8.25,9.25,-11.75,35.25
NQ,1h,bear (close==low),2018-03-20 03:18:00,11578.25,11578.75,11569.0,11569.0,0.9487179487179487,26.178571428571427,1.0,-20.0,6.25,18.25
NQ,1h,bear (close==low),2018-03-20 05:16:00,11549.25,11552.25,11549.0,11549.0,0.07692307692307693,25.642857142857142,26.25,47.0,38.25,30.75
NQ,1h,bear (close==low),2018-03-20 08:12:00,11592.75,11593.0,11587.25,11587.25,0.9565217391304348,20.392857142857142,-9.5,-7.5,-36.0,-33.0
NQ,1h,bear (close==low),2018-03-20 21:21:00,11591.25,11591.25,11589.75,11589.75,1.0,22.125,-24.75,-22.75,-27.0,-19.75
NQ,1h,bear (close==low),2018-03-21 04:12:00,11579.75,11579.75,11565.0,11565.0,1.0,23.696428571428573,2.0,-2.25,2.75,5.25
NQ,1h,bear (close==low),2018-03-21 16:10:00,11553.25,11556.75,11548.25,11548.25,0.5882352941176471,21.714285714285715,21.0,27.0,-5.0,-41.0
NQ,1h,bear (close==low),2018-03-21 21:35:00,11579.75,11579.75,11575.25,11575.25,1.0,22.928571428571427,-32.0,-82.5,-68.0,-103.25
NQ,1h,bear (close==low),2018-03-22 02:35:00,11556.5,11556.5,11543.25,11543.25,1.0,23.446428571428573,-50.5,-36.0,-71.0,-58.0
NQ,1h,bear (close==low),2018-03-22 03:00:00,11539.75,11539.75,11492.75,11492.75,1.0,26.910714285714285,14.5,-20.5,-20.75,-37.25
NQ,1h,bear (close==low),2018-03-22 05:13:00,11491.75,11491.75,11472.25,11472.25,1.0,29.214285714285715,-0.25,13.0,-16.75,-49.5
NQ,1h,bear (close==low),2018-03-22 14:21:00,11443.25,11447.75,11428.75,11428.75,0.7631578947368421,36.857142857142854,-57.0,-69.0,-99.0,-126.0
NQ,1h,bear (close==low),2018-03-22 18:02:00,11360.75,11361.75,11329.75,11329.75,0.96875,38.0,-17.5,-27.0,-25.0,-29.25
NQ,1h,bear (close==low),2018-03-22 19:02:00,11331.75,11338.25,11312.25,11312.25,0.75,38.67857142857143,-9.5,-7.5,-29.0,-12.5
NQ,1h,bear (close==low),2018-03-23 04:15:00,11330.75,11330.75,11310.75,11310.75,1.0,32.17857142857143,-11.0,-1.75,16.75,41.75
NQ,1h,bear (close==low),2018-03-23 11:00:00,11386.0,11386.0,11304.0,11304.0,1.0,31.946428571428573,-8.25,54.0,-44.25,-92.75
NQ,1h,bear (close==low),2018-03-23 12:01:00,11312.25,11328.5,11295.75,11295.75,0.5038167938931297,32.55357142857143,62.25,-36.0,-99.0,-82.0
NQ,1h,bear (close==low),2018-03-23 14:00:00,11364.0,11364.0,11259.75,11259.75,1.0,40.67857142857143,-63.0,-48.5,-46.0,-11.5
NQ,1h,bear (close==low),2018-03-26 01:25:00,11286.75,11286.75,11281.75,11281.75,1.0,44.410714285714285,26.0,20.0,30.0,60.5
NQ,1h,bear (close==low),2018-03-26 08:19:00,11343.25,11343.25,11327.0,11327.0,1.0,24.107142857142858,11.75,-27.0,-40.0,-2.25
NQ,1h,bear (close==low),2018-03-26 22:15:00,11472.75,11472.75,11472.25,11472.25,1.0,33.32142857142857,26.5,21.25,24.0,39.25
NQ,1h,bear (close==low),2018-03-27 03:13:00,11506.75,11515.25,11493.5,11493.5,0.6091954022988506,34.0,2.75,17.75,18.0,-21.25
NQ,1h,bear (close==low),2018-03-27 08:29:00,11494.75,11496.25,11485.0,11485.0,0.8666666666666667,22.553571428571427,-12.75,-36.5,-33.0,-121.75
NQ,1h,bear (close==low),2018-03-27 14:00:00,11358.75,11361.25,11291.0,11291.0,0.9644128113879004,34.982142857142854,-78.25,-69.25,-69.75,-61.25
NQ,1h,bear (close==low),2018-03-27 19:28:00,11211.25,11211.25,11208.75,11208.75,1.0,42.125,21.0,42.5,22.0,-3.5
NQ,1h,bear (close==low),2018-03-27 20:12:00,11239.5,11239.5,11229.75,11229.75,1.0,43.92857142857143,21.5,1.0,-7.0,-52.0
NQ,1h,bear (close==low),2018-03-27 22:06:00,11239.75,11245.25,11230.75,11230.75,0.6206896551724138,46.19642857142857,-8.0,-25.5,-53.0,-69.0
NQ,1h,bear (close==low),2018-03-28 00:00:00,11224.5,11234.25,11205.25,11205.25,0.6637931034482759,44.17857142857143,-27.5,12.0,-43.5,-15.5
NQ,1h,bear (close==low),2018-03-28 01:04:00,11201.75,11201.75,11177.75,11177.75,1.0,42.625,39.5,-16.0,-11.0,37.75
NQ,1h,bear (close==low),2018-03-28 03:01:00,11205.5,11223.75,11161.75,11161.75,0.7056451612903226,42.32142857142857,5.0,28.0,53.75,23.5
NQ,1h,bear (close==low),2018-03-28 08:07:00,11243.25,11243.25,11185.25,11185.25,1.0,32.607142857142854,9.5,-44.75,-29.25,2.5
NQ,1h,bear (close==low),2018-03-29 16:00:00,11260.75,11264.75,11238.25,11238.25,0.8490566037735849,44.32142857142857,11.75,-17.5,3.5,-5.5
NQ,1h,bear (close==low),2018-04-01 20:14:00,11246.25,11246.25,11241.75,11241.75,1.0,44.839285714285715,-5.0,-9.0,-9.5,-28.5
NQ,1h,bear (close==low),2018-04-02 01:08:00,11234.25,11235.25,11228.75,11228.75,0.8461538461538461,36.589285714285715,-15.5,-11.0,-10.5,-10.75
NQ,1h,bear (close==low),2018-04-02 02:00:00,11226.75,11227.75,11213.25,11213.25,0.9310344827586207,29.732142857142858,4.5,5.0,-10.5,-36.25
NQ,1h,bear (close==low),2018-04-02 04:17:00,11220.25,11220.25,11218.25,11218.25,1.0,24.357142857142858,-15.5,-0.25,-41.25,-148.75
NQ,1h,bear (close==low),2018-04-02 07:07:00,11209.75,11209.75,11202.75,11202.75,1.0,19.946428571428573,15.25,-25.75,-84.5,-124.75
NQ,1h,bear (close==low),2018-04-02 13:02:00,11077.0,11077.0,11023.0,11023.0,1.0,28.214285714285715,13.5,34.25,58.75,64.0
NQ,1h,bear (close==low),2018-04-02 18:01:00,11081.25,11081.75,11069.5,11069.5,0.9591836734693877,37.0,17.5,29.25,5.75,17.75
NQ,1h,bear (close==low),2018-04-03 01:16:00,11081.25,11081.25,11075.25,11075.25,1.0,38.69642857142857,22.5,12.0,29.0,2.5
NQ,1h,bear (close==low),2018-04-03 18:26:00,11132.25,11132.25,11126.75,11126.75,1.0,40.44642857142857,-4.5,-11.5,-19.0,-37.0
NQ,1h,bear (close==low),2018-04-04 01:31:00,11097.75,11097.75,11096.75,11096.75,1.0,37.267857142857146,-7.0,-30.5,-80.25,-94.0
NQ,1h,bear (close==low),2018-04-04 02:31:00,11092.0,11092.0,11089.75,11089.75,1.0,35.75,-23.5,-73.25,-71.5,-75.0
NQ,1h,bear (close==low),2018-04-04 03:06:00,11082.75,11082.75,11066.25,11066.25,1.0,33.19642857142857,-49.75,-48.0,-63.5,-33.0
NQ,1h,bear (close==low),2018-04-05 08:19:00,11312.75,11315.75,11294.75,11294.75,0.8571428571428571,14.821428571428571,-10.5,-16.0,0.0,-44.75
NQ,1h,bear (close==low),2018-04-05 18:19:00,11271.5,11276.75,11187.75,11187.75,0.9410112359550562,31.482142857142858,-4.75,-4.0,-1.0,-5.0
NQ,1h,bear (close==low),2018-04-05 23:08:00,11196.75,11196.75,11182.75,11182.75,1.0,34.732142857142854,18.5,-5.5,25.25,49.0
NQ,1h,bear (close==low),2018-04-06 07:01:00,11217.0,11217.0,11186.75,11186.75,1.0,29.142857142857142,31.25,66.5,14.5,32.0
NQ,1h,bear (close==low),2018-04-06 13:01:00,11211.75,11211.75,11134.75,11134.75,1.0,38.267857142857146,-47.0,-30.5,-17.0,10.25
NQ,1h,bear (close==low),2018-04-09 06:13:00,11176.75,11176.75,11167.25,11167.25,1.0,27.714285714285715,-1.5,37.5,58.0,94.5
NQ,1h,bear (close==low),2018-04-09 15:00:00,11232.0,11232.0,11146.0,11146.0,1.0,30.035714285714285,16.25,3.25,2.25,71.75
NQ,1h,bear (close==low),2018-04-09 19:14:00,11152.25,11155.25,11148.25,11148.25,0.5714285714285714,31.232142857142858,10.0,69.5,112.0,113.5
NQ,1h,bear (close==low),2018-04-10 03:05:00,11269.75,11273.75,11252.0,11252.0,0.8160919540229885,32.642857142857146,8.25,10.25,7.25,-33.0
NQ,1h,bear (close==low),2018-04-10 19:02:00,11283.75,11283.75,11272.75,11272.75,1.0,28.535714285714285,-21.5,-13.0,-12.5,-15.0
NQ,1h,bear (close==low),2018-04-10 23:00:00,11260.75,11260.75,11259.75,11259.75,1.0,28.857142857142858,0.5,3.5,-2.0,-5.0
NQ,1h,bear (close==low),2018-04-11 03:01:00,11264.25,11264.25,11259.75,11259.75,1.0,19.767857142857142,-5.0,1.0,-30.75,-25.75
NQ,1h,bear (close==low),2018-04-11 21:02:00,11287.75,11287.75,11281.75,11281.75,1.0,28.625,-0.5,-14.0,-8.25,-15.75
NQ,1h,bear (close==low),2018-04-12 02:19:00,11268.25,11268.25,11267.75,11267.75,1.0,26.517857142857142,5.75,-10.25,-1.75,28.0
NQ,1h,bear (close==low),2018-04-12 04:47:00,11264.25,11264.25,11257.5,11257.5,1.0,25.696428571428573,8.5,40.25,38.25,73.0
NQ,1h,bear (close==low),2018-04-12 15:01:00,11343.5,11357.5,11330.0,11330.0,0.4909090909090909,21.696428571428573,9.75,-14.0,-8.75,-6.25
NQ,1h,bear (close==low),2018-04-12 18:00:00,11334.25,11335.5,11316.0,11316.0,0.9358974358974359,22.857142857142858,5.25,-1.25,7.75,2.75
NQ,1h,bear (close==low),2018-04-12 21:12:00,11322.75,11325.25,11314.75,11314.75,0.7619047619047619,22.392857142857142,9.0,17.5,4.0,19.0
NQ,1h,bear (close==low),2018-04-13 04:09:00,11323.25,11323.25,11321.75,11321.75,1.0,18.625,12.0,17.75,44.5,-14.0
NQ,1h,bear (close==low),2018-04-13 09:00:00,11367.75,11375.75,11342.75,11342.75,0.7575757575757576,15.821428571428571,-35.0,-24.5,-23.5,-32.0
NQ,1h,bear (close==low),2018-04-13 14:01:00,11331.75,11331.75,11310.75,11310.75,1.0,19.035714285714285,-11.25,-6.0,42.75,21.5
NQ,1h,bear (close==low),2018-04-15 21:28:00,11346.25,11348.75,11332.25,11332.25,0.8484848484848485,24.910714285714285,-6.5,-14.0,-7.75,-17.5
NQ,1h,bear (close==low),2018-04-15 22:23:00,11336.25,11336.25,11325.75,11325.75,1.0,24.803571428571427,-7.5,-1.25,-9.75,12.0
NQ,1h,bear (close==low),2018-04-15 23:03:00,11320.75,11320.75,11318.25,11318.25,1.0,24.714285714285715,6.25,-2.25,-3.5,29.5
NQ,1h,bear (close==low),2018-04-16 01:02:00,11330.25,11330.25,11324.5,11324.5,1.0,23.625,-8.5,-9.75,13.25,20.5
NQ,1h,bear (close==low),2018-04-16 02:01:00,11330.75,11330.75,11316.0,11316.0,1.0,22.321428571428573,-1.25,21.75,31.75,20.25
NQ,1h,bear (close==low),2018-04-16 07:00:00,11348.75,11348.75,11336.25,11336.25,1.0,17.071428571428573,21.5,-26.5,-15.5,27.5
NQ,1h,bear (close==low),2018-04-16 09:15:00,11350.25,11352.5,11309.75,11309.75,0.9473684210526315,18.607142857142858,11.0,17.75,54.0,49.0
NQ,1h,bear (close==low),2018-04-16 10:03:00,11327.75,11345.75,11320.75,11320.75,0.28,17.25,6.75,43.0,48.5,30.75
NQ,1h,bear (close==low),2018-04-16 21:09:00,11378.75,11378.75,11371.75,11371.75,1.0,22.125,14.0,26.0,36.0,33.25
NQ,1h,bear (close==low),2018-04-17 21:08:00,11508.75,11508.75,11507.75,11507.75,1.0,15.482142857142858,-3.0,-7.0,-4.0,1.0
NQ,1h,bear (close==low),2018-04-18 02:17:00,11508.75,11508.75,11503.75,11503.75,1.0,14.589285714285714,12.0,5.0,6.0,5.0
NQ,1h,bear (close==low),2018-04-18 05:05:00,11509.0,11510.25,11508.75,11508.75,0.16666666666666666,12.607142857142858,1.0,10.75,0.0,-6.0
NQ,1h,bear (close==low),2018-04-18 08:52:00,11511.25,11511.25,11508.75,11508.75,1.0,10.125,-20.0,-6.0,3.0,1.0
NQ,1h,bear (close==low),2018-04-18 12:07:00,11516.5,11520.0,11509.75,11509.75,0.6585365853658537,13.107142857142858,0.0,10.25,-2.0,11.5
NQ,1h,bear (close==low),2018-04-18 13:03:00,11519.75,11523.0,11509.75,11509.75,0.7547169811320755,12.803571428571429,10.25,-2.0,18.0,0.5
NQ,1h,bear (close==low),2018-04-18 16:10:00,11508.25,11508.75,11507.75,11507.75,0.5,15.375,20.0,13.5,2.5,-6.0
NQ,1h,bear (close==low),2018-04-19 01:01:00,11524.75,11524.75,11521.25,11521.25,1.0,16.410714285714285,-11.0,-11.0,-19.5,-28.5
NQ,1h,bear (close==low),2018-04-19 03:32:00,11514.75,11517.75,11510.25,11510.25,0.6,16.553571428571427,-8.5,-7.5,-17.5,-35.25
NQ,1h,bear (close==low),2018-04-19 04:07:00,11507.75,11515.25,11501.75,11501.75,0.4444444444444444,16.875,1.0,-9.0,0.25,-30.0
NQ,1h,bear (close==low),2018-04-19 06:05:00,11503.25,11503.25,11492.75,11492.75,1.0,16.5,9.25,-17.75,-21.0,-62.5
NQ,1h,bear (close==low),2018-04-19 08:01:00,11491.75,11491.75,11475.0,11475.0,1.0,14.089285714285714,-3.25,-17.5,-44.75,-36.25
NQ,1h,bear (close==low),2018-04-19 11:00:00,11458.0,11458.0,11430.25,11430.25,1.0,17.589285714285715,11.5,8.5,9.75,8.5
NQ,1h,bear (close==low),2018-04-19 16:00:00,11444.25,11444.75,11438.75,11438.75,0.9166666666666666,18.821428571428573,2.0,0.5,-4.5,1.0
NQ,1h,bear (close==low),2018-04-19 22:26:00,11449.25,11449.25,11439.75,11439.75,1.0,18.982142857142858,-6.5,-37.0,-22.5,3.75
NQ,1h,bear (close==low),2018-04-20 02:00:00,11442.75,11442.75,11433.25,11433.25,1.0,17.732142857142858,-30.5,-16.0,-10.25,6.0
NQ,1h,bear (close==low),2018-04-20 03:09:00,11425.5,11425.5,11402.75,11402.75,1.0,17.982142857142858,14.5,20.25,40.75,28.25
NQ,1h,bear (close==low),2018-04-20 07:00:00,11445.25,11451.25,11439.25,11439.25,0.5,14.732142857142858,-8.25,-47.0,-65.0,-113.5
NQ,1h,bear (close==low),2018-04-20 12:00:00,11348.25,11349.25,11325.75,11325.75,0.9574468085106383,21.839285714285715,25.5,7.25,11.0,31.75
NQ,1h,bear (close==low),2018-04-22 18:00:00,11379.0,11379.0,11357.5,11357.5,1.0,26.392857142857142,-2.75,0.75,0.25,2.25
NQ,1h,bear (close==low),2018-04-22 21:39:00,11362.75,11364.25,11357.75,11357.75,0.7692307692307693,24.267857142857142,-2.0,2.0,-9.0,-29.0
NQ,1h,bear (close==low),2018-04-22 23:14:00,11356.75,11356.75,11355.75,11355.75,1.0,23.553571428571427,4.0,-7.0,-19.5,-23.5
NQ,1h,bear (close==low),2018-04-23 22:04:00,11337.75,11338.75,11337.25,11337.25,0.3333333333333333,25.196428571428573,-2.5,10.25,30.25,42.5
NQ,1h,bear (close==low),2018-04-23 23:06:00,11338.0,11338.0,11334.75,11334.75,1.0,24.607142857142858,12.75,32.75,33.5,33.25
NQ,1h,bear (close==low),2018-04-24 08:03:00,11366.25,11368.5,11357.25,11357.25,0.8,19.75,-29.25,-88.0,-116.5,-193.0
NQ,1h,bear (close==low),2018-04-24 10:00:00,11325.0,11339.75,11269.25,11269.25,0.7907801418439716,23.767857142857142,-28.5,-86.5,-105.0,-93.25
NQ,1h,bear (close==low),2018-04-24 12:00:00,11242.0,11250.25,11182.75,11182.75,0.8777777777777778,25.464285714285715,-18.5,-17.25,-6.75,8.5
NQ,1h,bear (close==low),2018-04-24 18:07:00,11191.75,11192.25,11191.25,11191.25,0.5,30.928571428571427,-0.5,-15.5,-22.0,-12.0
NQ,1h,bear (close==low),2018-04-24 19:02:00,11191.25,11191.25,11190.75,11190.75,1.0,29.517857142857142,-15.0,-21.5,-10.5,1.0
NQ,1h,bear (close==low),2018-04-24 21:33:00,11196.5,11196.5,11175.75,11175.75,1.0,30.803571428571427,-6.5,4.5,3.5,-24.5
NQ,1h,bear (close==low),2018-04-25 03:40:00,11192.75,11192.75,11191.75,11191.75,1.0,27.464285714285715,-40.5,-30.75,-40.5,-14.75
NQ,1h,bear (close==low),2018-04-25 04:33:00,11159.75,11159.75,11151.25,11151.25,1.0,25.321428571428573,9.75,0.0,13.75,-45.5
NQ,1h,bear (close==low),2018-04-25 06:01:00,11164.25,11164.25,11151.25,11151.25,1.0,18.982142857142858,13.75,25.75,-45.5,5.5
NQ,1h,bear (close==low),2018-04-25 09:00:00,11180.75,11187.25,11105.75,11105.75,0.9202453987730062,18.964285714285715,60.75,51.0,77.0,96.75
NQ,1h,bear (close==low),2018-04-25 11:00:00,11170.75,11207.5,11156.75,11156.75,0.27586206896551724,27.089285714285715,26.0,27.25,45.75,70.0
NQ,1h,bear (close==low),2018-04-25 21:03:00,11273.75,11273.75,11261.75,11261.75,1.0,39.75,-1.0,-17.75,-29.0,-10.5
NQ,1h,bear (close==low),2018-04-25 22:00:00,11262.75,11264.25,11260.75,11260.75,0.5714285714285714,38.44642857142857,-16.75,-28.0,-29.0,1.0
NQ,1h,bear (close==low),2018-04-26 19:08:00,11411.75,11413.25,11410.75,11410.75,0.4,24.178571428571427,0.25,-14.5,-6.0,-9.5
NQ,1h,bear (close==low),2018-04-26 21:35:00,11403.25,11403.25,11396.25,11396.25,1.0,23.571428571428573,8.5,5.5,5.0,19.0
NQ,1h,bear (close==low),2018-04-26 23:03:00,11402.75,11402.75,11401.75,11401.75,1.0,22.5,-0.5,10.5,13.5,3.0
NQ,1h,bear (close==low),2018-04-27 00:10:00,11401.5,11401.5,11401.25,11401.25,1.0,19.857142857142858,11.0,14.0,4.5,1.5
NQ,1h,bear (close==low),2018-04-27 04:04:00,11406.75,11407.25,11404.75,11404.75,0.8,14.714285714285714,-2.0,5.25,8.5,-62.0
NQ,1h,bear (close==low),2018-04-27 13:07:00,11326.5,11339.5,11314.75,11314.75,0.47474747474747475,24.053571428571427,7.0,9.25,15.0,42.5
NQ,1h,bear (close==low),2018-04-30 02:14:00,11365.75,11365.75,11363.0,11363.0,1.0,26.892857142857142,-0.25,8.75,4.75,-5.25
NQ,1h,bear (close==low),2018-04-30 08:00:00,11360.75,11360.75,11347.75,11347.75,1.0,20.303571428571427,10.0,7.25,-55.25,-55.0
NQ,1h,bear (close==low),2018-04-30 15:03:00,11277.25,11301.75,11271.5,11271.5,0.19008264462809918,23.321428571428573,-8.25,-10.25,5.5,10.25
NQ,1h,bear (close==low),2018-04-30 16:00:00,11272.75,11274.25,11263.25,11263.25,0.8636363636363636,23.053571428571427,-2.0,13.75,20.0,4.5
NQ,1h,bear (close==low),2018-04-30 21:27:00,11281.75,11281.75,11277.0,11277.0,1.0,23.553571428571427,6.25,4.75,-9.25,1.0
NQ,1h,bear (close==low),2018-05-02 01:01:00,11371.5,11371.5,11368.5,11368.5,1.0,24.089285714285715,7.25,19.75,3.75,-9.75
NQ,1h,bear (close==low),2018-05-02 04:04:00,11378.75,11378.75,11375.75,11375.75,1.0,22.160714285714285,12.5,-3.5,-5.5,-16.75
NQ,1h,bear (close==low),2018-05-02 07:36:00,11374.5,11374.5,11370.25,11370.25,1.0,19.410714285714285,-11.5,-11.25,-26.5,-36.0
NQ,1h,bear (close==low),2018-05-02 10:01:00,11354.0,11367.75,11343.75,11343.75,0.4270833333333333,17.589285714285715,-21.0,-9.5,-0.5,-40.0
NQ,1h,bear (close==low),2018-05-02 14:00:00,11352.75,11380.75,11338.0,11338.0,0.34502923976608185,20.678571428571427,-34.25,-49.25,-37.25,-47.25
NQ,1h,bear (close==low),2018-05-02 15:07:00,11352.75,11352.75,11303.75,11303.75,1.0,23.267857142857142,-15.0,-3.0,-4.75,-6.25
NQ,1h,bear (close==low),2018-05-02 16:00:00,11303.75,11303.75,11288.75,11288.75,1.0,23.035714285714285,12.0,10.25,2.0,9.5
NQ,1h,bear (close==low),2018-05-02 19:00:00,11299.5,11299.5,11299.0,11299.0,1.0,22.910714285714285,-8.25,-1.5,-0.75,6.5
NQ,1h,bear (close==low),2018-05-02 20:12:00,11294.75,11294.75,11290.75,11290.75,1.0,22.607142857142858,6.75,7.5,15.0,-22.5
NQ,1h,bear (close==low),2018-05-03 04:07:00,11305.75,11307.25,11305.5,11305.5,0.14285714285714285,18.071428571428573,-37.25,-33.0,-14.25,-62.25
NQ,1h,bear (close==low),2018-05-03 10:07:00,11279.25,11291.75,11206.5,11206.5,0.8533724340175953,23.071428571428573,36.75,97.25,102.75,97.75
NQ,1h,bear (close==low),2018-05-03 19:07:00,11327.25,11327.25,11309.25,11309.25,1.0,32.625,9.0,-7.0,-8.5,-6.5
NQ,1h,bear (close==low),2018-05-03 21:49:00,11322.75,11322.75,11302.25,11302.25,1.0,34.714285714285715,-1.5,26.5,0.5,8.5
NQ,1h,bear (close==low),2018-05-04 02:31:00,11311.25,11311.25,11302.75,11302.75,1.0,32.785714285714285,12.75,8.0,10.75,-3.0
NQ,1h,bear (close==low),2018-05-04 04:01:00,11321.25,11322.75,11310.75,11310.75,0.875,25.071428571428573,2.75,-8.75,-11.0,80.5
NQ,1h,bear (close==low),2018-05-04 07:13:00,11308.75,11312.75,11302.0,11302.0,0.627906976744186,18.857142857142858,-2.25,17.75,89.25,111.0
NQ,1h,bear (close==low),2018-05-06 18:04:00,11452.75,11453.25,11448.75,11448.75,0.8888888888888888,23.660714285714285,12.0,12.0,19.0,40.0
NQ,1h,bear (close==low),2018-05-07 01:00:00,11493.25,11493.25,11482.75,11482.75,1.0,19.196428571428573,-6.0,-8.0,-8.5,17.0
NQ,1h,bear (close==low),2018-05-07 06:48:00,11475.75,11475.75,11474.75,11474.75,1.0,12.410714285714286,-0.5,-7.75,25.0,31.0
NQ,1h,bear (close==low),2018-05-07 07:32:00,11480.25,11480.25,11474.25,11474.25,1.0,11.946428571428571,-7.25,25.5,24.5,18.0
NQ,1h,bear (close==low),2018-05-07 08:04:00,11474.25,11474.25,11467.0,11467.0,1.0,10.928571428571429,32.75,31.75,38.75,30.75
NQ,1h,bear (close==low),2018-05-08 04:14:00,11481.5,11481.5,11472.75,11472.75,1.0,15.75,0.25,-8.5,3.5,2.0
NQ,1h,bear (close==low),2018-05-09 02:29:00,11481.5,11481.5,11479.5,11479.5,1.0,22.089285714285715,31.5,28.25,19.5,-3.75
NQ,1h,bear (close==low),2018-05-09 10:00:00,11482.75,11499.25,11475.75,11475.75,0.2978723404255319,23.803571428571427,23.0,59.0,79.0,82.0
NQ,1h,bear (close==low),2018-05-09 19:20:00,11557.75,11557.75,11553.75,11553.75,1.0,16.357142857142858,3.0,15.0,29.0,33.0
NQ,1h,bear (close==low),2018-05-10 04:06:00,11573.0,11573.0,11571.75,11571.75,1.0,15.785714285714286,15.0,18.0,32.0,46.0
NQ,1h,bear (close==low),2018-05-10 16:00:00,11629.0,11630.75,11613.75,11613.75,0.8970588235294118,14.892857142857142,4.5,18.0,0.0,9.5
NQ,1h,bear (close==low),2018-05-10 18:01:00,11620.25,11620.25,11618.25,11618.25,1.0,14.892857142857142,13.5,-4.5,0.25,22.0
NQ,1h,bear (close==low),2018-05-11 02:04:00,11626.0,11626.0,11613.75,11613.75,1.0,15.785714285714286,4.75,9.5,26.5,9.0
NQ,1h,bear (close==low),2018-05-11 03:10:00,11619.25,11619.75,11618.5,11618.5,0.6,15.214285714285714,4.75,21.75,19.75,18.25
NQ,1h,bear (close==low),2018-05-11 05:08:00,11630.25,11631.0,11623.25,11623.25,0.9032258064516129,15.321428571428571,17.0,15.0,-0.5,1.25
NQ,1h,bear (close==low),2018-05-11 13:02:00,11605.75,11611.75,11603.75,11603.75,0.25,16.214285714285715,-6.0,16.0,21.5,38.0
NQ,1h,bear (close==low),2018-05-13 21:16:00,11650.5,11651.75,11647.75,11647.75,0.6875,15.267857142857142,5.25,1.0,8.5,-12.0
NQ,1h,bear (close==low),2018-05-14 02:12:00,11647.5,11647.5,11642.75,11642.75,1.0,12.214285714285714,-7.0,-2.5,7.5,-7.0
NQ,1h,bear (close==low),2018-05-14 03:36:00,11644.25,11644.25,11635.75,11635.75,1.0,11.392857142857142,4.5,14.5,2.5,-3.0
NQ,1h,bear (close==low),2018-05-14 06:00:00,11643.25,11643.25,11638.25,11638.25,1.0,9.785714285714286,-2.5,-5.5,18.5,11.0
NQ,1h,bear (close==low),2018-05-14 07:12:00,11639.75,11639.75,11635.75,11635.75,1.0,8.285714285714286,-3.0,21.0,27.25,10.5
NQ,1h,bear (close==low),2018-05-14 08:08:00,11635.75,11636.75,11632.75,11632.75,0.75,8.107142857142858,24.0,30.25,16.5,7.0
NQ,1h,bear (close==low),2018-05-14 11:13:00,11664.25,11671.75,11649.25,11649.25,0.6666666666666666,11.410714285714286,-3.0,-9.5,-14.0,-16.5
NQ,1h,bear (close==low),2018-05-14 12:05:00,11647.75,11663.5,11646.25,11646.25,0.08695652173913043,12.357142857142858,-6.5,-11.0,-20.5,-10.75
NQ,1h,bear (close==low),2018-05-14 18:03:00,11636.25,11636.25,11635.5,11635.5,1.0,14.232142857142858,-5.0,-1.75,-12.25,-17.75
NQ,1h,bear (close==low),2018-05-14 22:00:00,11631.25,11631.25,11623.25,11623.25,1.0,13.75,1.5,-5.5,-9.0,-7.75
NQ,1h,bear (close==low),2018-05-15 01:20:00,11627.0,11627.0,11617.75,11617.75,1.0,14.053571428571429,-3.5,5.0,-2.25,-51.5
NQ,1h,bear (close==low),2018-05-15 04:06:00,11618.75,11618.75,11615.5,11615.5,1.0,10.303571428571429,-8.75,-49.25,-88.75,-79.75
NQ,1h,bear (close==low),2018-05-15 08:01:00,11609.75,11613.75,11566.25,11566.25,0.9157894736842105,12.303571428571429,-39.5,-23.5,-30.5,-48.5
NQ,1h,bear (close==low),2018-05-15 13:03:00,11546.75,11546.75,11517.75,11517.75,1.0,21.392857142857142,23.5,35.0,35.25,23.0
NQ,1h,bear (close==low),2018-05-15 16:00:00,11556.75,11558.0,11553.0,11553.0,0.75,24.678571428571427,-9.25,-12.25,-0.25,2.75
NQ,1h,bear (close==low),2018-05-15 18:17:00,11550.25,11550.25,11543.75,11543.75,1.0,24.678571428571427,-3.0,9.0,6.0,8.5
NQ,1h,bear (close==low),2018-05-15 21:15:00,11555.75,11555.75,11549.75,11549.75,1.0,24.5,6.0,2.5,7.0,16.25
NQ,1h,bear (close==low),2018-05-16 00:39:00,11557.25,11558.0,11552.25,11552.25,0.8695652173913043,20.964285714285715,4.5,0.5,13.75,-1.25
NQ,1h,bear (close==low),2018-05-16 04:25:00,11559.25,11559.25,11558.25,11558.25,1.0,12.785714285714286,-7.25,4.5,-3.0,27.75
NQ,1h,bear (close==low),2018-05-16 05:06:00,11555.25,11555.25,11551.0,11551.0,1.0,11.089285714285714,11.75,4.25,1.75,37.0
NQ,1h,bear (close==low),2018-05-16 08:42:00,11553.25,11553.25,11552.75,11552.75,1.0,7.964285714285714,33.25,35.25,37.75,54.0
NQ,1h,bear (close==low),2018-05-16 19:00:00,11603.75,11604.75,11598.25,11598.25,0.8461538461538461,14.875,-2.0,2.25,-16.5,-22.0
NQ,1h,bear (close==low),2018-05-16 21:06:00,11602.75,11602.75,11596.25,11596.25,1.0,14.821428571428571,4.25,-14.5,-24.25,-27.25
NQ,1h,bear (close==low),2018-05-17 01:46:00,11588.25,11588.25,11581.75,11581.75,1.0,14.982142857142858,-9.75,-5.5,-12.75,-15.0
NQ,1h,bear (close==low),2018-05-17 02:04:00,11582.5,11582.5,11572.0,11572.0,1.0,15.553571428571429,4.25,-3.0,4.25,5.75
NQ,1h,bear (close==low),2018-05-17 03:31:00,11576.75,11576.75,11576.25,11576.25,1.0,13.410714285714286,-7.25,0.0,-9.5,47.0
NQ,1h,bear (close==low),2018-05-17 04:47:00,11570.5,11570.5,11569.0,11569.0,1.0,12.285714285714286,7.25,-2.25,8.75,33.75
NQ,1h,bear (close==low),2018-05-17 12:00:00,11602.75,11604.25,11582.75,11582.75,0.9302325581395349,13.625,-28.75,-5.0,-11.75,-5.0
NQ,1h,bear (close==low),2018-05-17 13:37:00,11580.75,11582.25,11554.0,11554.0,0.9469026548672567,15.25,23.75,17.0,14.75,19.75
NQ,1h,bear (close==low),2018-05-17 19:05:00,11576.25,11578.25,11573.75,11573.75,0.5555555555555556,16.839285714285715,18.0,19.0,15.75,3.25
NQ,1h,bear (close==low),2018-05-18 02:37:00,11590.5,11590.5,11589.5,11589.5,1.0,17.285714285714285,-4.0,-12.5,-0.75,-46.75
NQ,1h,bear (close==low),2018-05-18 08:12:00,11565.75,11565.75,11532.75,11532.75,1.0,17.089285714285715,10.0,15.0,28.0,14.5
NQ,1h,bear (close==low),2018-05-21 02:03:00,11587.75,11587.75,11575.75,11575.75,1.0,16.696428571428573,-3.0,7.25,9.0,35.0
NQ,1h,bear (close==low),2018-05-21 05:01:00,11587.0,11587.5,11584.75,11584.75,0.8181818181818182,13.214285714285714,0.5,26.0,21.0,-9.5
NQ,1h,bear (close==low),2018-05-21 13:09:00,11583.25,11586.75,11577.75,11577.75,0.6111111111111112,15.071428571428571,-12.0,-0.25,2.0,-4.5
NQ,1h,bear (close==low),2018-05-21 19:10:00,11576.25,11576.25,11573.25,11573.25,1.0,16.785714285714285,8.75,9.5,11.0,29.5
NQ,1h,bear (close==low),2018-05-22 08:08:00,11602.75,11604.75,11600.5,11600.5,0.5294117647058824,9.714285714285714,-1.25,-18.75,-23.0,-17.25
NQ,1h,bear (close==low),2018-05-22 18:05:00,11569.25,11569.25,11564.25,11564.25,1.0,13.589285714285714,-1.5,-1.5,-23.25,-30.75
NQ,1h,bear (close==low),2018-05-22 19:07:00,11567.0,11567.75,11562.75,11562.75,0.85,13.375,0.0,-21.75,-27.0,-18.75
NQ,1h,bear (close==low),2018-05-22 21:15:00,11557.75,11557.75,11541.0,11541.0,1.0,13.964285714285714,-5.25,-7.5,3.0,-5.75
NQ,1h,bear (close==low),2018-05-22 22:12:00,11545.0,11545.0,11535.75,11535.75,1.0,13.946428571428571,-2.25,8.25,5.75,-22.25
NQ,1h,bear (close==low),2018-05-23 01:12:00,11542.25,11542.75,11541.5,11541.5,0.6,11.678571428571429,-6.25,-28.0,-38.25,-39.75
NQ,1h,bear (close==low),2018-05-23 02:01:00,11538.25,11545.75,11535.25,11535.25,0.2857142857142857,11.428571428571429,-21.75,-32.0,-37.5,-34.5
NQ,1h,bear (close==low),2018-05-23 19:07:00,11620.0,11620.25,11614.75,11614.75,0.9545454545454546,18.857142857142858,-13.25,-26.5,-9.0,3.75
NQ,1h,bear (close==low),2018-05-23 21:32:00,11593.75,11594.75,11588.25,11588.25,0.8461538461538461,19.625,17.5,12.0,30.25,43.75
NQ,1h,bear (close==low),2018-05-24 04:42:00,11632.75,11632.75,11632.0,11632.0,1.0,15.303571428571429,0.75,-5.75,-10.25,-54.25
NQ,1h,bear (close==low),2018-05-24 06:38:00,11630.25,11630.25,11626.25,11626.25,1.0,13.071428571428571,-4.5,-19.25,-48.5,-30.75
NQ,1h,bear (close==low),2018-05-24 22:00:00,11656.5,11656.5,11648.0,11648.0,1.0,20.464285714285715,2.25,2.25,-5.5,-2.75
NQ,1h,bear (close==low),2018-05-25 05:01:00,11647.75,11647.75,11642.0,11642.0,1.0,9.821428571428571,6.75,-19.25,-28.0,0.75
NQ,1h,bear (close==low),2018-05-25 07:10:00,11639.25,11639.5,11622.75,11622.75,0.9850746268656716,9.714285714285714,-8.75,12.75,20.0,12.0
NQ,1h,bear (close==low),2018-05-25 08:02:00,11622.75,11623.75,11614.0,11614.0,0.8974358974358975,10.107142857142858,21.5,28.75,28.25,6.25
NQ,1h,bear (close==low),2018-05-27 21:03:00,11660.0,11661.25,11650.75,11650.75,0.8809523809523809,15.285714285714286,10.25,6.5,10.5,10.0
NQ,1h,bear (close==low),2018-05-27 23:23:00,11662.25,11662.25,11657.25,11657.25,1.0,13.821428571428571,4.0,7.0,3.5,-4.5
NQ,1h,bear (close==low),2018-05-28 02:00:00,11665.25,11668.0,11660.75,11660.75,0.6206896551724138,10.339285714285714,-3.5,-8.0,-16.25,-27.0
NQ,1h,bear (close==low),2018-05-28 04:00:00,11653.25,11653.25,11652.75,11652.75,1.0,8.767857142857142,-8.25,-9.5,-19.0,4.0
NQ,1h,bear (close==low),2018-05-28 08:12:00,11648.0,11648.0,11633.75,11633.75,1.0,8.785714285714286,10.25,23.0,14.0,22.0
NQ,1h,bear (close==low),2018-05-28 11:01:00,11657.75,11660.0,11647.75,11647.75,0.8163265306122449,8.321428571428571,7.0,8.0,-2.0,-11.25
NQ,1h,bear (close==low),2018-05-28 20:01:00,11647.75,11650.75,11645.75,11645.75,0.4,8.267857142857142,-12.0,-9.25,-9.0,-34.0
NQ,1h,bear (close==low),2018-05-28 21:16:00,11636.75,11636.75,11633.75,11633.75,1.0,8.839285714285714,2.75,3.0,-6.0,-41.5
NQ,1h,bear (close==low),2018-05-28 23:04:00,11639.25,11639.25,11636.75,11636.75,1.0,8.5,-9.0,-25.0,-44.5,-49.5
NQ,1h,bear (close==low),2018-05-29 01:21:00,11634.0,11634.0,11627.75,11627.75,1.0,8.785714285714286,-16.0,-35.5,-57.0,-49.0
NQ,1h,bear (close==low),2018-05-29 18:04:00,11607.75,11607.75,11600.75,11600.75,1.0,28.571428571428573,-3.0,-7.5,4.0,4.75
NQ,1h,bear (close==low),2018-05-29 19:00:00,11600.5,11600.5,11597.75,11597.75,1.0,26.089285714285715,-4.5,7.0,-11.0,9.75
NQ,1h,bear (close==low),2018-05-30 04:02:00,11626.75,11627.0,11612.75,11612.75,0.9824561403508771,16.928571428571427,14.0,14.25,25.75,-3.0
NQ,1h,bear (close==low),2018-05-30 06:10:00,11630.25,11632.75,11627.0,11627.0,0.5652173913043478,13.089285714285714,11.5,-4.25,-17.25,23.25
NQ,1h,bear (close==low),2018-05-30 09:22:00,11623.75,11632.75,11609.75,11609.75,0.6086956521739131,15.0,27.0,40.5,30.5,40.25
NQ,1h,bear (close==low),2018-05-30 18:24:00,11639.75,11639.75,11638.75,11638.75,1.0,15.625,-0.25,-0.5,0.5,11.5
NQ,1h,bear (close==low),2018-05-30 22:25:00,11644.0,11644.0,11643.25,11643.25,1.0,12.678571428571429,7.0,11.5,15.25,17.75
NQ,1h,bear (close==low),2018-05-31 05:35:00,11658.5,11658.5,11654.25,11654.25,1.0,7.196428571428571,0.75,2.0,1.25,-21.25
NQ,1h,bear (close==low),2018-05-31 22:07:00,11652.75,11653.75,11651.25,11651.25,0.6,17.75,-4.75,-3.5,-1.5,1.5
NQ,1h,bear (close==low),2018-05-31 23:10:00,11649.25,11649.25,11646.5,11646.5,1.0,17.660714285714285,1.25,3.25,18.5,10.25
NQ,1h,bear (close==low),2018-06-01 01:21:00,11651.25,11651.75,11649.75,11649.75,0.75,13.428571428571429,15.25,3.0,7.0,12.0
NQ,1h,bear (close==low),2018-06-01 03:00:00,11667.25,11667.25,11652.75,11652.75,1.0,10.035714285714286,4.0,10.0,9.0,20.0
NQ,1h,bear (close==low),2018-06-03 22:00:00,11767.75,11771.75,11765.25,11765.25,0.38461538461538464,16.214285714285715,-2.0,-0.75,4.75,9.75
NQ,1h,bear (close==low),2018-06-03 23:04:00,11766.0,11769.25,11763.25,11763.25,0.4583333333333333,15.375,1.25,6.75,7.5,12.75
NQ,1h,bear (close==low),2018-06-04 05:00:00,11777.75,11782.25,11776.75,11776.75,0.18181818181818182,8.910714285714286,-1.25,-12.5,-7.25,10.5
NQ,1h,bear (close==low),2018-06-04 20:03:00,11812.0,11815.0,11804.75,11804.75,0.7073170731707317,12.5,3.0,1.0,2.0,-1.75
NQ,1h,bear (close==low),2018-06-05 02:01:00,11808.0,11808.0,11803.0,11803.0,1.0,8.857142857142858,11.5,20.75,33.75,22.0
NQ,1h,bear (close==low),2018-06-05 07:32:00,11826.75,11830.75,11825.0,11825.0,0.30434782608695654,7.767857142857143,-6.25,9.75,12.25,-7.5
NQ,1h,bear (close==low),2018-06-06 02:00:00,11859.0,11859.75,11850.75,11850.75,0.9166666666666666,9.696428571428571,-2.0,-3.75,4.5,-0.25
NQ,1h,bear (close==low),2018-06-06 08:00:00,11849.5,11851.0,11840.5,11840.5,0.8571428571428571,7.339285714285714,-17.75,-16.0,9.75,-6.25
NQ,1h,bear (close==low),2018-06-18 07:00:00,11866.5,11870.5,11858.25,11858.25,0.673469387755102,12.964285714285714,12.5,13.5,47.0,42.25
NQ,1h,bear (close==low),2018-06-26 21:00:00,11750.25,11755.0,11730.25,11730.25,0.8080808080808081,23.571428571428573,-2.5,4.5,10.5,-22.0
NQ,1h,bear (close==low),2018-06-29 08:00:00,11732.75,11737.0,11720.0,11720.0,0.75,18.857142857142858,23.5,31.75,10.5,18.0
NQ,1h,bear (close==low),2018-07-10 07:00:00,11954.25,11963.0,11951.25,11951.25,0.2553191489361702,10.803571428571429,-7.0,-19.25,-3.25,-6.25
NQ,1h,bear (close==low),2018-07-15 21:00:00,12047.0,12051.25,12038.5,12038.5,0.6666666666666666,14.464285714285714,-3.75,0.75,0.0,-2.75
NQ,1h,bear (close==low),2018-07-16 10:00:00,12037.25,12043.25,12013.75,12013.75,0.7966101694915254,11.339285714285714,10.5,15.0,9.75,-0.25
NQ,1h,bear (close==low),2018-07-22 19:00:00,12008.5,12010.0,12001.5,12001.5,0.8235294117647058,20.160714285714285,-11.25,-22.0,-30.25,-24.25
NQ,1h,bear (close==low),2018-07-26 14:00:00,12051.75,12057.5,12045.75,12045.75,0.5106382978723404,18.660714285714285,2.0,18.0,21.5,29.0
NQ,1h,bear (close==low),2018-08-06 16:00:00,12084.75,12087.5,12080.25,12080.25,0.6206896551724138,16.178571428571427,-0.25,2.25,5.25,6.75
NQ,1h,bear (close==low),2018-08-10 02:00:00,12074.75,12079.5,12070.25,12070.25,0.4864864864864865,13.017857142857142,4.5,7.25,-5.25,-0.5
NQ,1h,bear (close==low),2018-08-27 05:00:00,12164.75,12170.0,12163.5,12163.5,0.19230769230769232,8.446428571428571,-3.5,0.5,6.75,39.25
NQ,1h,bear (close==low),2018-08-28 00:00:00,12218.5,12219.0,12212.5,12212.5,0.9230769230769231,9.982142857142858,-1.0,6.5,2.0,8.25
NQ,1h,bear (close==low),2018-08-30 14:00:00,12326.25,12332.5,12280.75,12280.75,0.8792270531400966,16.428571428571427,7.25,-0.5,-2.25,1.25
NQ,1h,bear (close==low),2018-08-30 16:00:00,12288.0,12291.25,12280.25,12280.25,0.7045454545454546,18.017857142857142,-1.75,-2.0,1.75,5.75
NQ,1h,bear (close==low),2018-09-03 19:00:00,12315.5,12316.0,12311.5,12311.5,0.8888888888888888,8.321428571428571,-2.75,-1.0,3.25,1.5
NQ,1h,bear (close==low),2018-09-05 00:00:00,12271.5,12273.0,12268.5,12268.5,0.6666666666666666,16.642857142857142,-8.25,-20.5,-20.5,-24.25
NQ,1h,bear (close==low),2018-09-06 12:00:00,12089.25,12094.25,12059.0,12059.0,0.8581560283687943,25.839285714285715,13.25,22.25,38.75,35.0
NQ,1h,bear (close==low),2018-09-07 08:00:00,12078.75,12084.25,12044.0,12044.0,0.8633540372670807,15.892857142857142,67.25,80.0,63.25,32.75
NQ,1h,bear (close==low),2018-09-12 02:00:00,12155.75,12160.5,12153.5,12153.5,0.32142857142857145,12.303571428571429,19.75,22.5,9.75,-0.75
NQ,1h,bear (close==low),2018-09-12 09:00:00,12140.0,12144.0,12103.5,12103.5,0.9012345679012346,13.571428571428571,-29.75,-18.25,7.75,2.5
NQ,1h,bear (close==low),2018-09-13 00:00:00,12053.5,12054.5,12044.75,12044.75,0.8974358974358975,26.607142857142858,0.5,10.75,22.25,23.25
NQ,1h,bear (close==low),2018-09-16 19:00:00,12102.75,12109.75,12102.5,12102.5,0.034482758620689655,18.446428571428573,-0.25,0.75,7.25,2.25
NQ,1h,bear (close==low),2018-09-18 19:00:00,12079.75,12084.5,12073.0,12073.0,0.5869565217391305,21.107142857142858,-3.5,-6.25,6.75,1.0
NQ,1h,bear (close==low),2018-09-19 23:00:00,12075.25,12076.5,12066.25,12066.25,0.8780487804878049,19.767857142857142,2.5,-2.5,-3.0,3.5
NQ,1h,bear (close==low),2018-09-21 16:00:00,12105.5,12109.75,12093.25,12093.25,0.7424242424242424,18.517857142857142,-29.5,-23.0,-31.25,-26.5
NQ,1h,bear (close==low),2018-09-26 07:00:00,12160.75,12161.5,12152.25,12152.25,0.918918918918919,7.178571428571429,3.25,6.5,18.25,29.75
NQ,1h,bear (close==low),2018-09-28 01:00:00,12213.5,12214.0,12209.25,12209.25,0.8947368421052632,10.910714285714286,-10.75,-12.75,-3.75,-24.5
NQ,1h,bear (close==low),2018-10-07 21:00:00,11979.75,11991.5,11977.25,11977.25,0.17543859649122806,40.5,-5.75,-1.0,1.25,-16.5
NQ,1h,bear (close==low),2018-10-22 13:00:00,11715.25,11733.75,11696.5,11696.5,0.5033557046979866,35.482142857142854,20.0,4.75,8.25,-10.75
NQ,1h,bear (close==low),2018-12-05 09:00:00,11398.0,11398.75,11349.0,11349.0,0.9849246231155779,17.375,-57.0,-63.0,-88.0,-109.5
NQ,1h,bear (close==low),2018-12-07 02:00:00,11363.25,11368.75,11312.75,11312.75,0.9017857142857143,39.714285714285715,23.0,38.5,29.5,26.0
NQ,1h,bear (close==low),2018-12-12 19:00:00,11336.5,11337.75,11328.0,11328.0,0.8717948717948718,34.285714285714285,16.25,28.5,24.0,19.0
NQ,1h,bear (close==low),2018-12-14 16:00:00,11138.75,11150.5,11127.75,11127.75,0.4835164835164835,35.589285714285715,28.0,27.75,38.0,38.75
NQ,1h,bear (close==low),2019-01-11 07:00:00,11129.0,11132.0,11119.5,11119.5,0.76,13.714285714285714,-0.75,-10.75,2.75,10.5
NQ,1h,bear (close==low),2019-01-29 18:00:00,11210.75,11222.0,11199.75,11199.75,0.4943820224719101,29.428571428571427,-0.75,-3.75,-1.5,5.5
NQ,1h,bear (close==low),2019-01-31 23:00:00,11408.0,11411.25,11403.5,11403.5,0.5806451612903226,29.517857142857142,-1.75,10.25,15.5,3.75
NQ,1h,bear (close==low),2019-02-01 07:00:00,11402.0,11407.0,11392.0,11392.0,0.6666666666666666,16.625,17.0,6.0,22.75,21.0
NQ,1h,bear (close==low),2019-02-13 03:00:00,11575.0,11575.5,11566.5,11566.5,0.9444444444444444,11.660714285714286,-6.75,-2.5,5.0,8.5
NQ,1h,bear (close==low),2019-02-27 23:00:00,11633.25,11636.0,11629.75,11629.75,0.56,17.821428571428573,-12.5,-18.5,-30.25,-17.75
NQ,1h,bear (close==low),2019-03-11 04:00:00,11563.75,11566.5,11550.75,11550.75,0.8253968253968254,19.196428571428573,9.5,11.75,15.25,61.75
NQ,1h,bear (close==low),2019-03-13 08:00:00,11750.25,11760.0,11745.0,11745.0,0.35,11.928571428571429,21.75,35.75,50.75,60.75
NQ,1h,bear (close==low),2019-03-19 03:00:00,11857.25,11858.25,11854.5,11854.5,0.7333333333333333,8.5,14.5,18.75,27.0,26.75
NQ,1h,bear (close==low),2019-03-21 22:00:00,12023.5,12025.25,12007.0,12007.0,0.9041095890410958,23.303571428571427,6.25,7.0,7.5,19.25
NQ,1h,bear (close==low),2019-04-02 16:00:00,12016.75,12017.75,12007.0,12007.0,0.9069767441860465,12.535714285714286,4.25,2.0,33.75,47.75
NQ,1h,bear (close==low),2019-05-06 16:00:00,12299.75,12302.5,12230.25,12230.25,0.9619377162629758,35.17857142857143,17.75,23.75,10.5,23.75
NQ,1h,bear (close==low),2019-05-22 15:00:00,11946.5,11950.25,11921.75,11921.75,0.868421052631579,28.125,-4.5,-2.25,-13.25,-43.75
NQ,1h,bear (close==low),2019-05-27 00:00:00,11794.25,11795.5,11785.5,11785.5,0.875,20.535714285714285,10.25,28.75,37.0,23.25
NQ,1h,bear (close==low),2019-06-03 09:00:00,11604.75,11623.75,11543.75,11543.75,0.7625,21.035714285714285,36.5,7.25,-48.5,-77.5
NQ,1h,bear (close==low),2019-06-12 02:00:00,11981.75,11981.75,11967.5,11967.5,1.0,18.178571428571427,9.5,6.75,0.75,5.25
NQ,1h,bear (close==low),2019-06-17 18:00:00,12035.75,12035.75,12029.75,12029.75,1.0,18.625,-1.25,2.75,3.0,1.75
NQ,1h,bear (close==low),2019-06-26 00:00:00,12104.75,12105.5,12089.75,12089.75,0.9523809523809523,24.535714285714285,7.5,11.25,12.75,61.25
NQ,1h,bear (close==low),2019-07-02 03:00:00,12260.5,12262.25,12242.75,12242.75,0.9102564102564102,15.517857142857142,-9.0,-9.5,-0.25,5.75
NQ,1h,bear (close==low),2019-07-08 08:00:00,12283.5,12291.25,12282.0,12282.0,0.16216216216216217,12.75,-37.0,-19.0,-25.0,-19.25
NQ,1h,bear (close==low),2019-07-26 00:00:00,12482.5,12487.0,12478.5,12478.5,0.47058823529411764,22.982142857142858,6.0,0.0,-5.0,3.25
NQ,1h,bear (close==low),2019-07-26 15:00:00,12501.25,12506.0,12493.5,12493.5,0.62,16.517857142857142,-13.0,-6.75,-10.25,-17.25
NQ,1h,bear (close==low),2019-07-26 16:00:00,12493.5,12494.0,12480.5,12480.5,0.9629629629629629,16.839285714285715,6.25,2.75,-6.25,-9.25
NQ,1h,bear (close==low),2019-09-02 07:00:00,12151.5,12152.5,12138.25,12138.25,0.9298245614035088,23.25,-7.25,-25.75,-6.75,-60.75
NQ,1h,bear (close==low),2019-09-06 05:00:00,12335.75,12357.75,12328.75,12328.75,0.2413793103448276,15.071428571428571,7.75,17.5,6.25,6.25
NQ,1h,bear (close==low),2019-09-10 18:00:00,12283.75,12284.75,12271.5,12271.5,0.9245283018867925,29.285714285714285,4.25,-5.25,-19.25,6.25
NQ,1h,bear (close==low),2019-09-27 12:00:00,12200.25,12207.5,12133.25,12133.25,0.9023569023569024,29.821428571428573,9.0,-38.5,8.0,22.25
NQ,1h,bear (close==low),2019-10-23 22:00:00,12366.75,12369.0,12360.5,12360.5,0.7352941176470589,20.125,1.75,0.0,0.5,11.5
NQ,1h,bear (close==low),2019-10-24 00:00:00,12362.0,12364.5,12360.5,12360.5,0.375,16.892857142857142,0.5,12.5,11.5,14.5
NQ,1h,bear (close==low),2019-11-19 16:00:00,12786.5,12787.75,12776.75,12776.75,0.8863636363636364,18.035714285714285,-16.5,-9.25,-30.5,-24.5
NQ,1h,bear (close==low),2019-11-22 00:00:00,12735.5,12742.5,12734.0,12734.0,0.17647058823529413,17.553571428571427,-1.25,-2.25,17.5,7.25
NQ,1h,bear (close==low),2019-11-27 05:00:00,12869.25,12872.75,12866.0,12866.0,0.48148148148148145,8.642857142857142,-6.0,-5.5,-10.75,4.25
NQ,1h,bear (close==low),2019-11-27 08:00:00,12861.0,12866.25,12855.25,12855.25,0.5227272727272727,7.767857142857143,3.0,15.0,23.0,27.75
NQ,1h,bear (close==low),2019-11-28 19:00:00,12891.5,12893.5,12884.75,12884.75,0.7714285714285715,6.625,-14.0,-13.5,-17.5,-23.25
NQ,1h,bear (close==low),2019-12-02 05:00:00,12887.5,12892.75,12883.75,12883.75,0.4166666666666667,10.642857142857142,-14.25,-14.5,-22.75,-156.25
NQ,1h,bear (close==low),2019-12-12 00:00:00,12854.75,12855.25,12853.0,12853.0,0.7777777777777778,11.035714285714286,5.5,4.0,12.75,4.0
NQ,1h,bear (close==low),2019-12-16 02:00:00,12967.5,12972.0,12963.5,12963.5,0.47058823529411764,9.803571428571429,7.0,7.5,3.75,19.5
NQ,1h,bear (close==low),2019-12-30 23:00:00,13164.75,13166.0,13164.0,13164.0,0.375,19.875,0.25,1.0,-8.0,-8.0
NQ,1h,bear (close==low),2020-01-22 13:00:00,13657.5,13664.0,13645.5,13645.5,0.6486486486486487,15.0,0.0,-27.25,-40.25,-36.75
NQ,1h,bear (close==low),2020-01-29 01:00:00,13554.25,13556.75,13546.0,13546.0,0.7674418604651163,21.767857142857142,-1.75,5.25,-1.0,22.0
NQ,1h,bear (close==low),2020-02-04 05:00:00,13650.25,13653.75,13638.25,13638.25,0.7741935483870968,30.303571428571427,7.25,36.0,41.0,64.25
NQ,1h,bear (close==low),2020-03-08 21:00:00,12557.0,12569.5,12510.5,12510.5,0.788135593220339,123.85714285714286,0.0,0.0,0.0,0.0
NQ,1h,bear (close==low),2020-03-11 21:00:00,11552.0,11567.25,11188.75,11188.75,0.9597093791281374,178.51785714285714,36.25,11.5,108.75,50.5
NQ,1h,bear (close==low),2020-03-12 07:00:00,11201.75,11204.0,11172.25,11172.25,0.9291338582677166,157.35714285714286,0.0,-38.0,-17.5,-8.0
NQ,1h,bear (close==low),2020-03-15 18:00:00,11502.0,11502.25,11123.25,11123.25,0.9993403693931399,224.94642857142858,-320.25,-161.25,-48.75,-265.75
NQ,1h,bear (close==low),2020-03-18 01:00:00,10712.25,10715.5,10646.5,10646.5,0.9528985507246377,146.78571428571428,153.5,114.0,116.75,-171.0
NQ,1h,bear (close==low),2020-03-20 08:00:00,11112.0,11155.75,11007.25,11007.25,0.7053872053872053,94.625,-70.75,44.0,-117.75,-168.0
NQ,1h,bear (close==low),2020-03-22 18:00:00,10380.25,10380.25,10211.0,10211.0,1.0,149.30357142857142,55.5,29.0,97.5,104.75
NQ,1h,bear (close==low),2020-05-11 15:00:00,12905.25,12921.25,12869.0,12869.0,0.69377990430622,44.839285714285715,-6.0,7.5,-10.0,-44.25
NQ,1h,bear (close==low),2020-05-28 07:00:00,12987.5,12996.5,12962.25,12962.25,0.7372262773722628,45.892857142857146,-38.0,50.0,111.25,163.5
NQ,1h,bear (close==low),2020-05-29 01:00:00,13035.75,13045.25,13017.75,13017.75,0.6545454545454545,48.089285714285715,-10.75,-24.75,-29.5,5.0
NQ,1h,bear (close==low),2020-06-10 18:00:00,13678.25,13695.5,13635.5,13635.5,0.7125,47.125,-7.0,23.5,34.75,-18.75
NQ,1h,bear (close==low),2020-06-12 07:00:00,13354.25,13374.0,13343.25,13343.25,0.35772357723577236,55.42857142857143,4.75,59.75,-107.5,-81.25
NQ,1h,bear (close==low),2020-07-03 12:00:00,13936.5,13957.25,13930.25,13930.25,0.23148148148148148,19.839285714285715,61.5,67.25,92.25,150.5
NQ,1h,bear (close==low),2020-07-14 01:00:00,14227.75,14241.5,14218.75,14218.75,0.3956043956043956,70.71428571428571,58.75,-18.5,23.0,-0.75
NQ,1h,bear (close==low),2020-07-15 11:00:00,14308.5,14315.25,14177.5,14177.5,0.9509981851179673,47.910714285714285,73.0,72.0,84.0,116.5
NQ,1h,bear (close==low),2020-08-04 19:00:00,14683.25,14687.75,14677.5,14677.5,0.5609756097560976,37.517857142857146,-1.25,-8.75,14.25,19.75
NQ,1h,bear (close==low),2020-08-31 00:00:00,15692.75,15694.75,15686.5,15686.5,0.7575757575757576,34.55357142857143,-21.0,-27.25,-28.5,-43.25
NQ,1h,bear (close==low),2020-09-09 08:00:00,14833.25,14861.5,14798.5,14798.5,0.5515873015873016,64.05357142857143,61.5,175.5,189.0,189.0
NQ,1h,bear (close==low),2020-09-09 15:00:00,15033.0,15079.5,14990.25,14990.25,0.4789915966386555,89.55357142857143,-13.75,50.75,59.0,-22.5
NQ,1h,bear (close==low),2020-10-20 10:00:00,15320.75,15354.25,15253.5,15253.5,0.6674937965260546,45.69642857142857,46.75,76.75,114.0,27.25
NQ,1h,bear (close==low),2020-12-09 01:00:00,16271.5,16276.0,16270.0,16270.0,0.25,19.089285714285715,0.0,-12.5,-5.25,-21.0
NQ,1h,bear (close==low),2020-12-09 13:00:00,16117.25,16125.75,15961.5,15961.5,0.9482496194824962,41.410714285714285,36.75,29.5,15.25,24.5
NQ,1h,bear (close==low),2020-12-28 20:00:00,16484.5,16491.25,16483.0,16483.0,0.18181818181818182,24.357142857142858,6.25,4.5,8.5,25.75
NQ,1h,bear (close==low),2021-01-27 07:00:00,17077.75,17107.25,16982.25,16982.25,0.764,35.0,37.5,-76.0,8.0,-38.25
NQ,1h,bear (close==low),2021-02-03 14:00:00,17113.75,17118.75,17076.0,17076.0,0.8830409356725146,46.57142857142857,-56.0,-34.25,-6.0,-24.0
NQ,1h,bear (close==low),2021-03-09 22:00:00,16370.5,16376.0,16363.75,16363.75,0.5510204081632653,60.357142857142854,33.25,14.25,-0.5,50.25
NQ,1h,bear (close==low),2021-03-10 05:00:00,16425.5,16439.5,16385.25,16385.25,0.7419354838709677,44.982142857142854,-14.75,8.0,121.25,37.25
NQ,1h,bear (close==low),2021-04-02 09:00:00,17008.0,17008.25,16976.25,16976.25,0.9921875,18.214285714285715,-22.25,7.25,-2.0,-23.75
NQ,1h,bear (close==low),2021-04-15 05:00:00,17515.25,17523.0,17505.5,17505.5,0.5571428571428572,28.303571428571427,24.5,41.25,62.25,108.25
NQ,1h,bear (close==low),2021-04-23 16:00:00,17553.5,17558.75,17535.5,17535.5,0.7741935483870968,36.642857142857146,17.25,7.0,25.0,32.5
NQ,1h,bear (close==low),2021-05-28 16:00:00,17325.0,17331.5,17318.5,17318.5,0.5,31.160714285714285,25.75,26.0,20.5,14.0
NQ,1h,bear (close==low),2021-06-09 14:00:00,17495.0,17502.75,17472.75,17472.75,0.7416666666666667,30.339285714285715,-26.0,-29.25,-21.75,-14.0
NQ,1h,bear (close==low),2021-07-14 01:00:00,18502.0,18511.5,18495.75,18495.75,0.3968253968253968,35.732142857142854,9.25,17.0,32.0,61.75
NQ,1h,bear (close==low),2021-09-08 00:31:00,19324.5,19325.0,19319.0,19319.0,0.9166666666666666,22.285714285714285,3.75,-6.5,-45.75,-10.5
NQ,1h,bear (close==low),2021-09-08 16:00:00,19268.25,19268.5,19253.5,19253.5,0.9833333333333333,43.660714285714285,-8.0,-8.75,-18.75,-13.5
NQ,1h,bear (close==low),2021-09-22 23:00:00,18847.75,18852.5,18839.0,18839.0,0.6481481481481481,50.267857142857146,9.75,10.5,33.5,88.5
NQ,1h,bear (close==low),2021-10-20 23:00:00,19011.25,19012.5,18991.75,18991.75,0.9397590361445783,34.69642857142857,-5.0,-15.0,-26.0,5.25
NQ,1h,bear (close==low),2021-10-27 14:00:00,19365.5,19370.25,19337.0,19337.0,0.8571428571428571,43.142857142857146,-94.75,-89.0,-66.75,-61.5
NQ,1h,bear (close==low),2022-01-20 19:00:00,18395.75,18411.5,18348.75,18348.75,0.749003984063745,106.0,25.25,-47.75,-79.0,2.25
NQ,1h,bear (close==low),2022-03-10 05:00:00,17268.25,17296.0,17235.25,17235.25,0.5432098765432098,60.767857142857146,-33.5,-65.75,-63.5,-141.0
NQ,1h,bear (close==low),2022-03-21 20:00:00,17994.25,17998.75,17964.75,17964.75,0.8676470588235294,88.69642857142857,2.5,16.25,13.25,21.25
NQ,1h,bear (close==low),2022-04-01 01:00:00,18565.0,18581.25,18559.75,18559.75,0.2441860465116279,51.785714285714285,37.0,27.25,23.0,39.0
NQ,1h,bear (close==low),2022-04-04 19:00:00,18811.75,18816.25,18805.5,18805.5,0.5813953488372093,49.80357142857143,5.0,2.5,0.5,1.25
NQ,1h,bear (close==low),2022-06-07 22:02:00,16354.25,16364.5,16341.25,16341.25,0.5591397849462365,70.64285714285714,-29.5,-45.5,-24.25,-29.25
NQ,1h,bear (close==low),2022-06-09 00:00:00,16255.5,16259.5,16251.0,16251.0,0.5294117647058824,49.660714285714285,-19.75,4.25,17.75,64.5
NQ,1h,bear (close==low),2022-06-16 18:00:00,14832.25,14853.5,14812.75,14812.75,0.4785276073619632,86.60714285714286,6.25,14.5,55.75,39.75
NQ,1h,bear (close==low),2022-07-11 14:00:00,15610.75,15613.0,15531.25,15531.25,0.9724770642201835,65.42857142857143,-21.5,-5.25,-25.5,-91.5
NQ,1h,bear (close==low),2022-07-22 00:00:00,16174.0,16177.75,16163.25,16163.25,0.7413793103448276,57.214285714285715,-9.25,13.5,17.0,30.0
NQ,1h,bear (close==low),2022-08-01 08:00:00,16591.5,16593.25,16526.75,16526.75,0.9736842105263158,29.785714285714285,89.5,187.75,177.5,31.5
NQ,1h,bear (close==low),2022-08-05 02:00:00,16991.0,16991.75,16968.0,16968.0,0.968421052631579,32.017857142857146,12.5,-17.75,-20.25,-7.5
NQ,1h,bear (close==low),2022-08-22 00:00:00,16832.5,16833.0,16815.5,16815.5,0.9714285714285714,41.55357142857143,-4.0,-22.75,-82.0,-122.25
NQ,1h,bear (close==low),2022-09-07 19:00:00,15904.25,15913.5,15890.0,15890.0,0.6063829787234043,55.92857142857143,22.75,19.75,3.25,26.25
NQ,1h,bear (close==low),2022-10-05 16:00:00,15194.5,15222.75,15186.0,15186.0,0.23129251700680273,73.53571428571429,22.75,71.0,78.75,62.75
NQ,1h,bear (close==low),2022-11-14 18:00:00,15326.5,15342.0,15324.75,15324.75,0.10144927536231885,61.285714285714285,-1.75,21.25,37.75,38.0
NQ,1h,bear (close==low),2022-11-24 12:00:00,15481.75,15483.0,15468.75,15468.75,0.9122807017543859,17.892857142857142,6.75,1.25,-2.0,-0.5
NQ,1h,bear (close==low),2022-11-25 02:00:00,15466.25,15476.0,15456.5,15456.5,0.5,14.928571428571429,-15.75,-41.5,-36.25,-62.75
NQ,1h,bear (close==low),2022-12-06 19:00:00,15136.75,15142.5,15128.5,15128.5,0.5892857142857143,53.57142857142857,18.0,17.75,21.5,2.75
NQ,1h,bear (close==low),2022-12-07 16:00:00,15067.5,15071.5,15053.75,15053.75,0.7746478873239436,66.05357142857143,11.0,-17.0,-39.5,-6.75
NQ,1h,bear (close==low),2022-12-08 18:00:00,15199.0,15213.75,15194.25,15194.25,0.24358974358974358,52.19642857142857,-7.0,24.0,31.25,42.0
NQ,1h,bear (close==low),2022-12-23 16:00:00,14523.75,14525.75,14510.75,14510.75,0.8666666666666667,72.91071428571429,90.0,81.75,113.0,95.0
NQ,1h,bear (close==low),2022-12-27 03:00:00,14603.5,14620.75,14597.25,14597.25,0.26595744680851063,30.357142857142858,-9.75,-15.75,-20.25,-98.25
NQ,1h,bear (close==low),2023-01-05 01:00:00,14426.5,14436.75,14395.5,14395.5,0.7515151515151515,56.07142857142857,0.25,10.5,32.25,72.75
NQ,1h,bear (close==low),2023-01-12 01:00:00,14926.0,14930.0,14912.5,14912.5,0.7714285714285715,27.785714285714285,-4.0,2.25,14.5,-4.5
NQ,1h,bear (close==low),2023-01-19 03:00:00,14889.0,14930.5,14883.25,14883.25,0.12169312169312169,29.589285714285715,-14.25,-27.25,-55.5,-51.75
NQ,1h,bear (close==low),2023-04-04 21:00:00,16546.0,16554.5,16536.75,16536.75,0.5211267605633803,39.607142857142854,12.5,2.75,-4.5,4.5
NQ,1h,bear (close==low),2023-04-20 07:00:00,16378.0,16385.0,16360.75,16360.75,0.711340206185567,27.803571428571427,21.5,68.5,82.25,127.25
NQ,1h,bear (close==low),2023-04-28 07:00:00,16504.5,16521.5,16499.5,16499.5,0.22727272727272727,26.696428571428573,23.25,23.0,23.25,98.75
NQ,1h,bear (close==low),2023-05-18 23:00:00,17253.75,17256.25,17242.5,17242.5,0.8181818181818182,50.892857142857146,-4.0,-16.5,-26.0,-1.75
NQ,1h,bear (close==low),2023-05-30 06:00:00,17810.5,17820.75,17796.0,17796.0,0.5858585858585859,23.589285714285715,48.75,43.5,-39.5,-25.25
NQ,1h,bear (close==low),2023-06-05 16:00:00,17900.75,17907.5,17895.75,17895.75,0.425531914893617,48.857142857142854,-17.25,-16.25,-7.75,9.0
NQ,1h,bear (close==low),2023-06-26 20:00:00,18029.0,18031.75,18012.25,18012.25,0.8589743589743589,61.42857142857143,9.75,9.75,-0.25,28.75
NQ,1h,bear (close==low),2023-07-11 06:00:00,18357.75,18357.75,18339.0,18339.0,1.0,22.071428571428573,25.75,26.5,-36.5,33.0
NQ,1h,bear (close==low),2023-07-19 00:00:00,19099.5,19099.75,19093.25,19093.25,0.9615384615384616,35.625,6.25,27.0,15.75,45.75
NQ,1h,bear (close==low),2023-08-10 00:00:00,18376.25,18385.5,18369.25,18369.25,0.4307692307692308,48.42857142857143,9.5,11.0,45.75,48.25
NQ,1h,bear (close==low),2023-09-05 20:00:00,18661.25,18672.75,18660.25,18660.25,0.08,42.44642857142857,-24.75,-5.0,-16.75,-4.25
NQ,1h,bear (close==low),2023-09-05 21:16:00,18657.75,18657.75,18635.5,18635.5,1.0,42.19642857142857,19.75,8.0,11.25,-8.25
NQ,1h,bear (close==low),2023-09-06 02:00:00,18655.0,18655.0,18627.25,18627.25,1.0,25.428571428571427,-22.25,-10.75,-7.25,3.5
NQ,1h,bear (close==low),2023-09-07 11:00:00,18376.25,18408.75,18338.0,18338.0,0.5406360424028268,48.125,40.25,79.25,88.75,85.75
NQ,1h,bear (close==low),2023-09-08 10:00:00,18471.5,18529.25,18436.25,18436.25,0.3790322580645161,43.660714285714285,43.5,31.25,28.75,0.25
NQ,1h,bear (close==low),2023-09-15 16:00:00,18333.75,18344.25,18325.75,18325.75,0.43243243243243246,53.75,22.5,30.0,33.25,23.25
NQ,1h,bear (close==low),2023-09-19 14:00:00,18316.0,18350.75,18290.75,18290.75,0.42083333333333334,42.32142857142857,27.25,35.0,32.25,18.5
NQ,1h,bear (close==low),2023-10-03 06:00:00,17923.0,17952.5,17909.25,17909.25,0.3179190751445087,29.053571428571427,-67.25,-113.25,-16.5,-237.75
NQ,1h,bear (close==low),2023-10-05 04:00:00,17827.5,17860.0,17812.25,17812.25,0.3193717277486911,34.0,3.5,45.25,75.0,-32.75
NQ,1h,bear (close==low),2023-11-02 23:00:00,17906.5,17909.0,17900.0,17900.0,0.7222222222222222,38.910714285714285,-0.5,8.25,-3.25,-13.5
NQ,1h,bear (close==low),2023-11-08 21:00:00,18311.5,18317.0,18308.0,18308.0,0.3888888888888889,32.785714285714285,-1.25,7.0,3.5,14.5
NQ,1h,bear (close==low),2023-11-14 13:00:00,18819.0,18830.75,18794.25,18794.25,0.678082191780822,50.375,38.0,28.25,41.5,54.25
NQ,1h,bear (close==low),2023-12-01 05:00:00,18926.25,18929.75,18909.25,18909.25,0.8292682926829268,25.214285714285715,-4.25,-41.75,-36.0,-50.75
NQ,1h,bear (close==low),2023-12-05 21:01:00,18916.75,18923.25,18908.0,18908.0,0.5737704918032787,51.535714285714285,10.25,11.75,8.0,6.25
NQ,1h,bear (close==low),2024-02-06 22:00:00,20426.0,20428.5,20400.25,20400.25,0.911504424778761,50.339285714285715,-2.0,2.5,-12.75,-5.25
NQ,1h,bear (close==low),2024-03-06 18:00:00,20780.25,20786.25,20757.5,20757.5,0.7913043478260869,62.785714285714285,-22.75,-58.75,-70.75,-45.0
NQ,1h,bear (close==low),2024-03-25 22:00:00,21034.75,21039.25,21026.5,21026.5,0.6470588235294118,33.5,-11.5,0.0,12.75,35.75
NQ,1h,bear (close==low),2024-04-14 22:00:00,20714.0,20725.0,20712.0,20712.0,0.15384615384615385,72.58928571428571,10.5,28.5,37.25,59.75
NQ,1h,bear (close==low),2024-04-30 04:00:00,20389.75,20396.25,20362.0,20362.0,0.8102189781021898,30.017857142857142,3.25,21.25,5.0,1.5
NQ,1h,bear (close==low),2024-05-23 12:00:00,21407.25,21425.25,21335.0,21335.0,0.8005540166204986,53.017857142857146,-126.75,-209.25,-147.0,-149.75
NQ,1h,bear (close==low),2024-05-30 22:00:00,21047.0,21053.5,21018.5,21018.5,0.8142857142857143,58.839285714285715,35.0,27.25,10.75,-2.75
NQ,1h,bear (close==low),2024-06-04 00:00:00,21145.75,21150.25,21138.0,21138.0,0.6326530612244898,60.107142857142854,0.0,-46.25,-28.25,-103.25
NQ,1h,bear (close==low),2024-07-23 19:00:00,22048.0,22048.5,22023.25,22023.25,0.9801980198019802,82.89285714285714,34.75,23.0,26.25,-62.75
NQ,1h,bear (close==low),2024-08-15 06:00:00,21397.75,21405.5,21343.0,21343.0,0.876,44.17857142857143,52.25,223.25,348.75,413.75
NQ,1h,bear (close==low),2024-09-13 01:00:00,21680.75,21719.5,21675.75,21675.75,0.11428571428571428,59.80357142857143,-5.0,-9.5,8.0,24.75
NQ,1h,bear (close==low),2024-12-02 12:00:00,23225.5,23255.75,23214.0,23214.0,0.2754491017964072,41.55357142857143,-5.25,1.5,-1.0,-4.0
NQ,1h,bear (close==low),2025-03-25 03:00:00,21856.75,21878.5,21844.75,21844.75,0.35555555555555557,28.5,-34.5,5.25,36.25,68.75
NQ,1h,bear (close==low),2025-03-26 05:00:00,21960.0,21974.5,21939.25,21939.25,0.5886524822695035,32.05357142857143,40.75,49.75,47.75,-137.25
NQ,1h,bear (close==low),2025-04-23 07:00:00,20425.5,20451.5,20366.25,20366.25,0.6950146627565983,95.53571428571429,106.5,215.0,202.0,57.0
NQ,1h,bear (close==low),2025-07-15 14:00:00,24427.0,24437.0,24351.5,24351.5,0.8830409356725146,61.30357142857143,-37.75,-76.75,-85.5,-95.0
NQ,1h,bear (close==low),2025-08-05 19:00:00,24341.5,24354.5,24310.0,24310.0,0.7078651685393258,83.07142857142857,19.5,83.5,102.25,109.75
NQ,1h,bear (close==low),2025-09-10 19:00:00,25149.75,25164.5,25148.25,25148.25,0.09230769230769231,55.982142857142854,7.25,15.0,7.75,-16.25
NQ,1h,bear (close==low),2025-09-11 00:16:00,25160.5,25160.5,25132.0,25132.0,1.0,42.160714285714285,14.0,38.0,53.5,42.5
NQ,1h,bear (close==low),2025-09-11 20:00:00,25270.5,25274.5,25259.5,25259.5,0.7333333333333333,42.69642857142857,-3.25,-3.0,0.75,26.25
NQ,1h,bear (close==low),2025-10-03 01:00:00,26194.25,26212.5,26191.5,26191.5,0.13095238095238096,34.857142857142854,12.0,10.75,12.0,-9.25
NQ,1h,bear (close==low),2025-11-27 06:00:00,26336.75,26345.75,26325.75,26325.75,0.55,25.696428571428573,-8.0,-4.5,-8.5,-8.75
NQ,1h,bear (close==low),2025-12-01 12:00:00,26455.25,26516.25,26411.75,26411.75,0.41626794258373206,80.82142857142857,95.25,-17.5,10.75,7.5
NQ,1h,bear (close==low),2025-12-09 18:00:00,26701.0,26701.0,26686.0,26686.0,1.0,50.82142857142857,-17.0,-16.75,1.25,22.5
NQ,1h,bear (close==low),2025-12-09 19:07:00,26701.75,26706.5,26669.0,26669.0,0.8733333333333333,50.214285714285715,0.25,18.25,20.75,28.0
NQ,1h,bear (close==low),2026-02-16 08:00:00,25630.75,25636.75,25605.25,25605.25,0.8095238095238095,38.55357142857143,-76.25,-152.0,-115.5,-26.5
NQ,1h,bear (close==low),2026-03-11 16:00:00,25754.25,25758.5,25706.5,25706.5,0.9182692307692307,118.28571428571429,-93.75,-156.75,-157.5,-212.25
NQ,1h,bear (close==low),2026-03-12 14:00:00,25397.75,25436.25,25362.0,25362.0,0.48148148148148145,101.5,-36.75,-31.75,-11.25,28.75
NQ,1h,bear (close==low),2026-03-13 16:00:00,25159.5,25163.5,25095.75,25095.75,0.940959409594096,119.0,133.0,106.0,174.25,156.0
NQ,1h,bear (close==low),2026-05-19 07:00:00,29475.0,29502.5,29405.5,29405.5,0.7164948453608248,106.19642857142857,59.0,85.0,-49.75,168.0
NQ,1h,bear (close==low),2026-06-11 12:00:00,29140.75,29252.25,29049.0,29049.0,0.45141451414514144,172.48214285714286,451.0,491.0,702.75,797.0
NQ,1h,bear (close==low),2026-06-22 05:00:00,30730.75,30758.0,30699.0,30699.0,0.538135593220339,99.10714285714286,21.0,58.75,101.5,-60.0
NQ,4h,bull (close==high),2017-05-08 10:00:00,10368.0,10381.0,10363.25,10381.0,0.7323943661971831,16.017857142857142,3.0,0.5,1.5,25.5
NQ,4h,bull (close==high),2017-05-09 06:00:00,10387.25,10406.5,10384.5,10406.5,0.875,13.25,-5.25,2.75,-5.75,-6.25
NQ,4h,bull (close==high),2017-05-12 10:00:00,10404.25,10415.75,10399.5,10415.75,0.7076923076923077,14.285714285714286,2.5,7.0,5.75,11.0
NQ,4h,bull (close==high),2017-07-30 22:00:00,10624.75,10630.5,10621.25,10630.5,0.6216216216216216,33.875,11.25,-5.5,-28.5,-2.0
NQ,4h,bull (close==high),2017-09-11 09:32:00,10667.75,10686.5,10667.75,10686.5,1.0,25.321428571428573,-5.5,0.25,-3.0,7.5
NQ,4h,bull (close==high),2017-09-11 15:04:00,10676.0,10686.75,10676.0,10686.75,1.0,26.25,-3.25,8.75,7.25,8.0
NQ,4h,bull (close==high),2017-09-12 14:31:00,10686.5,10705.0,10670.75,10705.0,0.5401459854014599,28.125,-10.25,-6.5,0.0,-26.25
NQ,4h,bull (close==high),2017-09-13 08:36:00,10684.5,10694.75,10677.75,10694.75,0.6029411764705882,29.196428571428573,3.75,10.25,2.75,-19.25
NQ,4h,bull (close==high),2017-09-13 14:05:00,10695.5,10705.0,10694.0,10705.0,0.8636363636363636,22.428571428571427,-7.5,-26.25,-29.5,-48.0
NQ,4h,bull (close==high),2017-09-14 03:00:00,10687.5,10697.5,10687.5,10697.5,1.0,21.5,-18.75,-22.0,-33.5,-29.0
NQ,4h,bull (close==high),2017-09-14 18:06:00,10653.5,10657.0,10644.5,10657.0,0.28,19.714285714285715,11.5,10.5,28.0,42.5
NQ,4h,bull (close==high),2017-09-14 22:48:00,10657.5,10668.5,10657.5,10668.5,1.0,18.767857142857142,-1.0,16.5,25.0,39.5
NQ,4h,bull (close==high),2017-09-15 06:58:00,10657.5,10667.5,10657.5,10667.5,1.0,18.785714285714285,17.5,26.0,32.0,36.0
NQ,4h,bull (close==high),2017-09-15 14:00:00,10687.75,10693.5,10684.0,10693.5,0.6052631578947368,21.0,6.0,14.5,10.0,11.25
NQ,4h,bull (close==high),2017-09-17 20:46:00,10698.0,10699.5,10698.0,10699.5,1.0,20.0,8.5,4.0,9.5,-15.0
NQ,4h,bull (close==high),2017-09-17 22:56:00,10703.5,10708.0,10703.5,10708.0,1.0,18.160714285714285,-4.5,1.0,-3.25,-20.5
NQ,4h,bull (close==high),2017-09-19 02:20:00,10676.75,10688.0,10676.75,10688.0,1.0,14.75,-9.0,4.0,4.75,2.75
NQ,4h,bull (close==high),2017-09-20 03:11:00,10690.25,10693.75,10690.25,10693.75,1.0,12.303571428571429,-10.25,-19.5,-19.75,-24.75
NQ,4h,bull (close==high),2017-09-21 22:24:00,10611.75,10617.75,10610.25,10617.75,0.8,19.607142857142858,14.0,10.25,7.75,20.75
NQ,4h,bull (close==high),2017-09-22 02:30:00,10621.25,10631.75,10621.0,10631.75,0.9767441860465116,20.142857142857142,-3.75,-6.25,0.0,0.0
NQ,4h,bull (close==high),2017-09-25 03:06:00,10625.75,10628.25,10620.75,10628.25,0.3333333333333333,19.267857142857142,-37.75,-67.75,-51.5,-57.75
NQ,4h,bull (close==high),2017-09-25 14:08:00,10557.75,10576.75,10541.0,10576.75,0.5314685314685315,26.107142857142858,-11.5,-6.25,5.75,24.25
NQ,4h,bull (close==high),2017-09-26 02:02:00,10570.75,10582.5,10570.75,10582.5,1.0,21.839285714285715,13.5,18.5,6.25,15.5
NQ,4h,bull (close==high),2017-09-26 20:09:00,10586.0,10590.0,10584.0,10590.0,0.6666666666666666,24.107142857142858,8.0,13.0,33.5,46.5
NQ,4h,bull (close==high),2017-09-26 22:01:00,10594.0,10598.0,10594.0,10598.0,1.0,23.696428571428573,5.0,25.5,31.0,39.0
NQ,4h,bull (close==high),2017-09-27 18:01:00,10630.25,10637.0,10630.25,10637.0,1.0,20.75,2.75,-10.25,-0.5,-0.25
NQ,4h,bull (close==high),2017-09-27 23:03:00,10638.0,10639.75,10637.75,10639.75,0.875,18.392857142857142,-13.0,-3.25,-2.0,-2.0
NQ,4h,bull (close==high),2017-09-28 14:02:00,10634.0,10637.75,10621.0,10637.75,0.22388059701492538,20.767857142857142,-1.0,0.0,4.5,39.25
NQ,4h,bull (close==high),2017-09-28 18:00:00,10636.5,10636.75,10632.0,10636.75,0.05263157894736842,19.125,1.0,5.5,2.5,39.75
NQ,4h,bull (close==high),2017-10-02 20:20:00,10679.5,10688.5,10679.5,10688.5,1.0,15.875,3.25,-0.75,8.5,8.5
NQ,4h,bull (close==high),2017-10-04 14:16:00,10694.0,10705.75,10693.5,10705.75,0.9591836734693877,15.303571428571429,-1.25,17.75,45.5,59.25
NQ,4h,bull (close==high),2017-10-05 02:02:00,10703.5,10704.5,10703.5,10704.5,1.0,14.839285714285714,19.0,46.75,58.25,60.25
NQ,4h,bull (close==high),2017-10-05 10:03:00,10726.0,10751.25,10717.5,10751.25,0.7481481481481481,15.214285714285714,11.5,13.75,13.5,4.25
NQ,4h,bull (close==high),2017-10-05 19:46:00,10764.0,10765.0,10764.0,10765.0,1.0,15.392857142857142,-0.25,-1.5,-9.5,0.5
NQ,4h,bull (close==high),2017-10-08 18:10:00,10769.25,10774.25,10766.5,10774.25,0.6451612903225806,16.910714285714285,0.75,1.25,3.25,-12.25
NQ,4h,bull (close==high),2017-10-09 23:30:00,10768.25,10769.0,10768.25,10769.0,1.0,12.267857142857142,-0.25,5.5,-12.0,0.0
NQ,4h,bull (close==high),2017-10-12 19:51:00,10771.0,10774.75,10771.0,10774.75,1.0,10.678571428571429,2.25,1.75,20.75,24.75
NQ,4h,bull (close==high),2017-10-13 14:22:00,10797.25,10799.5,10792.5,10799.5,0.32142857142857145,10.714285714285714,10.0,10.25,9.25,10.0
NQ,4h,bull (close==high),2017-10-15 18:04:00,10804.5,10809.5,10803.75,10809.5,0.8695652173913043,10.5,0.25,-0.75,8.0,11.5
NQ,4h,bull (close==high),2017-10-16 02:01:00,10808.5,10808.75,10804.0,10808.75,0.05263157894736842,9.875,8.75,0.75,12.25,9.75
NQ,4h,bull (close==high),2017-10-16 06:04:00,10806.5,10817.5,10804.0,10817.5,0.8148148148148148,10.482142857142858,-8.0,3.5,0.0,-8.5
NQ,4h,bull (close==high),2017-10-16 14:03:00,10807.75,10821.0,10807.75,10821.0,1.0,11.535714285714286,-3.5,-2.5,-12.0,1.5
NQ,4h,bull (close==high),2017-10-19 18:22:00,10792.75,10823.0,10792.5,10823.0,0.9918032786885246,19.571428571428573,-9.25,-12.25,-5.25,-11.25
NQ,4h,bull (close==high),2017-10-23 18:11:00,10766.75,10774.25,10766.75,10774.25,1.0,17.053571428571427,-0.75,-10.5,-13.5,0.25
NQ,4h,bull (close==high),2017-10-27 06:04:00,10816.25,10857.5,10813.75,10857.5,0.9428571428571428,24.125,61.25,58.0,61.0,57.75
NQ,4h,bull (close==high),2017-10-30 18:33:00,10921.0,10931.5,10920.75,10931.5,0.9767441860465116,25.285714285714285,0.0,9.5,1.5,21.5
NQ,4h,bull (close==high),2017-10-31 02:42:00,10931.75,10941.0,10931.75,10941.0,1.0,21.035714285714285,-8.0,8.5,12.0,28.5
NQ,4h,bull (close==high),2017-10-31 23:05:00,10966.75,10969.5,10966.0,10969.5,0.7857142857142857,15.357142857142858,9.25,-8.0,-30.5,-55.25
NQ,4h,bull (close==high),2017-11-03 04:04:00,10951.0,10957.5,10947.5,10957.5,0.65,21.660714285714285,-12.75,28.5,31.0,24.75
NQ,4h,bull (close==high),2017-11-06 06:01:00,10987.5,11008.75,10986.25,11008.75,0.9444444444444444,23.142857142857142,5.25,6.75,10.5,1.25
NQ,4h,bull (close==high),2017-11-07 18:08:00,11007.75,11015.25,11003.75,11015.25,0.6521739130434783,16.928571428571427,0.75,3.25,-0.5,27.0
NQ,4h,bull (close==high),2017-11-08 10:01:00,11017.75,11042.0,11016.75,11042.0,0.9603960396039604,15.928571428571429,0.25,10.25,-6.0,-53.5
NQ,4h,bull (close==high),2017-11-16 06:18:00,10993.5,11014.5,10993.0,11014.5,0.9767441860465116,22.660714285714285,41.75,33.0,29.0,30.0
NQ,4h,bull (close==high),2017-11-20 02:00:00,11001.75,11015.25,11000.5,11015.25,0.9152542372881356,17.660714285714285,11.25,5.5,6.0,7.25
NQ,4h,bull (close==high),2017-11-20 14:00:00,11020.75,11021.25,11013.0,11021.25,0.06060606060606061,17.696428571428573,3.25,1.25,16.25,63.25
NQ,4h,bull (close==high),2017-11-21 18:07:00,11084.0,11091.0,11082.5,11091.0,0.8235294117647058,16.303571428571427,-3.25,-10.5,-4.5,1.75
NQ,4h,bull (close==high),2017-11-23 02:00:00,11090.25,11100.5,11084.25,11100.5,0.6307692307692307,12.178571428571429,-7.25,-12.5,-9.5,-1.25
NQ,4h,bull (close==high),2017-11-23 18:33:00,11086.25,11091.0,11084.5,11091.0,0.7307692307692307,9.071428571428571,5.5,8.25,13.75,16.25
NQ,4h,bull (close==high),2017-11-27 22:05:00,11108.25,11108.75,11102.5,11108.75,0.08,12.214285714285714,10.75,7.0,-5.25,11.0
NQ,4h,bull (close==high),2017-12-10 18:00:00,11051.0,11058.5,11048.5,11058.5,0.75,23.178571428571427,1.5,-4.25,10.75,51.75
NQ,4h,bull (close==high),2018-02-28 06:00:00,11609.0,11645.5,11602.0,11645.5,0.8390804597701149,35.32142857142857,4.0,-78.5,-97.0,-97.0
NQ,4h,bull (close==high),2018-03-08 06:47:00,11639.75,11662.5,11639.75,11662.5,1.0,47.375,-22.0,4.25,50.25,126.25
NQ,4h,bull (close==high),2018-03-08 14:31:00,11639.25,11666.75,11639.25,11666.75,1.0,37.17857142857143,46.0,81.0,122.0,151.0
NQ,4h,bull (close==high),2018-03-09 07:18:00,11668.5,11712.75,11668.5,11712.75,1.0,39.32142857142857,35.0,76.0,125.0,130.0
NQ,4h,bull (close==high),2018-03-09 14:35:00,11762.75,11788.75,11762.75,11788.75,1.0,42.69642857142857,49.0,29.0,54.0,84.5
NQ,4h,bull (close==high),2018-03-11 23:33:00,11833.0,11837.75,11833.0,11837.75,1.0,43.642857142857146,-20.0,5.0,-4.25,-50.0
NQ,4h,bull (close==high),2018-03-12 10:24:00,11834.75,11842.75,11817.75,11842.75,0.32,39.910714285714285,-9.25,30.5,-55.0,-112.0
NQ,4h,bull (close==high),2018-03-13 08:31:00,11854.75,11873.25,11852.75,11873.25,0.9024390243902439,36.410714285714285,-85.5,-118.5,-142.5,-105.25
NQ,4h,bull (close==high),2018-03-14 00:39:00,11727.75,11730.75,11727.75,11730.75,1.0,41.660714285714285,30.5,37.25,-0.5,3.0
NQ,4h,bull (close==high),2018-03-14 22:15:00,11717.0,11733.75,11717.0,11733.75,1.0,44.0,-2.5,-15.0,7.5,19.25
NQ,4h,bull (close==high),2018-03-15 14:00:00,11707.75,11741.25,11707.75,11741.25,1.0,43.482142857142854,-0.5,11.75,-32.0,-59.75
NQ,4h,bull (close==high),2018-03-16 03:26:00,11733.75,11740.75,11730.25,11740.75,0.6666666666666666,42.482142857142854,12.25,-31.5,-25.0,-79.5
NQ,4h,bull (close==high),2018-03-16 07:04:00,11742.75,11753.0,11734.25,11753.0,0.5466666666666666,42.910714285714285,-43.75,-37.25,-71.5,-120.0
NQ,4h,bull (close==high),2018-03-19 14:03:00,11535.75,11587.25,11496.75,11587.25,0.569060773480663,42.25,-19.5,-17.5,-38.25,-33.0
NQ,4h,bull (close==high),2018-03-19 22:33:00,11562.0,11569.75,11560.75,11569.75,0.8611111111111112,41.232142857142854,-20.75,8.0,-15.5,20.0
NQ,4h,bull (close==high),2018-03-25 18:00:00,11201.75,11266.75,11192.25,11266.75,0.87248322147651,79.01785714285714,15.0,68.0,72.0,175.5
NQ,4h,bull (close==high),2018-03-26 02:16:00,11284.0,11334.75,11283.75,11334.75,0.9950980392156863,74.98214285714286,4.0,-10.0,107.5,137.5
NQ,4h,bull (close==high),2018-03-26 18:02:00,11452.25,11488.25,11443.75,11488.25,0.8089887640449438,78.55357142857143,-16.0,23.0,-16.0,-266.5
NQ,4h,bull (close==high),2018-03-27 18:14:00,11207.75,11251.25,11206.25,11251.25,0.9666666666666667,81.69642857142857,-73.5,-61.5,-56.5,-99.5
NQ,4h,bull (close==high),2018-03-28 23:45:00,11149.25,11165.25,11149.25,11165.25,1.0,78.01785714285714,30.5,-43.5,112.25,71.5
NQ,4h,bull (close==high),2018-03-29 02:17:00,11173.75,11195.75,11172.75,11195.75,0.9565217391304348,76.91071428571429,-74.0,81.75,42.5,33.0
NQ,4h,bull (close==high),2018-04-02 14:00:00,11018.25,11081.75,10996.5,11081.75,0.7448680351906158,71.08928571428571,17.0,-6.5,5.5,11.75
NQ,4h,bull (close==high),2018-04-02 18:01:00,11081.25,11098.75,11069.25,11098.75,0.5932203389830508,62.482142857142854,-23.5,-11.5,-21.0,39.0
NQ,4h,bull (close==high),2018-04-04 18:20:00,11241.75,11278.75,11241.75,11278.75,1.0,72.55357142857143,10.0,11.25,5.5,-13.5
NQ,4h,bull (close==high),2018-04-06 02:01:00,11188.25,11221.5,11188.25,11221.5,1.0,66.28571428571429,31.75,-86.75,-103.75,-43.75
NQ,4h,bull (close==high),2018-04-09 02:52:00,11176.25,11190.25,11162.75,11190.25,0.509090909090909,56.285714285714285,14.5,73.5,-28.0,72.75
NQ,4h,bull (close==high),2018-04-09 06:13:00,11176.75,11204.75,11148.75,11204.75,0.5,59.035714285714285,59.0,-42.5,13.0,57.5
NQ,4h,bull (close==high),2018-04-09 18:05:00,11153.25,11217.75,11143.25,11217.75,0.8657718120805369,67.51785714285714,45.25,44.5,1.25,70.25
NQ,4h,bull (close==high),2018-04-10 22:45:00,11260.75,11263.25,11259.75,11263.25,0.7142857142857143,56.517857142857146,-2.5,18.5,34.5,18.5
NQ,4h,bull (close==high),2018-04-11 06:13:00,11251.25,11281.75,11215.75,11281.75,0.4621212121212121,56.839285714285715,16.0,-25.5,0.0,-15.75
NQ,4h,bull (close==high),2018-04-12 06:19:00,11280.75,11338.25,11280.75,11338.25,1.0,43.214285714285715,-20.75,1.5,-23.5,-4.5
NQ,4h,bull (close==high),2018-04-12 23:28:00,11312.75,11323.75,11312.75,11323.75,1.0,36.125,10.0,19.0,11.25,8.5
NQ,4h,bull (close==high),2018-04-13 02:03:00,11324.75,11333.75,11317.75,11333.75,0.5625,34.375,9.0,1.25,-29.0,-9.25
NQ,4h,bull (close==high),2018-04-16 22:57:00,11383.75,11397.75,11383.75,11397.75,1.0,39.035714285714285,0.75,31.0,91.5,110.0
NQ,4h,bull (close==high),2018-04-19 18:16:00,11443.75,11447.75,11428.25,11447.75,0.20512820512820512,30.446428571428573,-8.0,-24.75,-55.5,-107.25
NQ,4h,bull (close==high),2018-04-23 22:04:00,11337.75,11341.75,11334.75,11341.75,0.5714285714285714,38.67857142857143,26.5,-13.75,-177.5,-166.0
NQ,4h,bull (close==high),2018-04-26 02:05:00,11235.75,11251.25,11226.75,11251.25,0.6326530612244898,57.0,21.25,71.5,153.5,161.0
NQ,4h,bull (close==high),2018-04-26 22:06:00,11397.75,11412.25,11397.75,11412.25,1.0,47.57142857142857,-9.5,-69.5,-97.5,-55.0
NQ,4h,bull (close==high),2018-04-29 22:37:00,11358.25,11364.0,11358.25,11364.0,1.0,39.82142857142857,7.75,-6.25,-71.25,-87.0
NQ,4h,bull (close==high),2018-04-30 02:14:00,11365.75,11371.75,11360.75,11371.75,0.5454545454545454,37.25,-14.0,-79.0,-108.5,-88.5
NQ,4h,bull (close==high),2018-04-30 22:59:00,11278.25,11283.25,11278.25,11283.25,1.0,36.107142857142854,-24.5,-5.25,12.0,83.5
NQ,4h,bull (close==high),2018-05-01 06:11:00,11263.25,11278.0,11240.75,11278.0,0.3959731543624161,38.160714285714285,17.25,97.75,88.75,110.25
NQ,4h,bull (close==high),2018-05-01 10:00:00,11273.25,11295.25,11250.75,11295.25,0.4943820224719101,39.982142857142854,80.5,71.5,73.25,63.75
NQ,4h,bull (close==high),2018-05-02 02:37:00,11375.25,11388.25,11374.0,11388.25,0.9122807017543859,36.660714285714285,-29.25,-45.0,-99.5,-90.75
NQ,4h,bull (close==high),2018-05-02 22:01:00,11293.75,11297.5,11293.75,11297.5,1.0,38.0,12.25,-6.25,11.75,4.75
NQ,4h,bull (close==high),2018-05-03 02:14:00,11297.25,11309.75,11297.25,11309.75,1.0,37.392857142857146,-18.5,-0.5,16.25,19.0
NQ,4h,bull (close==high),2018-05-03 22:23:00,11308.75,11328.75,11297.75,11328.75,0.6451612903225806,41.67857142857143,-15.25,-9.0,101.5,139.0
NQ,4h,bull (close==high),2018-05-04 10:00:00,11313.25,11430.25,11312.75,11430.25,0.9957446808510638,50.57142857142857,11.5,37.5,52.5,69.5
NQ,4h,bull (close==high),2018-05-06 18:04:00,11452.75,11467.75,11448.75,11467.75,0.7894736842105263,45.767857142857146,15.0,11.5,32.0,21.0
NQ,4h,bull (close==high),2018-05-08 00:00:00,11490.75,11496.75,11490.75,11496.75,1.0,34.232142857142854,-23.75,-46.5,-26.5,-16.5
NQ,4h,bull (close==high),2018-05-08 14:02:00,11467.25,11486.5,11432.25,11486.5,0.3548387096774194,37.035714285714285,-6.25,-0.75,21.25,68.25
NQ,4h,bull (close==high),2018-05-09 00:16:00,11483.75,11485.75,11483.75,11485.75,1.0,27.660714285714285,22.0,6.5,69.0,83.0
NQ,4h,bull (close==high),2018-05-09 19:20:00,11557.75,11568.75,11553.75,11568.75,0.7333333333333333,29.785714285714285,10.0,-4.5,21.0,45.0
NQ,4h,bull (close==high),2018-05-11 14:03:00,11603.75,11625.25,11592.25,11625.25,0.6515151515151515,28.410714285714285,22.5,27.5,25.0,14.5
NQ,4h,bull (close==high),2018-05-14 02:12:00,11647.5,11650.25,11635.75,11650.25,0.1896551724137931,24.0,6.5,-10.5,-17.5,-32.5
NQ,4h,bull (close==high),2018-05-15 02:07:00,11612.75,11623.75,11609.75,11623.75,0.7857142857142857,22.732142857142858,-97.0,-106.0,-70.75,-67.0
NQ,4h,bull (close==high),2018-05-16 06:07:00,11554.25,11586.0,11551.25,11586.0,0.9136690647482014,30.125,20.75,14.5,10.25,-9.75
NQ,4h,bull (close==high),2018-05-21 14:00:00,11575.25,11579.75,11546.25,11579.75,0.13432835820895522,37.035714285714285,-5.5,2.25,23.0,3.5
NQ,4h,bull (close==high),2018-05-21 22:29:00,11574.75,11582.0,11574.75,11582.0,1.0,30.071428571428573,20.75,17.25,1.25,-41.0
NQ,4h,bull (close==high),2018-05-22 02:09:00,11578.25,11602.75,11578.25,11602.75,1.0,30.035714285714285,-3.5,-19.5,-30.75,-61.25
NQ,4h,bull (close==high),2018-05-27 22:12:00,11659.25,11664.25,11657.25,11664.25,0.7142857142857143,31.410714285714285,-19.75,-20.25,-9.5,-36.5
NQ,4h,bull (close==high),2018-05-29 06:02:00,11595.0,11625.75,11568.75,11625.75,0.5394736842105263,26.714285714285715,-39.0,-16.75,-21.0,1.0
NQ,4h,bull (close==high),2018-05-29 14:00:00,11580.75,11609.0,11556.25,11609.0,0.5355450236966824,34.107142857142854,-4.25,-1.25,17.75,33.5
NQ,4h,bull (close==high),2018-05-29 22:02:00,11595.25,11607.75,11582.0,11607.75,0.4854368932038835,31.892857142857142,19.0,2.0,34.75,31.5
NQ,4h,bull (close==high),2018-06-03 18:00:00,11744.0,11766.25,11734.75,11766.25,0.7063492063492064,27.196428571428573,3.75,10.5,19.25,44.5
NQ,4h,bull (close==high),2018-06-04 22:43:00,11804.0,11809.0,11804.0,11809.0,1.0,24.357142857142858,27.75,25.75,17.0,41.75
NQ,4h,bull (close==high),2018-06-05 02:01:00,11808.0,11836.75,11799.5,11836.75,0.7718120805369127,26.053571428571427,-2.0,-10.75,11.0,22.0
NQ,4h,bull (close==high),2018-06-05 06:06:00,11832.75,11834.75,11815.75,11834.75,0.10526315789473684,26.910714285714285,-8.75,13.0,16.0,20.5
NQ,4h,bull (close==high),2018-08-31 14:00:00,12289.75,12311.75,12271.0,12311.75,0.5398773006134969,31.107142857142858,1.25,-8.25,-3.0,7.25
NQ,4h,bull (close==high),2018-10-16 06:00:00,11662.5,11736.25,11657.0,11736.25,0.9305993690851735,71.73214285714286,67.5,150.0,147.5,139.75
NQ,4h,bull (close==high),2019-03-07 02:00:00,11614.25,11615.25,11601.25,11615.25,0.07142857142857142,25.357142857142858,-45.0,-47.0,-68.0,-102.5
NQ,4h,bull (close==high),2019-04-04 22:00:00,12064.25,12067.5,12055.0,12067.5,0.26,31.464285714285715,1.25,17.75,26.0,25.25
NQ,4h,bull (close==high),2019-04-05 14:00:00,12093.5,12104.0,12083.75,12104.0,0.5185185185185185,30.160714285714285,-11.25,-23.75,-22.75,-1.0
NQ,4h,bull (close==high),2019-04-11 14:00:00,12102.0,12111.25,12092.75,12111.25,0.5,24.714285714285715,-0.75,1.5,25.5,16.75
NQ,4h,bull (close==high),2019-04-12 14:00:00,12128.25,12145.25,12126.25,12145.25,0.8947368421052632,25.964285714285715,-5.25,-9.5,-2.0,-18.0
NQ,4h,bull (close==high),2019-04-22 06:00:00,12179.5,12188.5,12161.0,12188.5,0.32727272727272727,27.428571428571427,27.0,42.25,38.25,31.25
NQ,4h,bull (close==high),2019-05-03 14:00:00,12347.75,12363.75,12331.5,12363.75,0.49612403100775193,45.767857142857146,-179.0,-158.75,-182.5,-101.0
NQ,4h,bull (close==high),2019-07-04 02:00:00,12351.75,12358.5,12346.75,12358.5,0.574468085106383,28.357142857142858,5.25,8.75,2.75,-25.25
NQ,4h,bull (close==high),2019-08-22 22:00:00,12209.0,12222.75,12203.75,12222.75,0.7236842105263158,44.125,-9.0,-102.5,-247.75,-322.25
NQ,4h,bull (close==high),2019-09-27 14:00:00,12142.25,12159.75,12083.5,12159.75,0.22950819672131148,59.214285714285715,20.25,18.0,25.75,57.5
NQ,4h,bull (close==high),2019-10-16 14:00:00,12359.25,12396.25,12358.0,12396.25,0.9673202614379085,32.214285714285715,-6.25,-20.75,32.0,0.5
NQ,4h,bull (close==high),2019-11-22 14:00:00,12710.25,12725.5,12702.25,12725.5,0.6559139784946236,40.892857142857146,27.25,28.0,27.5,82.25
NQ,4h,bull (close==high),2019-12-29 18:00:00,13200.75,13222.0,13200.25,13222.0,0.9770114942528736,25.25,-3.0,-19.75,-90.25,-72.25
NQ,4h,bull (close==high),2020-01-15 22:00:00,13488.25,13500.75,13481.5,13500.75,0.6493506493506493,37.535714285714285,15.5,26.0,22.0,57.75
NQ,4h,bull (close==high),2020-02-06 14:00:00,13860.0,13881.25,13843.25,13881.25,0.5592105263157895,63.660714285714285,-26.0,-6.75,-61.75,-49.5
NQ,4h,bull (close==high),2020-03-16 18:00:00,10618.5,10859.5,10546.25,10859.5,0.7693535514764565,405.5,0.0,-200.5,-312.0,70.0
NQ,4h,bull (close==high),2020-03-20 02:00:00,10893.75,11211.25,10887.5,11211.25,0.9806949806949807,301.0357142857143,-274.75,-372.0,-708.75,-881.25
NQ,4h,bull (close==high),2020-03-24 02:00:00,10779.75,10941.75,10779.75,10941.75,1.0,274.25,-23.5,-7.75,193.75,191.75
NQ,4h,bull (close==high),2020-06-18 22:00:00,13600.25,13628.25,13595.75,13628.25,0.8615384615384616,80.75,36.5,63.0,-71.25,-64.5
NQ,4h,bull (close==high),2020-08-28 06:00:00,15554.5,15610.0,15524.75,15610.0,0.6510263929618768,85.32142857142857,-40.0,-3.75,77.25,33.25
NQ,4h,bull (close==high),2020-09-15 06:00:00,14994.25,15085.5,14970.25,15085.5,0.7917570498915402,128.19642857142858,-16.25,-20.0,-28.0,38.0
NQ,4h,bull (close==high),2020-11-30 14:00:00,15854.0,15936.75,15844.75,15936.75,0.8994565217391305,72.25,62.5,67.25,70.75,170.0
NQ,4h,bull (close==high),2021-01-19 14:00:00,16614.5,16658.5,16590.75,16658.5,0.6494464944649446,73.55357142857143,13.75,30.75,62.5,247.75
NQ,4h,bull (close==high),2021-02-12 14:00:00,17347.5,17446.5,17335.25,17446.5,0.8898876404494382,80.125,27.0,17.25,22.75,51.25
NQ,4h,bull (close==high),2021-09-06 06:00:00,19336.25,19346.0,19329.25,19346.0,0.582089552238806,44.607142857142854,-1.75,-27.75,-17.25,-60.25
NQ,4h,bull (close==high),2021-10-13 22:00:00,18465.25,18507.0,18462.25,18507.0,0.9329608938547486,94.03571428571429,31.5,93.0,183.0,203.75
NQ,4h,bull (close==high),2022-12-08 22:00:00,15226.0,15255.5,15226.0,15255.5,1.0,76.82142857142857,0.25,-83.75,-35.5,-153.75
NQ,4h,bull (close==high),2022-12-27 22:00:00,14364.25,14378.75,14354.5,14378.75,0.5979381443298969,96.57142857142857,-4.5,15.75,-111.25,-140.5
NQ,4h,bull (close==high),2023-03-28 22:00:00,16095.25,16129.5,16076.0,16129.5,0.6401869158878505,83.89285714285714,36.0,99.5,92.0,130.5
NQ,4h,bull (close==high),2023-07-06 10:00:00,18292.5,18374.25,18247.75,18374.25,0.6462450592885376,69.17857142857143,-15.75,-16.75,-18.5,35.0
NQ,4h,bull (close==high),2023-08-21 06:00:00,17975.0,18049.75,17931.25,18049.75,0.630801687763713,92.28571428571429,31.25,58.5,52.75,154.25
NQ,4h,bull (close==high),2023-11-09 06:00:00,18337.25,18365.75,18305.5,18365.75,0.4730290456431535,59.160714285714285,-80.25,-167.5,-183.0,-191.0
NQ,4h,bull (close==high),2024-04-17 02:00:00,20348.75,20421.5,20269.75,20421.5,0.4794069192751236,115.42857142857143,-38.75,-187.75,-266.5,-186.0
NQ,4h,bull (close==high),2024-05-06 06:00:00,20535.0,20601.5,20528.5,20601.5,0.910958904109589,105.53571428571429,18.75,75.75,71.75,64.75
NQ,4h,bull (close==high),2024-05-21 10:00:00,21199.5,21267.5,21193.5,21267.5,0.918918918918919,57.160714285714285,23.0,40.5,43.5,48.75
NQ,4h,bull (close==high),2024-06-18 14:00:00,22433.75,22441.0,22391.25,22441.0,0.1457286432160804,89.66071428571429,4.75,12.25,26.5,21.0
NQ,4h,bull (close==high),2025-08-17 18:00:00,25052.0,25138.5,25052.0,25138.5,1.0,90.125,-29.5,-122.0,-132.5,-93.5
NQ,4h,bull (close==high),2025-09-09 18:06:00,25150.5,25159.5,25129.75,25159.5,0.3025210084033613,78.57142857142857,14.75,3.5,23.25,-44.5
NQ,4h,bull (close==high),2025-10-27 02:00:00,26803.5,26860.0,26789.0,26860.0,0.795774647887324,116.78571428571429,9.25,87.0,164.25,121.5
NQ,4h,bull (close==high),2025-11-05 06:00:00,26433.5,26716.5,26424.5,26716.5,0.9691780821917808,189.85714285714286,168.5,33.0,19.5,56.0
NQ,4h,bull (close==high),2026-03-08 22:00:00,24770.5,25019.5,24761.0,25019.5,0.9632495164410058,265.625,161.25,112.25,352.5,729.5
NQ,4h,bull (close==high),2026-03-10 18:00:00,25771.75,25863.25,25722.5,25863.25,0.650088809946714,285.14285714285717,-57.75,-191.75,5.25,-156.75
NQ,4h,bull (close==high),2026-06-30 06:00:00,30083.0,30366.75,29997.0,30366.75,0.7674104124408384,292.32142857142856,157.75,134.0,86.75,18.25
NQ,4h,bear (close==low),2017-04-26 14:00:00,10272.5,10281.75,10263.75,10263.75,0.4861111111111111,13.142857142857142,3.75,6.0,3.75,29.25
NQ,4h,bear (close==low),2017-05-08 06:00:00,10369.25,10380.75,10368.0,10368.0,0.09803921568627451,15.660714285714286,13.0,16.0,13.5,19.25
NQ,4h,bear (close==low),2017-05-11 18:00:00,10398.75,10401.25,10391.75,10391.75,0.7368421052631579,13.482142857142858,0.25,-2.25,12.5,26.5
NQ,4h,bear (close==low),2017-06-09 10:00:00,10616.25,10627.5,10482.75,10482.75,0.9222797927461139,27.785714285714285,-16.75,-20.75,-31.25,-100.5
NQ,4h,bear (close==low),2017-07-31 22:00:00,10628.25,10628.75,10623.25,10623.25,0.9090909090909091,25.464285714285715,6.0,-12.0,-9.75,28.25
NQ,4h,bear (close==low),2017-08-07 02:00:00,10636.75,10639.5,10620.5,10620.5,0.8552631578947368,20.125,13.0,24.25,36.5,31.5
NQ,4h,bear (close==low),2017-09-01 14:00:00,10710.0,10716.75,10706.5,10706.5,0.34146341463414637,20.428571428571427,-23.5,-26.75,-20.75,-7.25
NQ,4h,bear (close==low),2017-09-06 14:27:00,10662.5,10662.5,10658.25,10658.25,1.0,22.75,-29.0,-37.75,28.25,28.5
NQ,4h,bear (close==low),2017-09-08 10:01:00,10656.5,10656.5,10629.25,10629.25,1.0,23.0,-8.75,57.25,51.75,54.25
NQ,4h,bear (close==low),2017-09-11 22:58:00,10687.5,10687.5,10683.5,10683.5,1.0,25.803571428571427,12.0,10.5,21.5,15.0
NQ,4h,bear (close==low),2017-09-12 06:10:00,10697.5,10699.25,10695.5,10695.5,0.5333333333333333,25.821428571428573,-1.5,9.5,-0.75,9.5
NQ,4h,bear (close==low),2017-09-14 10:32:00,10684.75,10697.5,10675.5,10675.5,0.42045454545454547,23.267857142857142,-11.5,-18.5,-7.0,9.5
NQ,4h,bear (close==low),2017-09-14 14:01:00,10675.0,10677.5,10664.0,10664.0,0.8148148148148148,23.035714285714285,-7.0,4.5,3.5,29.5
NQ,4h,bear (close==low),2017-09-18 20:19:00,10688.0,10688.75,10687.5,10687.5,0.4,16.285714285714285,-2.75,0.5,-8.5,5.25
NQ,4h,bear (close==low),2017-09-18 23:07:00,10685.0,10685.0,10684.75,10684.75,1.0,14.910714285714286,3.25,-5.75,7.25,4.5
NQ,4h,bear (close==low),2017-09-20 07:26:00,10694.5,10695.5,10683.5,10683.5,0.9166666666666666,12.553571428571429,-9.25,-9.5,-16.25,-44.75
NQ,4h,bear (close==low),2017-09-20 18:09:00,10672.0,10672.0,10667.25,10667.25,1.0,16.196428571428573,1.75,-28.5,-9.75,-49.75
NQ,4h,bear (close==low),2017-09-25 22:16:00,10576.0,10578.25,10570.5,10570.5,0.7096774193548387,23.196428571428573,12.0,25.5,30.5,19.5
NQ,4h,bear (close==low),2017-09-28 23:47:00,10638.25,10640.0,10637.75,10637.75,0.2222222222222222,16.214285714285715,4.5,1.5,39.25,50.75
NQ,4h,bear (close==low),2017-09-29 06:34:00,10643.0,10654.0,10639.25,10639.25,0.2542372881355932,15.875,37.75,37.25,49.25,49.75
NQ,4h,bear (close==low),2017-10-02 23:23:00,10692.5,10693.5,10691.75,10691.75,0.42857142857142855,15.035714285714286,-4.0,5.25,2.75,-1.75
NQ,4h,bear (close==low),2017-10-03 02:52:00,10689.5,10689.5,10687.75,10687.75,1.0,14.910714285714286,9.25,6.75,9.25,0.5
NQ,4h,bear (close==low),2017-10-04 05:40:00,10690.5,10690.5,10690.0,10690.0,1.0,13.607142857142858,-1.75,2.75,15.75,33.5
NQ,4h,bear (close==low),2017-10-05 22:12:00,10768.75,10768.75,10764.75,10764.75,1.0,15.321428571428571,-1.25,-9.25,-3.75,9.5
NQ,4h,bear (close==low),2017-10-06 02:16:00,10767.25,10767.25,10763.5,10763.5,1.0,15.303571428571429,-8.0,-2.5,2.0,11.5
NQ,4h,bear (close==low),2017-10-08 22:02:00,10777.25,10778.0,10775.0,10775.0,0.75,16.214285714285715,0.5,2.5,-1.5,-6.0
NQ,4h,bear (close==low),2017-10-10 02:42:00,10771.0,10775.25,10768.75,10768.75,0.34615384615384615,11.196428571428571,5.75,-11.75,-2.75,-0.75
NQ,4h,bear (close==low),2017-10-11 18:01:00,10783.5,10784.25,10779.25,10779.25,0.85,13.196428571428571,-0.5,-1.75,-1.25,-5.75
NQ,4h,bear (close==low),2017-10-11 23:50:00,10783.75,10783.75,10778.75,10778.75,1.0,12.357142857142858,-1.25,-0.75,7.25,-4.0
NQ,4h,bear (close==low),2017-10-12 02:19:00,10781.5,10781.75,10777.5,10777.5,0.9411764705882353,11.339285714285714,0.5,8.5,-4.0,-0.5
NQ,4h,bear (close==low),2017-10-12 23:56:00,10778.0,10780.5,10777.0,10777.0,0.2857142857142857,9.964285714285714,-0.5,18.5,20.5,32.5
NQ,4h,bear (close==low),2017-10-15 22:08:00,10810.0,10814.5,10809.75,10809.75,0.05263157894736842,9.821428571428571,-1.0,7.75,-0.25,7.75
NQ,4h,bear (close==low),2017-10-16 18:32:00,10818.0,10824.75,10817.5,10817.5,0.06896551724137931,10.375,1.0,-8.5,-2.5,10.25
NQ,4h,bear (close==low),2017-10-17 07:29:00,10820.5,10820.5,10809.0,10809.0,1.0,9.910714285714286,6.0,13.5,18.75,4.5
NQ,4h,bear (close==low),2017-10-18 06:00:00,10829.5,10832.25,10813.5,10813.5,0.8533333333333334,10.464285714285714,12.75,5.5,3.5,-29.5
NQ,4h,bear (close==low),2017-10-18 22:03:00,10817.5,10817.5,10812.5,10812.5,1.0,10.928571428571429,-28.5,-49.5,-29.25,10.5
NQ,4h,bear (close==low),2017-10-19 22:03:00,10822.25,10829.25,10813.75,10813.75,0.5483870967741935,19.660714285714285,-3.0,4.0,6.0,-0.5
NQ,4h,bear (close==low),2017-10-24 02:37:00,10771.25,10773.0,10763.75,10763.75,0.8108108108108109,14.410714285714286,-3.0,23.75,10.75,3.25
NQ,4h,bear (close==low),2017-10-24 18:01:00,10772.75,10775.5,10769.5,10769.5,0.5416666666666666,15.964285714285714,-2.5,-4.25,-2.75,-5.0
NQ,4h,bear (close==low),2017-10-25 02:44:00,10769.5,10769.5,10765.25,10765.25,1.0,15.267857142857142,1.5,-17.0,-0.75,-4.75
NQ,4h,bear (close==low),2017-10-25 22:06:00,10764.5,10767.75,10760.5,10760.5,0.5517241379310345,17.732142857142858,-0.25,-4.5,-14.5,33.25
NQ,4h,bear (close==low),2017-10-30 22:00:00,10932.0,10932.5,10931.5,10931.5,0.5,21.303571428571427,9.5,1.5,18.0,35.0
NQ,4h,bear (close==low),2017-11-01 06:00:00,10982.5,10984.75,10961.5,10961.5,0.9032258064516129,16.25,-22.5,-26.0,-47.25,-31.5
NQ,4h,bear (close==low),2017-11-01 14:02:00,10940.5,10955.5,10935.5,10935.5,0.25,18.267857142857142,-21.25,-9.75,-5.5,-16.0
NQ,4h,bear (close==low),2017-11-05 18:00:00,10986.25,10998.5,10969.5,10969.5,0.5775862068965517,26.535714285714285,12.75,17.5,39.25,46.0
NQ,4h,bear (close==low),2017-11-06 02:21:00,10989.5,10992.25,10987.0,10987.0,0.47619047619047616,23.803571428571427,21.75,27.0,28.5,43.0
NQ,4h,bear (close==low),2017-11-09 22:07:00,11020.5,11022.5,11010.5,11010.5,0.8333333333333334,21.267857142857142,-16.5,-9.25,-3.5,10.0
NQ,4h,bear (close==low),2017-11-12 22:47:00,11020.5,11026.5,11017.75,11017.75,0.3142857142857143,22.875,-9.75,-12.75,2.75,-4.5
NQ,4h,bear (close==low),2017-11-13 02:00:00,11016.25,11022.0,11008.0,11008.0,0.5892857142857143,23.071428571428573,-3.0,12.5,7.5,3.5
NQ,4h,bear (close==low),2017-11-19 22:14:00,11000.75,11009.75,10998.75,10998.75,0.18181818181818182,17.785714285714285,16.5,27.75,22.0,25.75
NQ,4h,bear (close==low),2017-11-20 22:53:00,11024.0,11026.5,11022.5,11022.5,0.375,14.357142857142858,15.0,54.5,62.0,68.5
NQ,4h,bear (close==low),2017-11-22 02:20:00,11088.75,11088.75,11080.5,11080.5,1.0,13.75,6.0,9.0,12.25,12.0
NQ,4h,bear (close==low),2017-11-22 22:00:00,11094.25,11096.0,11092.5,11092.5,0.5,11.678571428571429,8.0,0.75,-4.5,4.0
NQ,4h,bear (close==low),2017-11-23 06:05:00,11100.75,11100.75,11093.25,11093.25,1.0,12.428571428571429,-5.25,-2.25,3.25,11.5
NQ,4h,bear (close==low),2017-11-28 18:00:00,11128.0,11128.0,11119.75,11119.75,1.0,17.178571428571427,8.25,4.5,-31.75,-110.0
NQ,4h,bear (close==low),2018-03-06 22:13:00,11537.75,11537.75,11524.75,11524.75,1.0,49.410714285714285,42.75,92.0,93.25,115.75
NQ,4h,bear (close==low),2018-03-07 21:00:00,11627.0,11627.0,11618.0,11618.0,1.0,48.857142857142854,44.5,22.5,48.75,129.75
NQ,4h,bear (close==low),2018-03-12 07:54:00,11827.75,11827.75,11817.75,11817.75,1.0,40.25,25.0,15.75,55.5,-63.0
NQ,4h,bear (close==low),2018-03-12 15:24:00,11837.75,11846.25,11833.5,11833.5,0.3333333333333333,34.5,39.75,-45.75,-78.75,-72.25
NQ,4h,bear (close==low),2018-03-14 14:18:00,11760.75,11766.75,11730.25,11730.25,0.8356164383561644,45.160714285714285,-27.5,3.5,1.0,11.0
NQ,4h,bear (close==low),2018-03-14 18:22:00,11732.75,11742.5,11702.75,11702.75,0.7547169811320755,44.714285714285715,31.0,28.5,16.0,38.0
NQ,4h,bear (close==low),2018-03-15 10:10:00,11744.5,11769.25,11718.75,11718.75,0.5099009900990099,42.517857142857146,22.5,22.0,34.25,-3.0
NQ,4h,bear (close==low),2018-03-16 10:20:00,11753.5,11755.25,11709.25,11709.25,0.9619565217391305,43.357142857142854,6.5,-27.75,-48.0,-80.0
NQ,4h,bear (close==low),2018-03-20 02:39:00,11574.75,11578.75,11549.0,11549.0,0.865546218487395,39.75,28.75,5.25,43.25,18.0
NQ,4h,bear (close==low),2018-03-21 22:46:00,11564.0,11564.0,11558.75,11558.75,1.0,38.19642857142857,-86.5,-91.0,-84.5,-254.0
NQ,4h,bear (close==low),2018-03-22 02:35:00,11556.5,11556.5,11472.25,11472.25,1.0,37.910714285714285,-4.5,2.0,-112.5,-171.75
NQ,4h,bear (close==low),2018-03-26 22:15:00,11472.75,11472.75,11472.25,11472.25,1.0,71.375,39.0,0.0,-109.0,-221.0
NQ,4h,bear (close==low),2018-03-27 22:06:00,11239.75,11245.25,11177.75,11177.75,0.9185185185185185,74.42857142857143,12.0,17.0,10.0,-22.5
NQ,4h,bear (close==low),2018-03-29 14:00:00,11267.75,11319.75,11238.25,11238.25,0.3619631901840491,91.875,-1.5,-9.5,-20.0,-215.25
NQ,4h,bear (close==low),2018-04-01 22:30:00,11231.75,11235.25,11228.75,11228.75,0.46153846153846156,70.85714285714286,-10.5,-51.75,-205.75,-130.0
NQ,4h,bear (close==low),2018-04-02 10:00:00,11172.75,11173.75,11023.0,11023.0,0.9933665008291874,74.125,58.75,75.75,52.25,54.75
NQ,4h,bear (close==low),2018-04-03 00:31:00,11087.75,11087.75,11075.25,11075.25,1.0,58.19642857142857,12.0,2.5,18.25,32.5
NQ,4h,bear (close==low),2018-04-03 22:41:00,11106.75,11106.75,11096.75,11096.75,1.0,56.857142857142854,-78.5,-34.25,28.25,182.0
NQ,4h,bear (close==low),2018-04-06 10:00:00,11255.0,11255.75,11134.75,11134.75,0.993801652892562,72.32142857142857,-17.0,20.25,43.0,70.0
NQ,4h,bear (close==low),2018-04-11 22:15:00,11276.75,11281.25,11269.25,11269.25,0.625,47.482142857142854,-3.25,69.0,48.25,45.5
NQ,4h,bear (close==low),2018-04-12 18:00:00,11334.25,11335.5,11314.75,11314.75,0.9397590361445783,39.660714285714285,9.0,19.0,28.0,-10.0
NQ,4h,bear (close==low),2018-04-15 18:00:00,11333.75,11359.75,11332.25,11332.25,0.05454545454545454,39.67857142857143,-7.75,15.5,-22.5,37.5
NQ,4h,bear (close==low),2018-04-16 06:03:00,11348.0,11357.75,11309.75,11309.75,0.796875,40.125,59.5,60.0,62.0,88.75
NQ,4h,bear (close==low),2018-04-17 20:33:00,11508.75,11512.25,11507.75,11507.75,0.2222222222222222,39.285714285714285,-4.0,1.0,-19.0,0.0
NQ,4h,bear (close==low),2018-04-18 22:48:00,11528.75,11528.75,11521.25,11521.25,1.0,27.928571428571427,-18.5,-49.5,-82.5,-73.5
NQ,4h,bear (close==low),2018-04-19 22:26:00,11449.25,11449.25,11439.75,11439.75,1.0,29.160714285714285,-16.75,-47.5,-88.5,-82.0
NQ,4h,bear (close==low),2018-04-24 18:07:00,11191.75,11196.5,11175.75,11175.75,0.7710843373493976,48.80357142857143,3.5,-14.75,-70.0,51.0
NQ,4h,bear (close==low),2018-04-25 06:01:00,11164.25,11187.25,11105.75,11105.75,0.7177914110429447,51.92857142857143,78.25,121.0,156.0,145.5
NQ,4h,bear (close==low),2018-04-26 18:03:00,11410.25,11413.25,11396.25,11396.25,0.8235294117647058,50.57142857142857,16.0,6.5,-53.5,-66.5
NQ,4h,bear (close==low),2018-04-30 14:08:00,11277.75,11301.75,11263.25,11263.25,0.37662337662337664,44.767857142857146,13.75,20.0,-4.5,32.0
NQ,4h,bear (close==low),2018-05-01 02:13:00,11281.5,11283.25,11258.75,11258.75,0.9285714285714286,36.642857142857146,19.25,36.5,117.0,109.75
NQ,4h,bear (close==low),2018-05-02 14:00:00,11352.75,11380.75,11288.75,11288.75,0.6956521739130435,47.910714285714285,4.0,8.75,21.0,20.5
NQ,4h,bear (close==low),2018-05-03 18:02:00,11329.75,11330.75,11302.25,11302.25,0.9649122807017544,46.785714285714285,26.5,11.25,17.5,139.5
NQ,4h,bear (close==low),2018-05-08 18:09:00,11487.75,11487.75,11480.25,11480.25,1.0,29.178571428571427,5.5,27.5,12.0,80.0
NQ,4h,bear (close==low),2018-05-10 04:06:00,11573.0,11573.0,11564.25,11564.25,1.0,27.732142857142858,25.5,47.0,49.5,64.5
NQ,4h,bear (close==low),2018-05-14 22:00:00,11631.25,11631.25,11617.75,11617.75,1.0,22.732142857142858,6.0,-91.0,-100.0,-68.0
NQ,4h,bear (close==low),2018-05-15 10:00:00,11523.5,11570.25,11517.75,11517.75,0.10952380952380952,31.982142857142858,35.25,32.0,39.0,68.25
NQ,4h,bear (close==low),2018-05-16 18:10:00,11598.75,11606.0,11596.25,11596.25,0.2564102564102564,29.428571428571427,-14.5,-20.0,-18.5,-27.5
NQ,4h,bear (close==low),2018-05-16 22:10:00,11595.75,11600.5,11581.75,11581.75,0.7466666666666667,29.464285714285715,-5.5,-4.0,-27.75,11.0
NQ,4h,bear (close==low),2018-05-17 10:01:00,11587.75,11623.25,11554.0,11554.0,0.48736462093862815,34.125,14.75,38.75,36.0,-11.25
NQ,4h,bear (close==low),2018-05-20 22:00:00,11594.75,11596.75,11586.75,11586.75,0.8,29.892857142857142,-2.0,24.0,-9.0,-12.5
NQ,4h,bear (close==low),2018-05-22 18:05:00,11569.25,11569.25,11541.0,11541.0,1.0,30.107142857142858,0.5,-43.25,-3.5,78.0
NQ,4h,bear (close==low),2018-05-23 18:06:00,11619.25,11620.25,11588.25,11588.25,0.96875,32.17857142857143,9.5,44.5,-10.5,31.75
NQ,4h,bear (close==low),2018-05-28 18:03:00,11653.25,11656.75,11633.75,11633.75,0.8478260869565217,26.642857142857142,-6.0,-46.5,-8.0,-24.75
NQ,4h,bear (close==low),2018-05-28 22:00:00,11636.0,11639.25,11627.75,11627.75,0.717391304347826,22.267857142857142,-40.5,-2.0,-41.0,-23.0
NQ,4h,bear (close==low),2018-05-30 06:10:00,11630.25,11639.75,11609.75,11609.75,0.6833333333333333,32.785714285714285,32.75,38.25,29.5,44.5
NQ,4h,bear (close==low),2018-06-26 18:00:00,11736.0,11757.25,11730.25,11730.25,0.21296296296296297,49.089285714285715,-6.25,-36.0,47.25,-93.25
NQ,4h,bear (close==low),2018-09-12 06:00:00,12163.25,12168.75,12103.5,12103.5,0.9157088122605364,36.67857142857143,8.25,16.25,21.5,-35.5
NQ,4h,bear (close==low),2018-09-21 14:00:00,12134.75,12134.75,12093.25,12093.25,1.0,29.767857142857142,-29.5,-28.25,-28.5,25.75
NQ,4h,bear (close==low),2018-12-05 06:00:00,11398.25,11407.5,11349.0,11349.0,0.8418803418803419,64.125,-100.0,-116.0,-158.25,-11.0
NQ,4h,bear (close==low),2018-12-14 14:00:00,11176.75,11189.25,11127.75,11127.75,0.7967479674796748,63.69642857142857,47.25,40.75,20.75,-93.5
NQ,4h,bear (close==low),2019-05-06 14:00:00,12263.0,12308.75,12230.25,12230.25,0.4171974522292994,62.75,15.0,10.25,23.75,-116.0
NQ,4h,bear (close==low),2019-06-03 06:00:00,11589.0,11623.75,11543.75,11543.75,0.565625,47.089285714285715,-48.75,-43.75,-64.0,-19.5
NQ,4h,bear (close==low),2019-07-26 14:00:00,12497.75,12506.0,12480.5,12480.5,0.6764705882352942,38.089285714285715,-4.25,-6.5,-0.5,-23.0
NQ,4h,bear (close==low),2019-11-19 14:00:00,12789.75,12805.5,12776.75,12776.75,0.45217391304347826,33.32142857142857,-27.5,-18.75,-31.0,-69.25
NQ,4h,bear (close==low),2020-01-28 22:00:00,13556.5,13568.5,13546.0,13546.0,0.4666666666666667,65.16071428571429,14.75,-23.25,8.25,-62.25
NQ,4h,bear (close==low),2020-03-08 18:00:00,12786.25,12792.25,12510.5,12510.5,0.9787045252883763,162.14285714285714,0.0,0.0,-22.75,-178.25
NQ,4h,bear (close==low),2020-03-11 18:00:00,11570.0,11676.75,11188.75,11188.75,0.78125,295.39285714285717,80.25,13.5,-54.5,-456.0
NQ,4h,bear (close==low),2020-03-15 18:00:00,11502.0,11502.25,11123.25,11123.25,0.9993403693931399,406.2857142857143,-320.25,-265.75,-509.0,-263.75
NQ,4h,bear (close==low),2020-03-17 22:00:00,10721.25,10850.25,10646.5,10646.5,0.36687116564417177,357.67857142857144,153.5,-171.0,177.25,-38.25
NQ,4h,bear (close==low),2020-12-09 10:00:00,16260.5,16260.75,15961.5,15961.5,0.9991645781119465,66.96428571428571,15.25,20.5,-20.75,37.75
NQ,4h,bear (close==low),2021-04-23 14:00:00,17583.25,17613.0,17535.5,17535.5,0.6161290322580645,77.39285714285714,34.0,11.0,-19.75,90.0
NQ,4h,bear (close==low),2021-07-13 22:00:00,18523.25,18525.75,18495.75,18495.75,0.9166666666666666,59.607142857142854,63.5,92.0,57.25,38.75
NQ,4h,bear (close==low),2022-03-10 02:00:00,17358.25,17372.5,17235.25,17235.25,0.8961748633879781,202.25,-6.5,-58.5,-9.75,4.75
NQ,4h,bear (close==low),2023-04-04 18:00:00,16543.5,16560.75,16536.75,16536.75,0.28125,79.14285714285714,-4.25,-33.0,-85.75,-150.75
NQ,4h,bear (close==low),2023-09-05 18:01:00,18654.5,18672.75,18635.5,18635.5,0.5100671140939598,62.410714285714285,20.5,-15.5,-11.0,-112.5
NQ,4h,bear (close==low),2025-03-26 02:00:00,21966.5,22004.75,21939.25,21939.25,0.41603053435114506,84.875,-116.25,-349.0,-342.25,-318.25
NQ,4h,bear (close==low),2026-03-13 14:00:00,25137.75,25233.25,25095.75,25095.75,0.3054545454545455,200.26785714285714,183.25,228.5,160.75,353.0
NQ,1d,bull (close==high),2017-09-07 07:21:00,10667.5,10673.5,10661.75,10673.5,0.5106382978723404,58.910714285714285,-53.0,13.25,31.5,-9.5
NQ,1d,bull (close==high),2017-09-11 22:58:00,10687.5,10705.0,10670.75,10705.0,0.5109489051094891,57.267857142857146,0.0,-41.0,-11.5,-12.25
NQ,1d,bull (close==high),2017-09-12 22:39:00,10694.75,10705.0,10677.75,10705.0,0.3761467889908257,54.142857142857146,-41.0,-11.5,-20.5,-31.0
NQ,1d,bull (close==high),2017-10-15 18:04:00,10804.5,10821.0,10799.0,10821.0,0.75,39.214285714285715,1.5,-2.0,-22.5,-58.75
NQ,1d,bull (close==high),2018-03-07 21:00:00,11627.0,11666.75,11618.0,11666.75,0.8153846153846154,122.80357142857143,122.0,166.75,88.0,74.5
NQ,1d,bull (close==high),2018-03-08 19:11:00,11665.0,11788.75,11665.0,11788.75,1.0,127.26785714285714,44.75,-34.0,-58.5,-73.0
NQ,1d,bull (close==high),2019-04-04 18:00:00,12056.25,12104.0,12047.25,12104.0,0.8414096916299559,100.375,14.0,-24.0,31.5,41.25
NQ,1d,bull (close==high),2019-05-02 18:00:00,12230.25,12363.75,12226.0,12363.75,0.969147005444646,87.82142857142857,-133.5,-202.0,-230.0,-261.25
NQ,1d,bull (close==high),2020-02-05 18:00:00,13807.25,13881.25,13779.75,13881.25,0.729064039408867,156.82142857142858,-63.5,62.0,68.75,161.25
NQ,1d,bull (close==high),2021-01-18 18:00:00,16437.75,16658.5,16436.5,16658.5,0.9943693693693694,211.94642857142858,257.75,364.25,322.5,519.5
NQ,1d,bull (close==high),2021-02-11 18:00:00,17337.0,17446.5,17271.75,17446.5,0.6266094420600858,277.75,51.25,-65.5,-121.5,-247.75
NQ,1d,bear (close==low),2017-04-25 18:00:00,10275.5,10291.25,10263.75,10263.75,0.42727272727272725,,51.5,46.0,97.0,75.25
NQ,1d,bear (close==low),2017-09-06 14:27:00,10662.5,10662.5,10658.25,10658.25,1.0,62.285714285714285,15.25,-37.75,28.5,46.75
NQ,1d,bear (close==low),2018-05-01 18:54:00,11379.0,11388.25,11288.75,11288.75,0.907035175879397,131.26785714285714,37.25,153.0,200.0,271.5
NQ,1d,bear (close==low),2018-09-20 18:00:00,12154.75,12183.25,12093.25,12093.25,0.6833333333333333,108.25,43.5,51.0,42.75,120.75
NQ,1d,bear (close==low),2018-12-13 18:00:00,11294.5,11306.75,11127.75,11127.75,0.9315642458100558,167.28571428571428,-114.0,-145.5,-258.25,-526.5
NQ,1d,bear (close==low),2026-03-12 18:00:00,25335.25,25569.25,25095.75,25095.75,0.5058078141499472,533.5178571428571,328.25,483.5,62.25,-326.75
